Universite,Bolum,Sehir,Puan Turu,Taban Puan,Tavan Puan,Kontenjan,Yerlesen,Basari Sirasi
Boğaziçi Üniversitesi,Bilgisayar Mühendisliği,İstanbul,SAY,551.25,559.45,70,70,100
Boğaziçi Üniversitesi,Elektrik-Elektronik Mühendisliği,İstanbul,SAY,543.9,557.31,60,60,100
Boğaziçi Üniversitesi,Makine Mühendisliği,İstanbul,SAY,537.6,545.84,80,80,100
Boğaziçi Üniversitesi,İnşaat Mühendisliği,İstanbul,SAY,530.25,539.84,80,80,100
Boğaziçi Üniversitesi,Endüstri Mühendisliği,İstanbul,SAY,535.5,548.21,40,40,100
Boğaziçi Üniversitesi,Kimya Mühendisliği,İstanbul,SAY,525.0,538.59,50,50,100
Boğaziçi Üniversitesi,Mekatronik Mühendisliği,İstanbul,SAY,519.75,530.44,50,50,100
Boğaziçi Üniversitesi,Yazılım Mühendisliği,İstanbul,SAY,522.9,535.73,60,60,112
Boğaziçi Üniversitesi,Yapay Zeka Mühendisliği,İstanbul,SAY,546.0,561.78,40,40,100
Boğaziçi Üniversitesi,Biyomedikal Mühendisliği,İstanbul,SAY,514.5,527.45,40,40,130
Boğaziçi Üniversitesi,Çevre Mühendisliği,İstanbul,SAY,504.0,512.37,50,50,128
Boğaziçi Üniversitesi,Gıda Mühendisliği,İstanbul,SAY,495.6,505.46,50,50,143
Boğaziçi Üniversitesi,Jeoloji Mühendisliği,İstanbul,SAY,485.1,496.02,30,30,193
Boğaziçi Üniversitesi,Maden Mühendisliği,İstanbul,SAY,477.75,493.24,40,40,247
Boğaziçi Üniversitesi,Metalurji ve Malzeme Mühendisliği,İstanbul,SAY,480.9,494.73,30,30,197
Boğaziçi Üniversitesi,Tekstil Mühendisliği,İstanbul,SAY,472.5,485.62,40,40,272
Boğaziçi Üniversitesi,Fizik,İstanbul,SAY,493.5,507.71,40,40,156
Boğaziçi Üniversitesi,Kimya,İstanbul,SAY,488.25,498.39,70,70,171
Boğaziçi Üniversitesi,Matematik,İstanbul,SAY,498.75,509.27,50,50,161
Boğaziçi Üniversitesi,İstatistik,İstanbul,SAY,495.6,507.27,50,50,151
Boğaziçi Üniversitesi,Biyoloji,İstanbul,SAY,483.0,493.1,60,60,215
Boğaziçi Üniversitesi,Moleküler Biyoloji ve Genetik,İstanbul,SAY,512.4,522.15,40,40,140
Boğaziçi Üniversitesi,Tıp,İstanbul,SAY,569.1,577.48,80,80,100
Boğaziçi Üniversitesi,Veteriner,İstanbul,SAY,519.75,531.13,30,30,100
Boğaziçi Üniversitesi,Hemşirelik,İstanbul,SAY,491.4,503.63,90,90,202
Boğaziçi Üniversitesi,Ebelik,İstanbul,SAY,474.6,488.37,40,40,268
Boğaziçi Üniversitesi,Fizyoterapi ve Rehabilitasyon,İstanbul,SAY,501.9,515.03,30,30,128
Boğaziçi Üniversitesi,Beslenme ve Diyetetik,İstanbul,SAY,495.6,511.23,30,30,181
Boğaziçi Üniversitesi,Şehir ve Bölge Planlama,İstanbul,SAY,501.9,511.33,40,40,162
Boğaziçi Üniversitesi,Peyzaj Mimarlığı,İstanbul,SAY,485.1,498.21,30,30,207
Boğaziçi Üniversitesi,Orman Mühendisliği,İstanbul,SAY,474.6,486.92,40,40,276
Boğaziçi Üniversitesi,Ziraat Mühendisliği,İstanbul,SAY,470.4,480.99,70,70,242
Boğaziçi Üniversitesi,Tarım Ekonomisi,İstanbul,SAY,462.0,476.65,30,30,335
Boğaziçi Üniversitesi,İşletme,İstanbul,EA,519.75,535.33,70,70,100
Boğaziçi Üniversitesi,İktisat,İstanbul,EA,514.5,528.58,60,60,127
Boğaziçi Üniversitesi,Maliye,İstanbul,EA,504.0,516.4,60,60,130
Boğaziçi Üniversitesi,Kamu Yönetimi,İstanbul,EA,498.75,508.44,60,60,155
Boğaziçi Üniversitesi,Uluslararası İlişkiler,İstanbul,EA,522.9,533.39,60,60,118
Boğaziçi Üniversitesi,Siyaset Bilimi ve Kamu Yönetimi,İstanbul,EA,512.4,524.54,50,50,108
Boğaziçi Üniversitesi,Çalışma Ekonomisi ve Endüstri İlişkileri,İstanbul,EA,493.5,506.21,30,30,156
Boğaziçi Üniversitesi,Uluslararası Ticaret ve Lojistik,İstanbul,EA,501.9,514.95,60,60,133
Boğaziçi Üniversitesi,Bankacılık ve Finans,İstanbul,EA,506.1,514.67,60,60,124
Boğaziçi Üniversitesi,Muhasebe ve Finansal Yönetim,İstanbul,EA,491.4,500.46,60,60,200
Boğaziçi Üniversitesi,Turizm İşletmeciliği,İstanbul,EA,477.75,492.03,50,50,258
Boğaziçi Üniversitesi,Gastronomi ve Mutfak Sanatları,İstanbul,EA,470.4,481.85,30,30,276
Boğaziçi Üniversitesi,Sosyoloji,İstanbul,EA,485.1,498.49,50,50,230
Boğaziçi Üniversitesi,Psikoloji,İstanbul,EA,522.9,533.61,50,50,114
Boğaziçi Üniversitesi,Tarih,İstanbul,EA,477.75,489.34,50,50,231
Boğaziçi Üniversitesi,Coğrafya,İstanbul,EA,464.1,479.49,40,40,329
Boğaziçi Üniversitesi,Felsefe,İstanbul,EA,483.0,491.4,40,40,241
Boğaziçi Üniversitesi,Arkeoloji,İstanbul,EA,474.6,490.01,30,30,281
Boğaziçi Üniversitesi,Sanat Tarihi,İstanbul,EA,470.4,480.11,30,30,274
Boğaziçi Üniversitesi,Sosyal Hizmet,İstanbul,EA,485.1,500.98,60,60,186
Boğaziçi Üniversitesi,Türk Dili ve Edebiyatı,İstanbul,SÖZ,485.1,496.48,70,70,228
Boğaziçi Üniversitesi,Türk Dili ve Edebiyatı Öğretmenliği,İstanbul,SÖZ,491.4,505.15,30,30,158
Boğaziçi Üniversitesi,İngilizce Öğretmenliği,İstanbul,SÖZ,498.75,511.38,40,40,155
Boğaziçi Üniversitesi,Almanca Öğretmenliği,İstanbul,SÖZ,477.75,490.42,30,30,237
Boğaziçi Üniversitesi,Fransızca Öğretmenliği,İstanbul,SÖZ,474.6,490.29,20,20,222
Boğaziçi Üniversitesi,Rehberlik ve Psikolojik Danışmanlık,İstanbul,SÖZ,504.0,517.4,30,30,128
Boğaziçi Üniversitesi,Okul Öncesi Öğretmenliği,İstanbul,SÖZ,485.1,495.07,60,60,206
Boğaziçi Üniversitesi,Sınıf Öğretmenliği,İstanbul,SÖZ,491.4,504.07,70,70,178
Boğaziçi Üniversitesi,İlahiyat,İstanbul,SÖZ,470.4,484.13,70,70,260
Boğaziçi Üniversitesi,Arap Dili ve Edebiyatı,İstanbul,SÖZ,462.0,472.4,40,40,336
Boğaziçi Üniversitesi,İngiliz Dili ve Edebiyatı,İstanbul,SÖZ,493.5,505.17,40,40,195
Boğaziçi Üniversitesi,Fransız Dili ve Edebiyatı,İstanbul,SÖZ,472.5,482.21,30,30,249
Boğaziçi Üniversitesi,Alman Dili ve Edebiyatı,İstanbul,SÖZ,470.4,485.43,20,20,271
Boğaziçi Üniversitesi,Japon Dili ve Edebiyatı,İstanbul,SÖZ,480.9,494.53,30,30,227
Boğaziçi Üniversitesi,Çin Dili ve Edebiyatı,İstanbul,SÖZ,477.75,485.81,20,20,259
Boğaziçi Üniversitesi,Gazetecilik,İstanbul,SÖZ,488.25,503.76,50,50,167
Boğaziçi Üniversitesi,Radyo Televizyon ve Sinema,İstanbul,SÖZ,485.1,497.53,60,60,187
Boğaziçi Üniversitesi,Halkla İlişkiler ve Tanıtım,İstanbul,SÖZ,480.9,490.53,50,50,228
Boğaziçi Üniversitesi,İletişim Tasarımı,İstanbul,SÖZ,483.0,498.24,30,30,231
İstanbul Teknik Üniversitesi,Bilgisayar Mühendisliği,İstanbul,SAY,551.25,561.46,80,80,100
İstanbul Teknik Üniversitesi,Elektrik-Elektronik Mühendisliği,İstanbul,SAY,543.9,554.0,80,80,100
İstanbul Teknik Üniversitesi,Makine Mühendisliği,İstanbul,SAY,537.6,545.68,90,90,100
İstanbul Teknik Üniversitesi,İnşaat Mühendisliği,İstanbul,SAY,530.25,542.61,80,80,102
İstanbul Teknik Üniversitesi,Endüstri Mühendisliği,İstanbul,SAY,535.5,544.52,60,60,100
İstanbul Teknik Üniversitesi,Kimya Mühendisliği,İstanbul,SAY,525.0,539.89,50,50,111
İstanbul Teknik Üniversitesi,Mekatronik Mühendisliği,İstanbul,SAY,519.75,528.57,60,60,117
İstanbul Teknik Üniversitesi,Yazılım Mühendisliği,İstanbul,SAY,522.9,535.87,70,70,100
İstanbul Teknik Üniversitesi,Yapay Zeka Mühendisliği,İstanbul,SAY,546.0,561.81,40,40,100
İstanbul Teknik Üniversitesi,Biyomedikal Mühendisliği,İstanbul,SAY,514.5,528.39,40,40,112
İstanbul Teknik Üniversitesi,Havacılık ve Uzay Mühendisliği,İstanbul,SAY,540.75,555.66,30,30,100
İstanbul Teknik Üniversitesi,Çevre Mühendisliği,İstanbul,SAY,504.0,512.86,60,60,155
İstanbul Teknik Üniversitesi,Gıda Mühendisliği,İstanbul,SAY,495.6,510.13,50,50,161
İstanbul Teknik Üniversitesi,Jeoloji Mühendisliği,İstanbul,SAY,485.1,494.92,30,30,172
İstanbul Teknik Üniversitesi,Maden Mühendisliği,İstanbul,SAY,477.75,492.66,30,30,270
İstanbul Teknik Üniversitesi,Metalurji ve Malzeme Mühendisliği,İstanbul,SAY,480.9,492.1,40,40,251
İstanbul Teknik Üniversitesi,Petrol ve Doğalgaz Mühendisliği,İstanbul,SAY,491.4,500.32,30,30,201
İstanbul Teknik Üniversitesi,Tekstil Mühendisliği,İstanbul,SAY,472.5,482.62,30,30,236
İstanbul Teknik Üniversitesi,Fizik,İstanbul,SAY,493.5,504.01,60,60,175
İstanbul Teknik Üniversitesi,Kimya,İstanbul,SAY,488.25,500.86,60,60,174
İstanbul Teknik Üniversitesi,Matematik,İstanbul,SAY,498.75,514.15,60,60,155
İstanbul Teknik Üniversitesi,İstatistik,İstanbul,SAY,495.6,508.97,40,40,156
İstanbul Teknik Üniversitesi,Biyoloji,İstanbul,SAY,483.0,493.64,60,60,198
İstanbul Teknik Üniversitesi,Moleküler Biyoloji ve Genetik,İstanbul,SAY,512.4,522.8,30,30,115
İstanbul Teknik Üniversitesi,Veteriner,İstanbul,SAY,519.75,530.12,30,30,100
İstanbul Teknik Üniversitesi,Hemşirelik,İstanbul,SAY,491.4,504.82,80,80,198
İstanbul Teknik Üniversitesi,Ebelik,İstanbul,SAY,474.6,486.98,30,30,216
İstanbul Teknik Üniversitesi,Fizyoterapi ve Rehabilitasyon,İstanbul,SAY,501.9,514.54,30,30,151
İstanbul Teknik Üniversitesi,Beslenme ve Diyetetik,İstanbul,SAY,495.6,505.31,40,40,161
İstanbul Teknik Üniversitesi,Mimarlık,İstanbul,SAY,522.9,532.26,60,60,100
İstanbul Teknik Üniversitesi,Şehir ve Bölge Planlama,İstanbul,SAY,501.9,512.58,40,40,158
İstanbul Teknik Üniversitesi,Peyzaj Mimarlığı,İstanbul,SAY,485.1,494.9,30,30,182
İstanbul Teknik Üniversitesi,Orman Mühendisliği,İstanbul,SAY,474.6,486.4,30,30,281
İstanbul Teknik Üniversitesi,Ziraat Mühendisliği,İstanbul,SAY,470.4,483.44,60,60,257
İstanbul Teknik Üniversitesi,Tarım Ekonomisi,İstanbul,SAY,462.0,471.95,30,30,372
İstanbul Teknik Üniversitesi,İşletme,İstanbul,EA,519.75,533.91,70,70,100
İstanbul Teknik Üniversitesi,İktisat,İstanbul,EA,514.5,530.16,60,60,118
İstanbul Teknik Üniversitesi,Maliye,İstanbul,EA,504.0,518.79,60,60,138
İstanbul Teknik Üniversitesi,Kamu Yönetimi,İstanbul,EA,498.75,514.65,70,70,158
İstanbul Teknik Üniversitesi,Uluslararası İlişkiler,İstanbul,EA,522.9,535.8,60,60,109
İstanbul Teknik Üniversitesi,Siyaset Bilimi ve Kamu Yönetimi,İstanbul,EA,512.4,524.78,60,60,136
İstanbul Teknik Üniversitesi,Çalışma Ekonomisi ve Endüstri İlişkileri,İstanbul,EA,493.5,503.57,40,40,157
İstanbul Teknik Üniversitesi,Uluslararası Ticaret ve Lojistik,İstanbul,EA,501.9,514.07,50,50,150
İstanbul Teknik Üniversitesi,Bankacılık ve Finans,İstanbul,EA,506.1,516.39,50,50,125
İstanbul Teknik Üniversitesi,Muhasebe ve Finansal Yönetim,İstanbul,EA,491.4,500.51,60,60,162
İstanbul Teknik Üniversitesi,Turizm İşletmeciliği,İstanbul,EA,477.75,486.26,60,60,230
İstanbul Teknik Üniversitesi,Gastronomi ve Mutfak Sanatları,İstanbul,EA,470.4,480.05,40,40,276
İstanbul Teknik Üniversitesi,Sosyoloji,İstanbul,EA,485.1,498.66,60,60,222
İstanbul Teknik Üniversitesi,Psikoloji,İstanbul,EA,522.9,530.95,60,60,100
İstanbul Teknik Üniversitesi,Tarih,İstanbul,EA,477.75,493.38,60,60,231
İstanbul Teknik Üniversitesi,Coğrafya,İstanbul,EA,464.1,476.93,30,30,306
İstanbul Teknik Üniversitesi,Felsefe,İstanbul,EA,483.0,491.23,40,40,199
İstanbul Teknik Üniversitesi,Arkeoloji,İstanbul,EA,474.6,483.92,30,30,252
İstanbul Teknik Üniversitesi,Sanat Tarihi,İstanbul,EA,470.4,478.62,40,40,274
İstanbul Teknik Üniversitesi,Sosyal Hizmet,İstanbul,EA,485.1,498.24,50,50,179
İstanbul Teknik Üniversitesi,Türk Dili ve Edebiyatı,İstanbul,SÖZ,485.1,496.13,50,50,183
İstanbul Teknik Üniversitesi,Türk Dili ve Edebiyatı Öğretmenliği,İstanbul,SÖZ,491.4,502.43,40,40,190
İstanbul Teknik Üniversitesi,İngilizce Öğretmenliği,İstanbul,SÖZ,498.75,507.41,40,40,131
İstanbul Teknik Üniversitesi,Almanca Öğretmenliği,İstanbul,SÖZ,477.75,488.55,30,30,247
İstanbul Teknik Üniversitesi,Fransızca Öğretmenliği,İstanbul,SÖZ,474.6,488.63,20,20,289
İstanbul Teknik Üniversitesi,Rehberlik ve Psikolojik Danışmanlık,İstanbul,SÖZ,504.0,513.22,40,40,124
İstanbul Teknik Üniversitesi,Okul Öncesi Öğretmenliği,İstanbul,SÖZ,485.1,494.84,60,60,213
İstanbul Teknik Üniversitesi,Sınıf Öğretmenliği,İstanbul,SÖZ,491.4,504.26,50,50,190
İstanbul Teknik Üniversitesi,İlahiyat,İstanbul,SÖZ,470.4,486.12,60,60,249
İstanbul Teknik Üniversitesi,Arap Dili ve Edebiyatı,İstanbul,SÖZ,462.0,475.42,30,30,404
İstanbul Teknik Üniversitesi,İngiliz Dili ve Edebiyatı,İstanbul,SÖZ,493.5,502.11,40,40,179
İstanbul Teknik Üniversitesi,Fransız Dili ve Edebiyatı,İstanbul,SÖZ,472.5,486.68,30,30,296
İstanbul Teknik Üniversitesi,Alman Dili ve Edebiyatı,İstanbul,SÖZ,470.4,486.27,20,20,306
İstanbul Teknik Üniversitesi,Japon Dili ve Edebiyatı,İstanbul,SÖZ,480.9,491.86,20,20,220
İstanbul Teknik Üniversitesi,Çin Dili ve Edebiyatı,İstanbul,SÖZ,477.75,492.33,30,30,208
İstanbul Teknik Üniversitesi,Gazetecilik,İstanbul,SÖZ,488.25,502.88,50,50,199
İstanbul Teknik Üniversitesi,Radyo Televizyon ve Sinema,İstanbul,SÖZ,485.1,500.82,60,60,187
İstanbul Teknik Üniversitesi,Halkla İlişkiler ve Tanıtım,İstanbul,SÖZ,480.9,492.77,60,60,215
İstanbul Teknik Üniversitesi,İletişim Tasarımı,İstanbul,SÖZ,483.0,497.81,30,30,230
Orta Doğu Teknik Üniversitesi,Bilgisayar Mühendisliği,Ankara,SAY,551.25,561.2,80,80,100
Orta Doğu Teknik Üniversitesi,Elektrik-Elektronik Mühendisliği,Ankara,SAY,543.9,552.13,60,60,100
Orta Doğu Teknik Üniversitesi,Makine Mühendisliği,Ankara,SAY,537.6,551.98,90,90,100
Orta Doğu Teknik Üniversitesi,İnşaat Mühendisliği,Ankara,SAY,530.25,540.46,90,90,100
Orta Doğu Teknik Üniversitesi,Endüstri Mühendisliği,Ankara,SAY,535.5,549.26,60,60,100
Orta Doğu Teknik Üniversitesi,Kimya Mühendisliği,Ankara,SAY,525.0,538.17,60,60,100
Orta Doğu Teknik Üniversitesi,Mekatronik Mühendisliği,Ankara,SAY,519.75,529.52,50,50,114
Orta Doğu Teknik Üniversitesi,Yazılım Mühendisliği,Ankara,SAY,522.9,534.69,50,50,103
Orta Doğu Teknik Üniversitesi,Yapay Zeka Mühendisliği,Ankara,SAY,546.0,556.65,30,30,100
Orta Doğu Teknik Üniversitesi,Biyomedikal Mühendisliği,Ankara,SAY,514.5,523.47,30,30,107
Orta Doğu Teknik Üniversitesi,Havacılık ve Uzay Mühendisliği,Ankara,SAY,540.75,554.85,30,30,100
Orta Doğu Teknik Üniversitesi,Çevre Mühendisliği,Ankara,SAY,504.0,517.8,60,60,160
Orta Doğu Teknik Üniversitesi,Gıda Mühendisliği,Ankara,SAY,495.6,504.4,50,50,148
Orta Doğu Teknik Üniversitesi,Jeoloji Mühendisliği,Ankara,SAY,485.1,493.21,30,30,203
Orta Doğu Teknik Üniversitesi,Maden Mühendisliği,Ankara,SAY,477.75,490.18,30,30,251
Orta Doğu Teknik Üniversitesi,Metalurji ve Malzeme Mühendisliği,Ankara,SAY,480.9,492.83,40,40,244
Orta Doğu Teknik Üniversitesi,Petrol ve Doğalgaz Mühendisliği,Ankara,SAY,491.4,502.92,30,30,160
Orta Doğu Teknik Üniversitesi,Tekstil Mühendisliği,Ankara,SAY,472.5,484.32,30,30,293
Orta Doğu Teknik Üniversitesi,Fizik,Ankara,SAY,493.5,506.54,50,50,147
Orta Doğu Teknik Üniversitesi,Kimya,Ankara,SAY,488.25,498.68,50,50,215
Orta Doğu Teknik Üniversitesi,Matematik,Ankara,SAY,498.75,511.6,50,50,167
Orta Doğu Teknik Üniversitesi,İstatistik,Ankara,SAY,495.6,507.2,60,60,160
Orta Doğu Teknik Üniversitesi,Biyoloji,Ankara,SAY,483.0,493.44,60,60,217
Orta Doğu Teknik Üniversitesi,Moleküler Biyoloji ve Genetik,Ankara,SAY,512.4,527.98,30,30,111
Orta Doğu Teknik Üniversitesi,Veteriner,Ankara,SAY,519.75,529.01,30,30,100
Orta Doğu Teknik Üniversitesi,Hemşirelik,Ankara,SAY,491.4,503.0,70,70,181
Orta Doğu Teknik Üniversitesi,Ebelik,Ankara,SAY,474.6,488.26,30,30,270
Orta Doğu Teknik Üniversitesi,Fizyoterapi ve Rehabilitasyon,Ankara,SAY,501.9,517.29,40,40,157
Orta Doğu Teknik Üniversitesi,Beslenme ve Diyetetik,Ankara,SAY,495.6,511.07,40,40,159
Orta Doğu Teknik Üniversitesi,Mimarlık,Ankara,SAY,522.9,538.17,40,40,113
Orta Doğu Teknik Üniversitesi,Şehir ve Bölge Planlama,Ankara,SAY,501.9,512.36,40,40,155
Orta Doğu Teknik Üniversitesi,Peyzaj Mimarlığı,Ankara,SAY,485.1,494.09,40,40,212
Orta Doğu Teknik Üniversitesi,Orman Mühendisliği,Ankara,SAY,474.6,486.6,30,30,254
Orta Doğu Teknik Üniversitesi,Ziraat Mühendisliği,Ankara,SAY,470.4,481.86,50,50,267
Orta Doğu Teknik Üniversitesi,Tarım Ekonomisi,Ankara,SAY,462.0,477.7,40,40,391
Orta Doğu Teknik Üniversitesi,İşletme,Ankara,EA,519.75,535.75,70,70,113
Orta Doğu Teknik Üniversitesi,İktisat,Ankara,EA,514.5,528.55,80,80,116
Orta Doğu Teknik Üniversitesi,Maliye,Ankara,EA,504.0,513.45,60,60,143
Orta Doğu Teknik Üniversitesi,Kamu Yönetimi,Ankara,EA,498.75,507.48,50,50,146
Orta Doğu Teknik Üniversitesi,Uluslararası İlişkiler,Ankara,EA,522.9,537.76,60,60,100
Orta Doğu Teknik Üniversitesi,Siyaset Bilimi ve Kamu Yönetimi,Ankara,EA,512.4,527.96,60,60,133
Orta Doğu Teknik Üniversitesi,Çalışma Ekonomisi ve Endüstri İlişkileri,Ankara,EA,493.5,504.02,40,40,160
Orta Doğu Teknik Üniversitesi,Uluslararası Ticaret ve Lojistik,Ankara,EA,501.9,514.02,60,60,166
Orta Doğu Teknik Üniversitesi,Bankacılık ve Finans,Ankara,EA,506.1,517.41,50,50,122
Orta Doğu Teknik Üniversitesi,Muhasebe ve Finansal Yönetim,Ankara,EA,491.4,504.4,50,50,190
Orta Doğu Teknik Üniversitesi,Turizm İşletmeciliği,Ankara,EA,477.75,493.17,60,60,232
Orta Doğu Teknik Üniversitesi,Gastronomi ve Mutfak Sanatları,Ankara,EA,470.4,486.19,30,30,292
Orta Doğu Teknik Üniversitesi,Sosyoloji,Ankara,EA,485.1,497.51,50,50,204
Orta Doğu Teknik Üniversitesi,Psikoloji,Ankara,EA,522.9,538.2,50,50,101
Orta Doğu Teknik Üniversitesi,Tarih,Ankara,EA,477.75,489.74,60,60,252
Orta Doğu Teknik Üniversitesi,Coğrafya,Ankara,EA,464.1,478.78,30,30,383
Orta Doğu Teknik Üniversitesi,Felsefe,Ankara,EA,483.0,494.07,40,40,236
Orta Doğu Teknik Üniversitesi,Arkeoloji,Ankara,EA,474.6,489.51,40,40,237
Orta Doğu Teknik Üniversitesi,Sanat Tarihi,Ankara,EA,470.4,485.87,40,40,283
Orta Doğu Teknik Üniversitesi,Sosyal Hizmet,Ankara,EA,485.1,495.49,70,70,206
Orta Doğu Teknik Üniversitesi,Türk Dili ve Edebiyatı,Ankara,SÖZ,485.1,494.29,50,50,203
Orta Doğu Teknik Üniversitesi,Türk Dili ve Edebiyatı Öğretmenliği,Ankara,SÖZ,491.4,503.75,30,30,174
Orta Doğu Teknik Üniversitesi,İngilizce Öğretmenliği,Ankara,SÖZ,498.75,512.33,30,30,157
Orta Doğu Teknik Üniversitesi,Almanca Öğretmenliği,Ankara,SÖZ,477.75,486.1,30,30,254
Orta Doğu Teknik Üniversitesi,Fransızca Öğretmenliği,Ankara,SÖZ,474.6,485.69,30,30,267
Orta Doğu Teknik Üniversitesi,Rehberlik ve Psikolojik Danışmanlık,Ankara,SÖZ,504.0,515.96,40,40,120
Orta Doğu Teknik Üniversitesi,Okul Öncesi Öğretmenliği,Ankara,SÖZ,485.1,500.06,50,50,223
Orta Doğu Teknik Üniversitesi,Sınıf Öğretmenliği,Ankara,SÖZ,491.4,503.06,50,50,188
Orta Doğu Teknik Üniversitesi,İlahiyat,Ankara,SÖZ,470.4,479.63,90,90,280
Orta Doğu Teknik Üniversitesi,Arap Dili ve Edebiyatı,Ankara,SÖZ,462.0,475.54,40,40,372
Orta Doğu Teknik Üniversitesi,İngiliz Dili ve Edebiyatı,Ankara,SÖZ,493.5,508.37,30,30,163
Orta Doğu Teknik Üniversitesi,Fransız Dili ve Edebiyatı,Ankara,SÖZ,472.5,486.58,20,20,297
Orta Doğu Teknik Üniversitesi,Alman Dili ve Edebiyatı,Ankara,SÖZ,470.4,483.45,30,30,318
Orta Doğu Teknik Üniversitesi,Japon Dili ve Edebiyatı,Ankara,SÖZ,480.9,492.37,30,30,193
Orta Doğu Teknik Üniversitesi,Çin Dili ve Edebiyatı,Ankara,SÖZ,477.75,489.3,30,30,250
Orta Doğu Teknik Üniversitesi,Gazetecilik,Ankara,SÖZ,488.25,502.62,50,50,176
Orta Doğu Teknik Üniversitesi,Radyo Televizyon ve Sinema,Ankara,SÖZ,485.1,497.35,60,60,204
Orta Doğu Teknik Üniversitesi,Halkla İlişkiler ve Tanıtım,Ankara,SÖZ,480.9,489.53,60,60,244
Orta Doğu Teknik Üniversitesi,İletişim Tasarımı,Ankara,SÖZ,483.0,498.3,30,30,187
Hacettepe Üniversitesi,Bilgisayar Mühendisliği,Ankara,SAY,551.25,561.29,80,80,100
Hacettepe Üniversitesi,Elektrik-Elektronik Mühendisliği,Ankara,SAY,543.9,557.32,70,70,100
Hacettepe Üniversitesi,Makine Mühendisliği,Ankara,SAY,537.6,550.3,70,70,100
Hacettepe Üniversitesi,İnşaat Mühendisliği,Ankara,SAY,530.25,545.01,70,70,100
Hacettepe Üniversitesi,Endüstri Mühendisliği,Ankara,SAY,535.5,545.4,60,60,100
Hacettepe Üniversitesi,Kimya Mühendisliği,Ankara,SAY,525.0,535.36,60,60,114
Hacettepe Üniversitesi,Mekatronik Mühendisliği,Ankara,SAY,519.75,532.28,60,60,114
Hacettepe Üniversitesi,Yazılım Mühendisliği,Ankara,SAY,522.9,535.75,60,60,102
Hacettepe Üniversitesi,Yapay Zeka Mühendisliği,Ankara,SAY,546.0,560.39,30,30,100
Hacettepe Üniversitesi,Biyomedikal Mühendisliği,Ankara,SAY,514.5,527.47,40,40,124
Hacettepe Üniversitesi,Çevre Mühendisliği,Ankara,SAY,504.0,518.71,60,60,145
Hacettepe Üniversitesi,Gıda Mühendisliği,Ankara,SAY,495.6,506.07,60,60,160
Hacettepe Üniversitesi,Jeoloji Mühendisliği,Ankara,SAY,485.1,493.82,40,40,188
Hacettepe Üniversitesi,Maden Mühendisliği,Ankara,SAY,477.75,486.81,40,40,239
Hacettepe Üniversitesi,Metalurji ve Malzeme Mühendisliği,Ankara,SAY,480.9,496.21,30,30,241
Hacettepe Üniversitesi,Petrol ve Doğalgaz Mühendisliği,Ankara,SAY,491.4,503.25,40,40,193
Hacettepe Üniversitesi,Tekstil Mühendisliği,Ankara,SAY,472.5,481.42,30,30,305
Hacettepe Üniversitesi,Fizik,Ankara,SAY,493.5,508.38,70,70,181
Hacettepe Üniversitesi,Kimya,Ankara,SAY,488.25,502.69,60,60,180
Hacettepe Üniversitesi,Matematik,Ankara,SAY,498.75,511.04,60,60,151
Hacettepe Üniversitesi,İstatistik,Ankara,SAY,495.6,508.28,70,70,178
Hacettepe Üniversitesi,Biyoloji,Ankara,SAY,483.0,492.87,60,60,180
Hacettepe Üniversitesi,Moleküler Biyoloji ve Genetik,Ankara,SAY,512.4,527.72,30,30,111
Hacettepe Üniversitesi,Tıp,Ankara,SAY,569.1,584.38,70,70,100
Hacettepe Üniversitesi,Diş Hekimliği,Ankara,SAY,554.4,569.97,30,30,100
Hacettepe Üniversitesi,Eczacılık,Ankara,SAY,543.9,559.0,30,30,100
Hacettepe Üniversitesi,Veteriner,Ankara,SAY,519.75,533.7,30,30,122
Hacettepe Üniversitesi,Hemşirelik,Ankara,SAY,491.4,500.64,60,60,172
Hacettepe Üniversitesi,Ebelik,Ankara,SAY,474.6,485.86,30,30,289
Hacettepe Üniversitesi,Fizyoterapi ve Rehabilitasyon,Ankara,SAY,501.9,513.45,40,40,164
Hacettepe Üniversitesi,Beslenme ve Diyetetik,Ankara,SAY,495.6,509.09,40,40,165
Hacettepe Üniversitesi,Mimarlık,Ankara,SAY,522.9,534.09,50,50,100
Hacettepe Üniversitesi,Şehir ve Bölge Planlama,Ankara,SAY,501.9,513.54,40,40,152
Hacettepe Üniversitesi,Peyzaj Mimarlığı,Ankara,SAY,485.1,493.27,30,30,218
Hacettepe Üniversitesi,Orman Mühendisliği,Ankara,SAY,474.6,487.12,40,40,221
Hacettepe Üniversitesi,Ziraat Mühendisliği,Ankara,SAY,470.4,480.13,50,50,314
Hacettepe Üniversitesi,Tarım Ekonomisi,Ankara,SAY,462.0,477.2,40,40,302
Hacettepe Üniversitesi,İşletme,Ankara,EA,519.75,528.79,60,60,100
Hacettepe Üniversitesi,İktisat,Ankara,EA,514.5,522.71,80,80,100
Hacettepe Üniversitesi,Maliye,Ankara,EA,504.0,514.59,40,40,126
Hacettepe Üniversitesi,Kamu Yönetimi,Ankara,EA,498.75,510.96,50,50,165
Hacettepe Üniversitesi,Uluslararası İlişkiler,Ankara,EA,522.9,535.01,60,60,100
Hacettepe Üniversitesi,Hukuk,Ankara,EA,535.5,543.85,90,90,100
Hacettepe Üniversitesi,Siyaset Bilimi ve Kamu Yönetimi,Ankara,EA,512.4,524.06,40,40,138
Hacettepe Üniversitesi,Çalışma Ekonomisi ve Endüstri İlişkileri,Ankara,EA,493.5,504.71,30,30,179
Hacettepe Üniversitesi,Uluslararası Ticaret ve Lojistik,Ankara,EA,501.9,510.49,60,60,126
Hacettepe Üniversitesi,Bankacılık ve Finans,Ankara,EA,506.1,516.3,60,60,140
Hacettepe Üniversitesi,Muhasebe ve Finansal Yönetim,Ankara,EA,491.4,507.36,50,50,178
Hacettepe Üniversitesi,Turizm İşletmeciliği,Ankara,EA,477.75,486.54,60,60,251
Hacettepe Üniversitesi,Gastronomi ve Mutfak Sanatları,Ankara,EA,470.4,484.55,30,30,301
Hacettepe Üniversitesi,Sosyoloji,Ankara,EA,485.1,494.93,50,50,191
Hacettepe Üniversitesi,Psikoloji,Ankara,EA,522.9,531.66,60,60,100
Hacettepe Üniversitesi,Tarih,Ankara,EA,477.75,486.97,40,40,267
Hacettepe Üniversitesi,Coğrafya,Ankara,EA,464.1,472.85,40,40,294
Hacettepe Üniversitesi,Felsefe,Ankara,EA,483.0,495.45,40,40,215
Hacettepe Üniversitesi,Arkeoloji,Ankara,EA,474.6,483.58,40,40,243
Hacettepe Üniversitesi,Sanat Tarihi,Ankara,EA,470.4,485.34,40,40,301
Hacettepe Üniversitesi,Sosyal Hizmet,Ankara,EA,485.1,495.91,50,50,205
Hacettepe Üniversitesi,Türk Dili ve Edebiyatı,Ankara,SÖZ,485.1,494.89,60,60,177
Hacettepe Üniversitesi,Türk Dili ve Edebiyatı Öğretmenliği,Ankara,SÖZ,491.4,505.5,40,40,180
Hacettepe Üniversitesi,İngilizce Öğretmenliği,Ankara,SÖZ,498.75,514.55,40,40,168
Hacettepe Üniversitesi,Almanca Öğretmenliği,Ankara,SÖZ,477.75,485.96,30,30,267
Hacettepe Üniversitesi,Fransızca Öğretmenliği,Ankara,SÖZ,474.6,484.04,20,20,270
Hacettepe Üniversitesi,Rehberlik ve Psikolojik Danışmanlık,Ankara,SÖZ,504.0,512.05,40,40,155
Hacettepe Üniversitesi,Okul Öncesi Öğretmenliği,Ankara,SÖZ,485.1,494.23,40,40,209
Hacettepe Üniversitesi,Sınıf Öğretmenliği,Ankara,SÖZ,491.4,501.12,50,50,172
Hacettepe Üniversitesi,İlahiyat,Ankara,SÖZ,470.4,484.17,80,80,306
Hacettepe Üniversitesi,Arap Dili ve Edebiyatı,Ankara,SÖZ,462.0,470.42,40,40,319
Hacettepe Üniversitesi,İngiliz Dili ve Edebiyatı,Ankara,SÖZ,493.5,503.68,30,30,178
Hacettepe Üniversitesi,Fransız Dili ve Edebiyatı,Ankara,SÖZ,472.5,482.69,20,20,288
Hacettepe Üniversitesi,Alman Dili ve Edebiyatı,Ankara,SÖZ,470.4,480.67,20,20,298
Hacettepe Üniversitesi,Japon Dili ve Edebiyatı,Ankara,SÖZ,480.9,489.26,30,30,213
Hacettepe Üniversitesi,Çin Dili ve Edebiyatı,Ankara,SÖZ,477.75,488.16,20,20,216
Hacettepe Üniversitesi,Gazetecilik,Ankara,SÖZ,488.25,498.87,60,60,160
Hacettepe Üniversitesi,Radyo Televizyon ve Sinema,Ankara,SÖZ,485.1,496.14,60,60,213
Hacettepe Üniversitesi,Halkla İlişkiler ve Tanıtım,Ankara,SÖZ,480.9,495.35,60,60,191
Hacettepe Üniversitesi,İletişim Tasarımı,Ankara,SÖZ,483.0,491.15,40,40,236
Ankara Üniversitesi,Bilgisayar Mühendisliği,Ankara,SAY,551.25,563.84,70,70,100
Ankara Üniversitesi,Elektrik-Elektronik Mühendisliği,Ankara,SAY,543.9,552.07,80,80,100
Ankara Üniversitesi,Makine Mühendisliği,Ankara,SAY,537.6,552.26,60,60,100
Ankara Üniversitesi,İnşaat Mühendisliği,Ankara,SAY,530.25,540.2,80,80,100
Ankara Üniversitesi,Endüstri Mühendisliği,Ankara,SAY,535.5,545.98,50,50,100
Ankara Üniversitesi,Kimya Mühendisliği,Ankara,SAY,525.0,537.08,60,60,100
Ankara Üniversitesi,Mekatronik Mühendisliği,Ankara,SAY,519.75,530.55,60,60,115
Ankara Üniversitesi,Yazılım Mühendisliği,Ankara,SAY,522.9,532.79,50,50,100
Ankara Üniversitesi,Biyomedikal Mühendisliği,Ankara,SAY,514.5,528.58,30,30,123
Ankara Üniversitesi,Çevre Mühendisliği,Ankara,SAY,504.0,515.95,60,60,150
Ankara Üniversitesi,Gıda Mühendisliği,Ankara,SAY,495.6,510.99,60,60,166
Ankara Üniversitesi,Jeoloji Mühendisliği,Ankara,SAY,485.1,500.01,30,30,208
Ankara Üniversitesi,Maden Mühendisliği,Ankara,SAY,477.75,489.29,30,30,222
Ankara Üniversitesi,Metalurji ve Malzeme Mühendisliği,Ankara,SAY,480.9,492.96,30,30,207
Ankara Üniversitesi,Tekstil Mühendisliği,Ankara,SAY,472.5,487.15,40,40,233
Ankara Üniversitesi,Fizik,Ankara,SAY,493.5,506.42,50,50,170
Ankara Üniversitesi,Kimya,Ankara,SAY,488.25,502.58,50,50,210
Ankara Üniversitesi,Matematik,Ankara,SAY,498.75,511.96,50,50,145
Ankara Üniversitesi,İstatistik,Ankara,SAY,495.6,504.09,60,60,143
Ankara Üniversitesi,Biyoloji,Ankara,SAY,483.0,496.71,50,50,210
Ankara Üniversitesi,Moleküler Biyoloji ve Genetik,Ankara,SAY,512.4,523.9,40,40,119
Ankara Üniversitesi,Tıp,Ankara,SAY,569.1,580.08,70,70,100
Ankara Üniversitesi,Diş Hekimliği,Ankara,SAY,554.4,567.18,40,40,100
Ankara Üniversitesi,Eczacılık,Ankara,SAY,543.9,552.66,30,30,100
Ankara Üniversitesi,Veteriner,Ankara,SAY,519.75,533.0,40,40,121
Ankara Üniversitesi,Hemşirelik,Ankara,SAY,491.4,504.06,70,70,157
Ankara Üniversitesi,Ebelik,Ankara,SAY,474.6,488.19,40,40,246
Ankara Üniversitesi,Fizyoterapi ve Rehabilitasyon,Ankara,SAY,501.9,512.38,40,40,139
Ankara Üniversitesi,Beslenme ve Diyetetik,Ankara,SAY,495.6,508.96,40,40,179
Ankara Üniversitesi,Şehir ve Bölge Planlama,Ankara,SAY,501.9,514.11,30,30,151
Ankara Üniversitesi,Peyzaj Mimarlığı,Ankara,SAY,485.1,496.0,30,30,181
Ankara Üniversitesi,Orman Mühendisliği,Ankara,SAY,474.6,486.49,30,30,234
Ankara Üniversitesi,Ziraat Mühendisliği,Ankara,SAY,470.4,485.16,60,60,249
Ankara Üniversitesi,Tarım Ekonomisi,Ankara,SAY,462.0,477.07,30,30,306
Ankara Üniversitesi,İşletme,Ankara,EA,519.75,528.8,60,60,104
Ankara Üniversitesi,İktisat,Ankara,EA,514.5,528.67,60,60,128
Ankara Üniversitesi,Maliye,Ankara,EA,504.0,515.29,50,50,147
Ankara Üniversitesi,Kamu Yönetimi,Ankara,EA,498.75,509.03,50,50,165
Ankara Üniversitesi,Uluslararası İlişkiler,Ankara,EA,522.9,533.38,50,50,112
Ankara Üniversitesi,Hukuk,Ankara,EA,535.5,546.44,90,90,100
Ankara Üniversitesi,Siyaset Bilimi ve Kamu Yönetimi,Ankara,EA,512.4,522.65,60,60,117
Ankara Üniversitesi,Çalışma Ekonomisi ve Endüstri İlişkileri,Ankara,EA,493.5,508.04,30,30,185
Ankara Üniversitesi,Uluslararası Ticaret ve Lojistik,Ankara,EA,501.9,515.03,60,60,161
Ankara Üniversitesi,Bankacılık ve Finans,Ankara,EA,506.1,520.87,50,50,149
Ankara Üniversitesi,Muhasebe ve Finansal Yönetim,Ankara,EA,491.4,501.58,50,50,198
Ankara Üniversitesi,Turizm İşletmeciliği,Ankara,EA,477.75,493.32,50,50,217
Ankara Üniversitesi,Gastronomi ve Mutfak Sanatları,Ankara,EA,470.4,478.61,40,40,245
Ankara Üniversitesi,Sosyoloji,Ankara,EA,485.1,501.06,40,40,193
Ankara Üniversitesi,Psikoloji,Ankara,EA,522.9,537.61,60,60,107
Ankara Üniversitesi,Tarih,Ankara,EA,477.75,488.05,60,60,260
Ankara Üniversitesi,Coğrafya,Ankara,EA,464.1,477.74,30,30,329
Ankara Üniversitesi,Felsefe,Ankara,EA,483.0,493.05,40,40,231
Ankara Üniversitesi,Arkeoloji,Ankara,EA,474.6,486.82,30,30,225
Ankara Üniversitesi,Sanat Tarihi,Ankara,EA,470.4,478.78,40,40,276
Ankara Üniversitesi,Sosyal Hizmet,Ankara,EA,485.1,493.99,60,60,225
Ankara Üniversitesi,Türk Dili ve Edebiyatı,Ankara,SÖZ,485.1,497.22,50,50,185
Ankara Üniversitesi,Türk Dili ve Edebiyatı Öğretmenliği,Ankara,SÖZ,491.4,504.32,30,30,163
Ankara Üniversitesi,İngilizce Öğretmenliği,Ankara,SÖZ,498.75,507.43,30,30,175
Ankara Üniversitesi,Almanca Öğretmenliği,Ankara,SÖZ,477.75,489.81,30,30,271
Ankara Üniversitesi,Fransızca Öğretmenliği,Ankara,SÖZ,474.6,486.36,30,30,265
Ankara Üniversitesi,Rehberlik ve Psikolojik Danışmanlık,Ankara,SÖZ,504.0,512.13,30,30,152
Ankara Üniversitesi,Okul Öncesi Öğretmenliği,Ankara,SÖZ,485.1,498.13,60,60,217
Ankara Üniversitesi,Sınıf Öğretmenliği,Ankara,SÖZ,491.4,499.75,60,60,179
Ankara Üniversitesi,İlahiyat,Ankara,SÖZ,470.4,484.63,80,80,279
Ankara Üniversitesi,Arap Dili ve Edebiyatı,Ankara,SÖZ,462.0,476.49,40,40,309
Ankara Üniversitesi,İngiliz Dili ve Edebiyatı,Ankara,SÖZ,493.5,503.85,30,30,146
Ankara Üniversitesi,Fransız Dili ve Edebiyatı,Ankara,SÖZ,472.5,487.97,30,30,269
Ankara Üniversitesi,Alman Dili ve Edebiyatı,Ankara,SÖZ,470.4,480.43,20,20,304
Ankara Üniversitesi,Japon Dili ve Edebiyatı,Ankara,SÖZ,480.9,495.15,20,20,244
Ankara Üniversitesi,Çin Dili ve Edebiyatı,Ankara,SÖZ,477.75,488.69,30,30,264
Ankara Üniversitesi,Gazetecilik,Ankara,SÖZ,488.25,499.34,50,50,214
Ankara Üniversitesi,Radyo Televizyon ve Sinema,Ankara,SÖZ,485.1,500.49,60,60,202
Ankara Üniversitesi,Halkla İlişkiler ve Tanıtım,Ankara,SÖZ,480.9,489.53,60,60,226
Ankara Üniversitesi,İletişim Tasarımı,Ankara,SÖZ,483.0,493.57,40,40,183
Gazi Üniversitesi,Bilgisayar Mühendisliği,Ankara,SAY,550.09,562.91,80,80,100
Gazi Üniversitesi,Elektrik-Elektronik Mühendisliği,Ankara,SAY,543.01,551.35,70,70,100
Gazi Üniversitesi,Makine Mühendisliği,Ankara,SAY,537.6,547.8,90,90,100
Gazi Üniversitesi,İnşaat Mühendisliği,Ankara,SAY,527.7,540.8,80,80,100
Gazi Üniversitesi,Endüstri Mühendisliği,Ankara,SAY,535.5,551.12,60,60,100
Gazi Üniversitesi,Kimya Mühendisliği,Ankara,SAY,525.0,533.28,60,60,100
Gazi Üniversitesi,Mekatronik Mühendisliği,Ankara,SAY,518.95,530.01,60,60,112
Gazi Üniversitesi,Yazılım Mühendisliği,Ankara,SAY,522.9,538.49,60,60,100
Gazi Üniversitesi,Yapay Zeka Mühendisliği,Ankara,SAY,546.0,558.24,40,40,100
Gazi Üniversitesi,Biyomedikal Mühendisliği,Ankara,SAY,513.0,521.91,30,30,128
Gazi Üniversitesi,Çevre Mühendisliği,Ankara,SAY,503.32,515.81,50,50,131
Gazi Üniversitesi,Gıda Mühendisliği,Ankara,SAY,495.28,511.25,60,60,153
Gazi Üniversitesi,Jeoloji Mühendisliği,Ankara,SAY,485.05,494.03,30,30,222
Gazi Üniversitesi,Maden Mühendisliği,Ankara,SAY,477.75,489.31,40,40,207
Gazi Üniversitesi,Metalurji ve Malzeme Mühendisliği,Ankara,SAY,480.9,491.46,30,30,209
Gazi Üniversitesi,Tekstil Mühendisliği,Ankara,SAY,472.5,487.63,40,40,296
Gazi Üniversitesi,Fizik,Ankara,SAY,493.5,506.6,60,60,184
Gazi Üniversitesi,Kimya,Ankara,SAY,485.98,495.59,60,60,175
Gazi Üniversitesi,Matematik,Ankara,SAY,495.91,508.34,60,60,155
Gazi Üniversitesi,İstatistik,Ankara,SAY,495.6,508.5,50,50,142
Gazi Üniversitesi,Biyoloji,Ankara,SAY,483.0,496.75,60,60,211
Gazi Üniversitesi,Moleküler Biyoloji ve Genetik,Ankara,SAY,512.4,520.99,40,40,139
Gazi Üniversitesi,Tıp,Ankara,SAY,568.8,582.24,90,90,100
Gazi Üniversitesi,Diş Hekimliği,Ankara,SAY,554.4,567.52,40,40,100
Gazi Üniversitesi,Eczacılık,Ankara,SAY,543.5,558.79,30,30,100
Gazi Üniversitesi,Veteriner,Ankara,SAY,517.67,526.99,40,40,106
Gazi Üniversitesi,Hemşirelik,Ankara,SAY,490.48,506.01,90,90,201
Gazi Üniversitesi,Ebelik,Ankara,SAY,473.1,486.18,30,30,268
Gazi Üniversitesi,Fizyoterapi ve Rehabilitasyon,Ankara,SAY,500.72,512.99,30,30,148
Gazi Üniversitesi,Beslenme ve Diyetetik,Ankara,SAY,495.6,504.83,40,40,170
Gazi Üniversitesi,Mimarlık,Ankara,SAY,522.9,537.64,60,60,104
Gazi Üniversitesi,Şehir ve Bölge Planlama,Ankara,SAY,499.07,507.43,40,40,159
Gazi Üniversitesi,Peyzaj Mimarlığı,Ankara,SAY,485.1,499.24,40,40,195
Gazi Üniversitesi,Orman Mühendisliği,Ankara,SAY,474.59,487.61,40,40,238
Gazi Üniversitesi,Ziraat Mühendisliği,Ankara,SAY,470.3,484.74,50,50,299
Gazi Üniversitesi,Tarım Ekonomisi,Ankara,SAY,459.44,467.92,30,30,377
Gazi Üniversitesi,İşletme,Ankara,EA,517.97,530.82,80,80,104
Gazi Üniversitesi,İktisat,Ankara,EA,514.5,529.39,60,60,134
Gazi Üniversitesi,Maliye,Ankara,EA,503.22,515.71,50,50,134
Gazi Üniversitesi,Kamu Yönetimi,Ankara,EA,497.35,507.33,50,50,138
Gazi Üniversitesi,Uluslararası İlişkiler,Ankara,EA,522.2,535.12,60,60,100
Gazi Üniversitesi,Hukuk,Ankara,EA,533.46,544.08,70,70,100
Gazi Üniversitesi,Siyaset Bilimi ve Kamu Yönetimi,Ankara,EA,512.4,524.39,50,50,122
Gazi Üniversitesi,Çalışma Ekonomisi ve Endüstri İlişkileri,Ankara,EA,492.35,500.54,40,40,196
Gazi Üniversitesi,Uluslararası Ticaret ve Lojistik,Ankara,EA,501.9,511.62,40,40,138
Gazi Üniversitesi,Bankacılık ve Finans,Ankara,EA,506.07,521.13,50,50,141
Gazi Üniversitesi,Muhasebe ve Finansal Yönetim,Ankara,EA,491.4,506.18,60,60,173
Gazi Üniversitesi,Turizm İşletmeciliği,Ankara,EA,477.75,491.86,50,50,227
Gazi Üniversitesi,Gastronomi ve Mutfak Sanatları,Ankara,EA,470.4,479.96,30,30,287
Gazi Üniversitesi,Sosyoloji,Ankara,EA,485.1,499.22,70,70,187
Gazi Üniversitesi,Psikoloji,Ankara,EA,522.9,531.85,50,50,117
Gazi Üniversitesi,Tarih,Ankara,EA,477.75,488.46,60,60,268
Gazi Üniversitesi,Coğrafya,Ankara,EA,462.29,474.36,30,30,353
Gazi Üniversitesi,Felsefe,Ankara,EA,480.82,491.48,30,30,219
Gazi Üniversitesi,Arkeoloji,Ankara,EA,474.6,486.72,40,40,241
Gazi Üniversitesi,Sanat Tarihi,Ankara,EA,468.38,484.3,30,30,319
Gazi Üniversitesi,Sosyal Hizmet,Ankara,EA,484.12,498.75,60,60,206
Gazi Üniversitesi,Türk Dili ve Edebiyatı,Ankara,SÖZ,483.9,498.43,60,60,197
Gazi Üniversitesi,Türk Dili ve Edebiyatı Öğretmenliği,Ankara,SÖZ,491.4,504.07,40,40,192
Gazi Üniversitesi,İngilizce Öğretmenliği,Ankara,SÖZ,498.75,506.96,40,40,152
Gazi Üniversitesi,Almanca Öğretmenliği,Ankara,SÖZ,477.75,491.96,30,30,242
Gazi Üniversitesi,Fransızca Öğretmenliği,Ankara,SÖZ,474.6,483.96,30,30,264
Gazi Üniversitesi,Rehberlik ve Psikolojik Danışmanlık,Ankara,SÖZ,504.0,513.18,30,30,147
Gazi Üniversitesi,Okul Öncesi Öğretmenliği,Ankara,SÖZ,485.1,493.98,50,50,171
Gazi Üniversitesi,Sınıf Öğretmenliği,Ankara,SÖZ,489.31,502.83,60,60,179
Gazi Üniversitesi,İlahiyat,Ankara,SÖZ,470.4,485.38,60,60,303
Gazi Üniversitesi,Arap Dili ve Edebiyatı,Ankara,SÖZ,459.83,469.49,40,40,359
Gazi Üniversitesi,İngiliz Dili ve Edebiyatı,Ankara,SÖZ,493.5,504.01,40,40,153
Gazi Üniversitesi,Fransız Dili ve Edebiyatı,Ankara,SÖZ,471.55,482.38,30,30,297
Gazi Üniversitesi,Alman Dili ve Edebiyatı,Ankara,SÖZ,470.4,483.95,20,20,292
Gazi Üniversitesi,Japon Dili ve Edebiyatı,Ankara,SÖZ,479.38,491.84,30,30,209
Gazi Üniversitesi,Çin Dili ve Edebiyatı,Ankara,SÖZ,476.54,486.85,30,30,221
Gazi Üniversitesi,Gazetecilik,Ankara,SÖZ,487.15,497.94,60,60,218
Gazi Üniversitesi,Radyo Televizyon ve Sinema,Ankara,SÖZ,483.74,492.71,50,50,217
Gazi Üniversitesi,Halkla İlişkiler ve Tanıtım,Ankara,SÖZ,480.9,495.45,60,60,250
Gazi Üniversitesi,İletişim Tasarımı,Ankara,SÖZ,481.74,492.04,30,30,229
Marmara Üniversitesi,Bilgisayar Mühendisliği,İstanbul,SAY,540.4,550.45,70,70,100
Marmara Üniversitesi,Elektrik-Elektronik Mühendisliği,İstanbul,SAY,533.77,549.23,60,60,100
Marmara Üniversitesi,Makine Mühendisliği,İstanbul,SAY,528.05,540.74,80,80,100
Marmara Üniversitesi,İnşaat Mühendisliği,İstanbul,SAY,520.34,533.44,70,70,100
Marmara Üniversitesi,Endüstri Mühendisliği,İstanbul,SAY,526.6,535.4,40,40,105
Marmara Üniversitesi,Kimya Mühendisliği,İstanbul,SAY,515.3,530.73,70,70,112
Marmara Üniversitesi,Mekatronik Mühendisliği,İstanbul,SAY,512.12,523.94,70,70,111
Marmara Üniversitesi,Yazılım Mühendisliği,İstanbul,SAY,511.87,525.04,50,50,138
Marmara Üniversitesi,Biyomedikal Mühendisliği,İstanbul,SAY,505.14,517.42,40,40,146
Marmara Üniversitesi,Çevre Mühendisliği,İstanbul,SAY,496.88,506.28,50,50,177
Marmara Üniversitesi,Gıda Mühendisliği,İstanbul,SAY,488.68,504.66,50,50,181
Marmara Üniversitesi,Jeoloji Mühendisliği,İstanbul,SAY,478.48,494.18,40,40,262
Marmara Üniversitesi,Maden Mühendisliği,İstanbul,SAY,465.71,478.25,40,40,282
Marmara Üniversitesi,Metalurji ve Malzeme Mühendisliği,İstanbul,SAY,470.45,486.36,30,30,286
Marmara Üniversitesi,Tekstil Mühendisliği,İstanbul,SAY,466.13,480.94,30,30,313
Marmara Üniversitesi,Fizik,İstanbul,SAY,481.78,491.08,50,50,213
Marmara Üniversitesi,Kimya,İstanbul,SAY,477.07,490.96,60,60,260
Marmara Üniversitesi,Matematik,İstanbul,SAY,490.79,500.19,60,60,198
Marmara Üniversitesi,İstatistik,İstanbul,SAY,488.12,500.24,60,60,165
Marmara Üniversitesi,Biyoloji,İstanbul,SAY,471.91,481.03,50,50,257
Marmara Üniversitesi,Moleküler Biyoloji ve Genetik,İstanbul,SAY,501.2,511.08,40,40,158
Marmara Üniversitesi,Tıp,İstanbul,SAY,557.07,570.85,80,80,100
Marmara Üniversitesi,Diş Hekimliği,İstanbul,SAY,545.0,553.5,30,30,100
Marmara Üniversitesi,Eczacılık,İstanbul,SAY,532.97,544.99,40,40,100
Marmara Üniversitesi,Veteriner,İstanbul,SAY,508.72,517.66,30,30,145
Marmara Üniversitesi,Hemşirelik,İstanbul,SAY,482.73,492.48,60,60,188
Marmara Üniversitesi,Ebelik,İstanbul,SAY,467.05,479.9,40,40,301
Marmara Üniversitesi,Fizyoterapi ve Rehabilitasyon,İstanbul,SAY,492.16,504.46,30,30,182
Marmara Üniversitesi,Beslenme ve Diyetetik,İstanbul,SAY,484.64,498.68,30,30,225
Marmara Üniversitesi,Şehir ve Bölge Planlama,İstanbul,SAY,492.02,505.65,40,40,152
Marmara Üniversitesi,Peyzaj Mimarlığı,İstanbul,SAY,473.23,485.61,40,40,264
Marmara Üniversitesi,Orman Mühendisliği,İstanbul,SAY,463.46,474.08,30,30,343
Marmara Üniversitesi,Ziraat Mühendisliği,İstanbul,SAY,459.67,472.34,60,60,334
Marmara Üniversitesi,Tarım Ekonomisi,İstanbul,SAY,455.05,466.68,30,30,442
Marmara Üniversitesi,İşletme,İstanbul,EA,507.2,518.9,80,80,144
Marmara Üniversitesi,İktisat,İstanbul,EA,504.08,518.61,80,80,150
Marmara Üniversitesi,Maliye,İstanbul,EA,491.67,502.43,70,70,152
Marmara Üniversitesi,Kamu Yönetimi,İstanbul,EA,491.86,500.41,40,40,197
Marmara Üniversitesi,Uluslararası İlişkiler,İstanbul,EA,512.39,526.54,70,70,131
Marmara Üniversitesi,Hukuk,İstanbul,EA,526.18,537.54,70,70,113
Marmara Üniversitesi,Siyaset Bilimi ve Kamu Yönetimi,İstanbul,EA,504.86,520.11,60,60,132
Marmara Üniversitesi,Çalışma Ekonomisi ve Endüstri İlişkileri,İstanbul,EA,485.07,497.38,30,30,210
Marmara Üniversitesi,Uluslararası Ticaret ve Lojistik,İstanbul,EA,490.41,502.71,60,60,181
Marmara Üniversitesi,Bankacılık ve Finans,İstanbul,EA,494.8,502.83,50,50,141
Marmara Üniversitesi,Muhasebe ve Finansal Yönetim,İstanbul,EA,483.08,495.44,60,60,212
Marmara Üniversitesi,Turizm İşletmeciliği,İstanbul,EA,467.14,477.91,70,70,287
Marmara Üniversitesi,Gastronomi ve Mutfak Sanatları,İstanbul,EA,462.79,471.69,30,30,380
Marmara Üniversitesi,Sosyoloji,İstanbul,EA,477.46,492.53,50,50,203
Marmara Üniversitesi,Psikoloji,İstanbul,EA,510.55,518.82,60,60,128
Marmara Üniversitesi,Tarih,İstanbul,EA,465.94,479.86,50,50,308
Marmara Üniversitesi,Coğrafya,İstanbul,EA,453.56,468.47,40,40,401
Marmara Üniversitesi,Felsefe,İstanbul,EA,472.54,487.07,30,30,286
Marmara Üniversitesi,Arkeoloji,İstanbul,EA,466.15,479.53,30,30,299
Marmara Üniversitesi,Sanat Tarihi,İstanbul,EA,459.3,472.58,30,30,353
Marmara Üniversitesi,Sosyal Hizmet,İstanbul,EA,473.23,488.82,60,60,294
Marmara Üniversitesi,Türk Dili ve Edebiyatı,İstanbul,SÖZ,476.62,488.04,70,70,242
Marmara Üniversitesi,Türk Dili ve Edebiyatı Öğretmenliği,İstanbul,SÖZ,484.69,498.06,30,30,220
Marmara Üniversitesi,İngilizce Öğretmenliği,İstanbul,SÖZ,488.75,497.94,40,40,179
Marmara Üniversitesi,Almanca Öğretmenliği,İstanbul,SÖZ,468.49,483.28,30,30,279
Marmara Üniversitesi,Fransızca Öğretmenliği,İstanbul,SÖZ,467.39,482.71,30,30,311
Marmara Üniversitesi,Rehberlik ve Psikolojik Danışmanlık,İstanbul,SÖZ,494.74,503.81,30,30,153
Marmara Üniversitesi,Okul Öncesi Öğretmenliği,İstanbul,SÖZ,476.74,492.12,50,50,267
Marmara Üniversitesi,Sınıf Öğretmenliği,İstanbul,SÖZ,483.39,492.91,60,60,193
Marmara Üniversitesi,İlahiyat,İstanbul,SÖZ,462.06,477.05,80,80,321
Marmara Üniversitesi,Arap Dili ve Edebiyatı,İstanbul,SÖZ,454.55,467.02,40,40,445
Marmara Üniversitesi,İngiliz Dili ve Edebiyatı,İstanbul,SÖZ,483.1,498.76,40,40,179
Marmara Üniversitesi,Fransız Dili ve Edebiyatı,İstanbul,SÖZ,466.27,475.21,20,20,363
Marmara Üniversitesi,Alman Dili ve Edebiyatı,İstanbul,SÖZ,459.9,472.74,30,30,345
Marmara Üniversitesi,Japon Dili ve Edebiyatı,İstanbul,SÖZ,472.05,486.25,30,30,261
Marmara Üniversitesi,Çin Dili ve Edebiyatı,İstanbul,SÖZ,467.81,477.9,20,20,304
Marmara Üniversitesi,Gazetecilik,İstanbul,SÖZ,476.54,492.39,60,60,240
Marmara Üniversitesi,Radyo Televizyon ve Sinema,İstanbul,SÖZ,478.35,489.32,60,60,226
Marmara Üniversitesi,Halkla İlişkiler ve Tanıtım,İstanbul,SÖZ,470.07,479.24,70,70,264
Marmara Üniversitesi,İletişim Tasarımı,İstanbul,SÖZ,474.27,485.61,30,30,230
Yıldız Teknik Üniversitesi,Bilgisayar Mühendisliği,İstanbul,SAY,551.25,565.92,80,80,100
Yıldız Teknik Üniversitesi,Elektrik-Elektronik Mühendisliği,İstanbul,SAY,543.9,553.96,90,90,100
Yıldız Teknik Üniversitesi,Makine Mühendisliği,İstanbul,SAY,537.6,549.52,80,80,100
Yıldız Teknik Üniversitesi,İnşaat Mühendisliği,İstanbul,SAY,530.25,544.01,90,90,100
Yıldız Teknik Üniversitesi,Endüstri Mühendisliği,İstanbul,SAY,535.5,548.63,40,40,100
Yıldız Teknik Üniversitesi,Kimya Mühendisliği,İstanbul,SAY,525.0,540.56,60,60,105
Yıldız Teknik Üniversitesi,Mekatronik Mühendisliği,İstanbul,SAY,519.75,534.49,60,60,100
Yıldız Teknik Üniversitesi,Yazılım Mühendisliği,İstanbul,SAY,522.9,534.95,60,60,100
Yıldız Teknik Üniversitesi,Biyomedikal Mühendisliği,İstanbul,SAY,514.5,527.43,30,30,117
Yıldız Teknik Üniversitesi,Çevre Mühendisliği,İstanbul,SAY,504.0,516.41,60,60,119
Yıldız Teknik Üniversitesi,Gıda Mühendisliği,İstanbul,SAY,495.6,511.42,60,60,139
Yıldız Teknik Üniversitesi,Jeoloji Mühendisliği,İstanbul,SAY,485.1,499.55,30,30,225
Yıldız Teknik Üniversitesi,Maden Mühendisliği,İstanbul,SAY,477.75,486.94,40,40,215
Yıldız Teknik Üniversitesi,Metalurji ve Malzeme Mühendisliği,İstanbul,SAY,480.9,491.04,30,30,213
Yıldız Teknik Üniversitesi,Tekstil Mühendisliği,İstanbul,SAY,472.5,485.02,30,30,307
Yıldız Teknik Üniversitesi,Fizik,İstanbul,SAY,493.5,508.28,60,60,177
Yıldız Teknik Üniversitesi,Kimya,İstanbul,SAY,488.25,497.0,60,60,181
Yıldız Teknik Üniversitesi,Matematik,İstanbul,SAY,498.75,506.83,50,50,138
Yıldız Teknik Üniversitesi,İstatistik,İstanbul,SAY,495.6,509.88,60,60,166
Yıldız Teknik Üniversitesi,Biyoloji,İstanbul,SAY,483.0,495.23,50,50,181
Yıldız Teknik Üniversitesi,Moleküler Biyoloji ve Genetik,İstanbul,SAY,512.4,527.5,30,30,121
Yıldız Teknik Üniversitesi,Veteriner,İstanbul,SAY,519.75,535.15,40,40,120
Yıldız Teknik Üniversitesi,Hemşirelik,İstanbul,SAY,491.4,506.83,90,90,167
Yıldız Teknik Üniversitesi,Ebelik,İstanbul,SAY,474.6,488.62,30,30,271
Yıldız Teknik Üniversitesi,Fizyoterapi ve Rehabilitasyon,İstanbul,SAY,501.9,511.2,40,40,133
Yıldız Teknik Üniversitesi,Beslenme ve Diyetetik,İstanbul,SAY,495.6,510.77,40,40,154
Yıldız Teknik Üniversitesi,Mimarlık,İstanbul,SAY,522.9,538.81,60,60,109
Yıldız Teknik Üniversitesi,Şehir ve Bölge Planlama,İstanbul,SAY,501.9,510.33,40,40,142
Yıldız Teknik Üniversitesi,Peyzaj Mimarlığı,İstanbul,SAY,485.1,499.25,30,30,228
Yıldız Teknik Üniversitesi,Orman Mühendisliği,İstanbul,SAY,474.6,482.84,40,40,237
Yıldız Teknik Üniversitesi,Ziraat Mühendisliği,İstanbul,SAY,470.4,481.25,50,50,320
Yıldız Teknik Üniversitesi,Tarım Ekonomisi,İstanbul,SAY,462.0,475.29,40,40,311
Yıldız Teknik Üniversitesi,İşletme,İstanbul,EA,519.75,533.45,60,60,100
Yıldız Teknik Üniversitesi,İktisat,İstanbul,EA,514.5,527.57,70,70,126
Yıldız Teknik Üniversitesi,Maliye,İstanbul,EA,504.0,512.04,50,50,131
Yıldız Teknik Üniversitesi,Kamu Yönetimi,İstanbul,EA,498.75,507.81,50,50,139
Yıldız Teknik Üniversitesi,Uluslararası İlişkiler,İstanbul,EA,522.9,534.16,50,50,100
Yıldız Teknik Üniversitesi,Siyaset Bilimi ve Kamu Yönetimi,İstanbul,EA,512.4,525.18,50,50,115
Yıldız Teknik Üniversitesi,Çalışma Ekonomisi ve Endüstri İlişkileri,İstanbul,EA,493.5,504.6,40,40,148
Yıldız Teknik Üniversitesi,Uluslararası Ticaret ve Lojistik,İstanbul,EA,501.9,517.73,50,50,148
Yıldız Teknik Üniversitesi,Bankacılık ve Finans,İstanbul,EA,506.1,515.21,50,50,126
Yıldız Teknik Üniversitesi,Muhasebe ve Finansal Yönetim,İstanbul,EA,491.4,502.88,50,50,172
Yıldız Teknik Üniversitesi,Turizm İşletmeciliği,İstanbul,EA,477.75,487.76,60,60,218
Yıldız Teknik Üniversitesi,Gastronomi ve Mutfak Sanatları,İstanbul,EA,470.4,479.96,30,30,249
Yıldız Teknik Üniversitesi,Sosyoloji,İstanbul,EA,485.1,495.76,60,60,208
Yıldız Teknik Üniversitesi,Psikoloji,İstanbul,EA,522.9,533.58,60,60,112
Yıldız Teknik Üniversitesi,Tarih,İstanbul,EA,477.75,486.84,70,70,224
Yıldız Teknik Üniversitesi,Coğrafya,İstanbul,EA,464.1,474.61,40,40,381
Yıldız Teknik Üniversitesi,Felsefe,İstanbul,EA,483.0,496.56,40,40,209
Yıldız Teknik Üniversitesi,Arkeoloji,İstanbul,EA,474.6,485.61,30,30,279
Yıldız Teknik Üniversitesi,Sanat Tarihi,İstanbul,EA,470.4,482.91,40,40,290
Yıldız Teknik Üniversitesi,Sosyal Hizmet,İstanbul,EA,485.1,497.5,50,50,228
Yıldız Teknik Üniversitesi,Türk Dili ve Edebiyatı,İstanbul,SÖZ,485.1,496.61,60,60,188
Yıldız Teknik Üniversitesi,Türk Dili ve Edebiyatı Öğretmenliği,İstanbul,SÖZ,491.4,505.77,30,30,172
Yıldız Teknik Üniversitesi,İngilizce Öğretmenliği,İstanbul,SÖZ,498.75,508.69,40,40,161
Yıldız Teknik Üniversitesi,Almanca Öğretmenliği,İstanbul,SÖZ,477.75,486.34,20,20,271
Yıldız Teknik Üniversitesi,Fransızca Öğretmenliği,İstanbul,SÖZ,474.6,486.65,30,30,287
Yıldız Teknik Üniversitesi,Rehberlik ve Psikolojik Danışmanlık,İstanbul,SÖZ,504.0,518.33,40,40,134
Yıldız Teknik Üniversitesi,Okul Öncesi Öğretmenliği,İstanbul,SÖZ,485.1,498.21,60,60,175
Yıldız Teknik Üniversitesi,Sınıf Öğretmenliği,İstanbul,SÖZ,491.4,502.24,40,40,184
Yıldız Teknik Üniversitesi,İlahiyat,İstanbul,SÖZ,470.4,483.82,80,80,274
Yıldız Teknik Üniversitesi,Arap Dili ve Edebiyatı,İstanbul,SÖZ,462.0,473.44,30,30,303
Yıldız Teknik Üniversitesi,İngiliz Dili ve Edebiyatı,İstanbul,SÖZ,493.5,505.65,40,40,174
Yıldız Teknik Üniversitesi,Fransız Dili ve Edebiyatı,İstanbul,SÖZ,472.5,483.63,30,30,289
Yıldız Teknik Üniversitesi,Alman Dili ve Edebiyatı,İstanbul,SÖZ,470.4,481.16,20,20,242
Yıldız Teknik Üniversitesi,Japon Dili ve Edebiyatı,İstanbul,SÖZ,480.9,496.59,30,30,194
Yıldız Teknik Üniversitesi,Çin Dili ve Edebiyatı,İstanbul,SÖZ,477.75,488.25,20,20,233
Yıldız Teknik Üniversitesi,Gazetecilik,İstanbul,SÖZ,488.25,500.06,60,60,184
Yıldız Teknik Üniversitesi,Radyo Televizyon ve Sinema,İstanbul,SÖZ,485.1,495.5,50,50,219
Yıldız Teknik Üniversitesi,Halkla İlişkiler ve Tanıtım,İstanbul,SÖZ,480.9,494.08,50,50,231
Yıldız Teknik Üniversitesi,İletişim Tasarımı,İstanbul,SÖZ,483.0,492.95,30,30,189
İstanbul Üniversitesi,Bilgisayar Mühendisliği,İstanbul,SAY,535.86,551.53,70,70,100
İstanbul Üniversitesi,Elektrik-Elektronik Mühendisliği,İstanbul,SAY,526.47,539.59,60,60,100
İstanbul Üniversitesi,Makine Mühendisliği,İstanbul,SAY,522.92,532.5,70,70,105
İstanbul Üniversitesi,İnşaat Mühendisliği,İstanbul,SAY,516.33,525.98,80,80,122
İstanbul Üniversitesi,Endüstri Mühendisliği,İstanbul,SAY,517.58,526.39,50,50,124
İstanbul Üniversitesi,Kimya Mühendisliği,İstanbul,SAY,508.96,520.62,60,60,119
İstanbul Üniversitesi,Mekatronik Mühendisliği,İstanbul,SAY,505.07,518.18,60,60,140
İstanbul Üniversitesi,Yazılım Mühendisliği,İstanbul,SAY,508.48,519.26,60,60,143
İstanbul Üniversitesi,Biyomedikal Mühendisliği,İstanbul,SAY,501.68,515.33,40,40,137
İstanbul Üniversitesi,Çevre Mühendisliği,İstanbul,SAY,487.11,496.18,50,50,170
İstanbul Üniversitesi,Gıda Mühendisliği,İstanbul,SAY,479.54,493.09,50,50,227
İstanbul Üniversitesi,Jeoloji Mühendisliği,İstanbul,SAY,469.07,480.14,40,40,265
İstanbul Üniversitesi,Maden Mühendisliği,İstanbul,SAY,465.26,478.42,40,40,372
İstanbul Üniversitesi,Metalurji ve Malzeme Mühendisliği,İstanbul,SAY,467.1,476.22,30,30,291
İstanbul Üniversitesi,Tekstil Mühendisliği,İstanbul,SAY,456.32,467.19,30,30,360
İstanbul Üniversitesi,Fizik,İstanbul,SAY,481.29,497.0,50,50,218
İstanbul Üniversitesi,Kimya,İstanbul,SAY,475.41,486.74,50,50,275
İstanbul Üniversitesi,Matematik,İstanbul,SAY,482.0,490.25,50,50,231
İstanbul Üniversitesi,İstatistik,İstanbul,SAY,480.09,492.39,50,50,201
İstanbul Üniversitesi,Biyoloji,İstanbul,SAY,470.66,484.79,50,50,285
İstanbul Üniversitesi,Moleküler Biyoloji ve Genetik,İstanbul,SAY,495.45,509.65,30,30,178
İstanbul Üniversitesi,Tıp,İstanbul,SAY,554.78,563.11,80,80,100
İstanbul Üniversitesi,Diş Hekimliği,İstanbul,SAY,541.5,550.32,40,40,100
İstanbul Üniversitesi,Eczacılık,İstanbul,SAY,527.15,543.14,30,30,100
İstanbul Üniversitesi,Veteriner,İstanbul,SAY,506.8,518.31,40,40,152
İstanbul Üniversitesi,Hemşirelik,İstanbul,SAY,475.78,490.27,70,70,254
İstanbul Üniversitesi,Ebelik,İstanbul,SAY,462.3,475.36,30,30,317
İstanbul Üniversitesi,Fizyoterapi ve Rehabilitasyon,İstanbul,SAY,485.8,495.46,30,30,171
İstanbul Üniversitesi,Beslenme ve Diyetetik,İstanbul,SAY,480.13,492.44,40,40,212
İstanbul Üniversitesi,Şehir ve Bölge Planlama,İstanbul,SAY,486.3,496.44,40,40,217
İstanbul Üniversitesi,Peyzaj Mimarlığı,İstanbul,SAY,472.32,481.08,40,40,307
İstanbul Üniversitesi,Orman Mühendisliği,İstanbul,SAY,463.55,479.49,30,30,377
İstanbul Üniversitesi,Ziraat Mühendisliği,İstanbul,SAY,459.16,469.16,60,60,411
İstanbul Üniversitesi,Tarım Ekonomisi,İstanbul,SAY,450.37,463.78,40,40,515
İstanbul Üniversitesi,İşletme,İstanbul,EA,503.51,514.82,80,80,138
İstanbul Üniversitesi,İktisat,İstanbul,EA,502.08,510.82,70,70,145
İstanbul Üniversitesi,Maliye,İstanbul,EA,492.22,503.17,50,50,197
İstanbul Üniversitesi,Kamu Yönetimi,İstanbul,EA,481.51,495.7,60,60,232
İstanbul Üniversitesi,Uluslararası İlişkiler,İstanbul,EA,507.71,521.02,40,40,125
İstanbul Üniversitesi,Hukuk,İstanbul,EA,520.41,530.15,70,70,104
İstanbul Üniversitesi,Siyaset Bilimi ve Kamu Yönetimi,İstanbul,EA,496.37,511.0,60,60,153
İstanbul Üniversitesi,Çalışma Ekonomisi ve Endüstri İlişkileri,İstanbul,EA,479.8,491.68,40,40,215
İstanbul Üniversitesi,Uluslararası Ticaret ve Lojistik,İstanbul,EA,484.85,493.65,50,50,219
İstanbul Üniversitesi,Bankacılık ve Finans,İstanbul,EA,489.39,504.25,40,40,180
İstanbul Üniversitesi,Muhasebe ve Finansal Yönetim,İstanbul,EA,480.11,489.73,50,50,236
İstanbul Üniversitesi,Turizm İşletmeciliği,İstanbul,EA,465.0,474.27,50,50,369
İstanbul Üniversitesi,Gastronomi ve Mutfak Sanatları,İstanbul,EA,457.89,467.89,40,40,387
İstanbul Üniversitesi,Sosyoloji,İstanbul,EA,469.23,480.4,60,60,274
İstanbul Üniversitesi,Psikoloji,İstanbul,EA,506.36,519.6,40,40,142
İstanbul Üniversitesi,Tarih,İstanbul,EA,463.96,473.02,60,60,308
İstanbul Üniversitesi,Coğrafya,İstanbul,EA,447.9,461.46,40,40,619
İstanbul Üniversitesi,Felsefe,İstanbul,EA,468.73,477.79,30,30,257
İstanbul Üniversitesi,Arkeoloji,İstanbul,EA,462.42,471.24,40,40,332
İstanbul Üniversitesi,Sanat Tarihi,İstanbul,EA,454.78,468.97,30,30,478
İstanbul Üniversitesi,Sosyal Hizmet,İstanbul,EA,474.2,483.34,40,40,259
İstanbul Üniversitesi,Türk Dili ve Edebiyatı,İstanbul,SÖZ,472.14,483.66,60,60,289
İstanbul Üniversitesi,Türk Dili ve Edebiyatı Öğretmenliği,İstanbul,SÖZ,475.27,486.56,40,40,265
İstanbul Üniversitesi,İngilizce Öğretmenliği,İstanbul,SÖZ,482.02,490.82,40,40,231
İstanbul Üniversitesi,Almanca Öğretmenliği,İstanbul,SÖZ,463.4,479.11,20,20,322
İstanbul Üniversitesi,Fransızca Öğretmenliği,İstanbul,SÖZ,459.7,468.37,30,30,387
İstanbul Üniversitesi,Rehberlik ve Psikolojik Danışmanlık,İstanbul,SÖZ,490.25,504.48,40,40,191
İstanbul Üniversitesi,Okul Öncesi Öğretmenliği,İstanbul,SÖZ,472.19,482.6,60,60,271
İstanbul Üniversitesi,Sınıf Öğretmenliği,İstanbul,SÖZ,478.85,489.21,60,60,200
İstanbul Üniversitesi,İlahiyat,İstanbul,SÖZ,459.69,471.65,70,70,336
İstanbul Üniversitesi,Arap Dili ve Edebiyatı,İstanbul,SÖZ,449.36,461.59,40,40,613
İstanbul Üniversitesi,İngiliz Dili ve Edebiyatı,İstanbul,SÖZ,482.0,491.06,40,40,238
İstanbul Üniversitesi,Fransız Dili ve Edebiyatı,İstanbul,SÖZ,458.19,471.65,30,30,430
İstanbul Üniversitesi,Alman Dili ve Edebiyatı,İstanbul,SÖZ,458.58,466.71,20,20,342
İstanbul Üniversitesi,Japon Dili ve Edebiyatı,İstanbul,SÖZ,464.4,472.88,30,30,360
İstanbul Üniversitesi,Çin Dili ve Edebiyatı,İstanbul,SÖZ,464.87,476.88,30,30,319
İstanbul Üniversitesi,Gazetecilik,İstanbul,SÖZ,471.79,484.08,50,50,282
İstanbul Üniversitesi,Radyo Televizyon ve Sinema,İstanbul,SÖZ,470.1,482.19,60,60,259
İstanbul Üniversitesi,Halkla İlişkiler ve Tanıtım,İstanbul,SÖZ,467.38,478.51,60,60,318
İstanbul Üniversitesi,İletişim Tasarımı,İstanbul,SÖZ,470.29,478.82,40,40,300
İstanbul Üniversitesi-Cerrahpaşa,Bilgisayar Mühendisliği,İstanbul,SAY,548.08,556.54,70,70,100
İstanbul Üniversitesi-Cerrahpaşa,Elektrik-Elektronik Mühendisliği,İstanbul,SAY,538.44,551.31,80,80,100
İstanbul Üniversitesi-Cerrahpaşa,Makine Mühendisliği,İstanbul,SAY,533.92,542.88,80,80,100
İstanbul Üniversitesi-Cerrahpaşa,İnşaat Mühendisliği,İstanbul,SAY,523.18,538.8,80,80,103
İstanbul Üniversitesi-Cerrahpaşa,Endüstri Mühendisliği,İstanbul,SAY,531.72,541.06,60,60,100
İstanbul Üniversitesi-Cerrahpaşa,Kimya Mühendisliği,İstanbul,SAY,518.61,533.7,40,40,118
İstanbul Üniversitesi-Cerrahpaşa,Mekatronik Mühendisliği,İstanbul,SAY,516.64,526.82,60,60,100
İstanbul Üniversitesi-Cerrahpaşa,Yazılım Mühendisliği,İstanbul,SAY,518.38,527.0,50,50,109
İstanbul Üniversitesi-Cerrahpaşa,Biyomedikal Mühendisliği,İstanbul,SAY,509.6,522.14,30,30,121
İstanbul Üniversitesi-Cerrahpaşa,Çevre Mühendisliği,İstanbul,SAY,496.82,509.41,50,50,169
İstanbul Üniversitesi-Cerrahpaşa,Gıda Mühendisliği,İstanbul,SAY,490.93,499.28,50,50,197
İstanbul Üniversitesi-Cerrahpaşa,Jeoloji Mühendisliği,İstanbul,SAY,480.31,491.37,40,40,199
İstanbul Üniversitesi-Cerrahpaşa,Maden Mühendisliği,İstanbul,SAY,475.34,487.76,40,40,281
İstanbul Üniversitesi-Cerrahpaşa,Metalurji ve Malzeme Mühendisliği,İstanbul,SAY,475.84,486.41,40,40,240
İstanbul Üniversitesi-Cerrahpaşa,Tekstil Mühendisliği,İstanbul,SAY,466.63,475.25,40,40,301
İstanbul Üniversitesi-Cerrahpaşa,Fizik,İstanbul,SAY,491.21,500.64,70,70,193
İstanbul Üniversitesi-Cerrahpaşa,Kimya,İstanbul,SAY,486.32,494.87,50,50,193
İstanbul Üniversitesi-Cerrahpaşa,Matematik,İstanbul,SAY,496.07,506.69,40,40,163
İstanbul Üniversitesi-Cerrahpaşa,İstatistik,İstanbul,SAY,489.08,501.59,60,60,174
İstanbul Üniversitesi-Cerrahpaşa,Biyoloji,İstanbul,SAY,478.18,490.91,60,60,233
İstanbul Üniversitesi-Cerrahpaşa,Moleküler Biyoloji ve Genetik,İstanbul,SAY,505.69,520.89,30,30,146
İstanbul Üniversitesi-Cerrahpaşa,Tıp,İstanbul,SAY,560.72,572.0,70,70,100
İstanbul Üniversitesi-Cerrahpaşa,Veteriner,İstanbul,SAY,516.84,531.86,30,30,128
İstanbul Üniversitesi-Cerrahpaşa,Hemşirelik,İstanbul,SAY,487.66,502.45,60,60,204
İstanbul Üniversitesi-Cerrahpaşa,Ebelik,İstanbul,SAY,470.26,480.17,30,30,283
İstanbul Üniversitesi-Cerrahpaşa,Fizyoterapi ve Rehabilitasyon,İstanbul,SAY,500.1,513.79,40,40,131
İstanbul Üniversitesi-Cerrahpaşa,Beslenme ve Diyetetik,İstanbul,SAY,493.26,505.42,30,30,180
İstanbul Üniversitesi-Cerrahpaşa,Şehir ve Bölge Planlama,İstanbul,SAY,499.97,508.65,30,30,131
İstanbul Üniversitesi-Cerrahpaşa,Peyzaj Mimarlığı,İstanbul,SAY,482.4,491.0,30,30,217
İstanbul Üniversitesi-Cerrahpaşa,Orman Mühendisliği,İstanbul,SAY,472.87,482.76,30,30,246
İstanbul Üniversitesi-Cerrahpaşa,Ziraat Mühendisliği,İstanbul,SAY,467.72,481.33,50,50,324
İstanbul Üniversitesi-Cerrahpaşa,Tarım Ekonomisi,İstanbul,SAY,456.23,464.83,40,40,386
İstanbul Üniversitesi-Cerrahpaşa,İşletme,İstanbul,EA,515.31,524.55,70,70,104
İstanbul Üniversitesi-Cerrahpaşa,İktisat,İstanbul,EA,509.04,521.33,70,70,145
İstanbul Üniversitesi-Cerrahpaşa,Maliye,İstanbul,EA,498.05,508.17,50,50,138
İstanbul Üniversitesi-Cerrahpaşa,Kamu Yönetimi,İstanbul,EA,495.12,509.73,40,40,173
İstanbul Üniversitesi-Cerrahpaşa,Uluslararası İlişkiler,İstanbul,EA,519.94,530.56,50,50,100
İstanbul Üniversitesi-Cerrahpaşa,Siyaset Bilimi ve Kamu Yönetimi,İstanbul,EA,506.65,518.76,50,50,141
İstanbul Üniversitesi-Cerrahpaşa,Çalışma Ekonomisi ve Endüstri İlişkileri,İstanbul,EA,491.74,499.99,30,30,170
İstanbul Üniversitesi-Cerrahpaşa,Uluslararası Ticaret ve Lojistik,İstanbul,EA,498.61,508.61,60,60,152
İstanbul Üniversitesi-Cerrahpaşa,Bankacılık ve Finans,İstanbul,EA,499.12,507.22,70,70,168
İstanbul Üniversitesi-Cerrahpaşa,Muhasebe ve Finansal Yönetim,İstanbul,EA,484.5,499.09,60,60,196
İstanbul Üniversitesi-Cerrahpaşa,Turizm İşletmeciliği,İstanbul,EA,474.07,486.73,60,60,239
İstanbul Üniversitesi-Cerrahpaşa,Gastronomi ve Mutfak Sanatları,İstanbul,EA,463.05,471.57,30,30,386
İstanbul Üniversitesi-Cerrahpaşa,Sosyoloji,İstanbul,EA,478.25,493.49,50,50,257
İstanbul Üniversitesi-Cerrahpaşa,Psikoloji,İstanbul,EA,515.18,526.87,60,60,104
İstanbul Üniversitesi-Cerrahpaşa,Tarih,İstanbul,EA,475.13,486.29,60,60,216
İstanbul Üniversitesi-Cerrahpaşa,Coğrafya,İstanbul,EA,457.72,467.44,30,30,366
İstanbul Üniversitesi-Cerrahpaşa,Felsefe,İstanbul,EA,480.7,488.98,30,30,228
İstanbul Üniversitesi-Cerrahpaşa,Arkeoloji,İstanbul,EA,468.85,480.15,30,30,299
İstanbul Üniversitesi-Cerrahpaşa,Sanat Tarihi,İstanbul,EA,464.6,473.7,40,40,300
İstanbul Üniversitesi-Cerrahpaşa,Sosyal Hizmet,İstanbul,EA,480.63,493.68,60,60,242
İstanbul Üniversitesi-Cerrahpaşa,Türk Dili ve Edebiyatı,İstanbul,SÖZ,483.42,497.68,60,60,199
İstanbul Üniversitesi-Cerrahpaşa,Türk Dili ve Edebiyatı Öğretmenliği,İstanbul,SÖZ,486.63,501.93,30,30,195
İstanbul Üniversitesi-Cerrahpaşa,İngilizce Öğretmenliği,İstanbul,SÖZ,492.08,502.63,40,40,159
İstanbul Üniversitesi-Cerrahpaşa,Almanca Öğretmenliği,İstanbul,SÖZ,474.87,483.34,30,30,290
İstanbul Üniversitesi-Cerrahpaşa,Fransızca Öğretmenliği,İstanbul,SÖZ,471.68,487.68,20,20,312
İstanbul Üniversitesi-Cerrahpaşa,Rehberlik ve Psikolojik Danışmanlık,İstanbul,SÖZ,500.14,510.27,40,40,164
İstanbul Üniversitesi-Cerrahpaşa,Okul Öncesi Öğretmenliği,İstanbul,SÖZ,477.82,493.79,60,60,216
İstanbul Üniversitesi-Cerrahpaşa,Sınıf Öğretmenliği,İstanbul,SÖZ,488.5,499.34,60,60,206
İstanbul Üniversitesi-Cerrahpaşa,İlahiyat,İstanbul,SÖZ,463.98,476.72,80,80,366
İstanbul Üniversitesi-Cerrahpaşa,Arap Dili ve Edebiyatı,İstanbul,SÖZ,460.08,468.31,40,40,399
İstanbul Üniversitesi-Cerrahpaşa,İngiliz Dili ve Edebiyatı,İstanbul,SÖZ,489.18,501.68,40,40,167
İstanbul Üniversitesi-Cerrahpaşa,Fransız Dili ve Edebiyatı,İstanbul,SÖZ,470.29,482.23,20,20,267
İstanbul Üniversitesi-Cerrahpaşa,Alman Dili ve Edebiyatı,İstanbul,SÖZ,463.46,473.32,30,30,312
İstanbul Üniversitesi-Cerrahpaşa,Japon Dili ve Edebiyatı,İstanbul,SÖZ,473.32,488.66,20,20,239
İstanbul Üniversitesi-Cerrahpaşa,Çin Dili ve Edebiyatı,İstanbul,SÖZ,474.5,489.85,20,20,282
İstanbul Üniversitesi-Cerrahpaşa,Gazetecilik,İstanbul,SÖZ,480.73,493.42,60,60,248
İstanbul Üniversitesi-Cerrahpaşa,Radyo Televizyon ve Sinema,İstanbul,SÖZ,482.56,497.45,50,50,241
İstanbul Üniversitesi-Cerrahpaşa,Halkla İlişkiler ve Tanıtım,İstanbul,SÖZ,478.97,490.13,50,50,202
İstanbul Üniversitesi-Cerrahpaşa,İletişim Tasarımı,İstanbul,SÖZ,476.22,485.48,40,40,277
Ege Üniversitesi,Bilgisayar Mühendisliği,İzmir,SAY,551.25,564.44,90,90,100
Ege Üniversitesi,Elektrik-Elektronik Mühendisliği,İzmir,SAY,543.9,559.33,70,70,100
Ege Üniversitesi,Makine Mühendisliği,İzmir,SAY,537.6,547.0,80,80,100
Ege Üniversitesi,İnşaat Mühendisliği,İzmir,SAY,530.25,544.08,90,90,105
Ege Üniversitesi,Endüstri Mühendisliği,İzmir,SAY,535.5,551.45,40,40,100
Ege Üniversitesi,Kimya Mühendisliği,İzmir,SAY,525.0,540.37,50,50,114
Ege Üniversitesi,Mekatronik Mühendisliği,İzmir,SAY,519.75,535.24,60,60,100
Ege Üniversitesi,Yazılım Mühendisliği,İzmir,SAY,522.9,538.76,60,60,100
Ege Üniversitesi,Biyomedikal Mühendisliği,İzmir,SAY,514.5,528.17,40,40,122
Ege Üniversitesi,Çevre Mühendisliği,İzmir,SAY,504.0,514.12,40,40,129
Ege Üniversitesi,Gıda Mühendisliği,İzmir,SAY,495.6,504.46,50,50,138
Ege Üniversitesi,Jeoloji Mühendisliği,İzmir,SAY,485.1,500.85,30,30,224
Ege Üniversitesi,Maden Mühendisliği,İzmir,SAY,477.75,490.12,30,30,208
Ege Üniversitesi,Metalurji ve Malzeme Mühendisliği,İzmir,SAY,480.9,494.11,30,30,232
Ege Üniversitesi,Tekstil Mühendisliği,İzmir,SAY,472.5,487.27,30,30,251
Ege Üniversitesi,Fizik,İzmir,SAY,493.5,502.09,50,50,153
Ege Üniversitesi,Kimya,İzmir,SAY,488.25,500.63,50,50,210
Ege Üniversitesi,Matematik,İzmir,SAY,498.75,511.66,40,40,153
Ege Üniversitesi,İstatistik,İzmir,SAY,495.6,504.92,50,50,182
Ege Üniversitesi,Biyoloji,İzmir,SAY,483.0,492.64,60,60,190
Ege Üniversitesi,Moleküler Biyoloji ve Genetik,İzmir,SAY,512.4,526.24,30,30,113
Ege Üniversitesi,Tıp,İzmir,SAY,569.1,577.5,90,90,100
Ege Üniversitesi,Diş Hekimliği,İzmir,SAY,554.4,565.29,30,30,100
Ege Üniversitesi,Eczacılık,İzmir,SAY,543.9,556.7,30,30,100
Ege Üniversitesi,Veteriner,İzmir,SAY,519.75,530.08,40,40,100
Ege Üniversitesi,Hemşirelik,İzmir,SAY,491.4,502.58,80,80,176
Ege Üniversitesi,Ebelik,İzmir,SAY,474.6,486.95,40,40,230
Ege Üniversitesi,Fizyoterapi ve Rehabilitasyon,İzmir,SAY,501.9,513.47,30,30,134
Ege Üniversitesi,Beslenme ve Diyetetik,İzmir,SAY,495.6,505.75,40,40,141
Ege Üniversitesi,Mimarlık,İzmir,SAY,522.9,531.59,60,60,100
Ege Üniversitesi,Şehir ve Bölge Planlama,İzmir,SAY,501.9,514.62,40,40,147
Ege Üniversitesi,Peyzaj Mimarlığı,İzmir,SAY,485.1,496.45,40,40,203
Ege Üniversitesi,Orman Mühendisliği,İzmir,SAY,474.6,489.65,30,30,253
Ege Üniversitesi,Ziraat Mühendisliği,İzmir,SAY,470.4,484.11,60,60,283
Ege Üniversitesi,Tarım Ekonomisi,İzmir,SAY,462.0,475.42,30,30,368
Ege Üniversitesi,İşletme,İzmir,EA,519.75,529.13,90,90,123
Ege Üniversitesi,İktisat,İzmir,EA,514.5,523.51,90,90,115
Ege Üniversitesi,Maliye,İzmir,EA,504.0,519.98,60,60,145
Ege Üniversitesi,Kamu Yönetimi,İzmir,EA,498.75,514.04,40,40,173
Ege Üniversitesi,Uluslararası İlişkiler,İzmir,EA,522.9,534.08,50,50,100
Ege Üniversitesi,Hukuk,İzmir,EA,535.5,550.49,80,80,100
Ege Üniversitesi,Siyaset Bilimi ve Kamu Yönetimi,İzmir,EA,512.4,523.76,50,50,118
Ege Üniversitesi,Çalışma Ekonomisi ve Endüstri İlişkileri,İzmir,EA,493.5,507.57,40,40,192
Ege Üniversitesi,Uluslararası Ticaret ve Lojistik,İzmir,EA,501.9,510.71,60,60,135
Ege Üniversitesi,Bankacılık ve Finans,İzmir,EA,506.1,517.39,50,50,130
Ege Üniversitesi,Muhasebe ve Finansal Yönetim,İzmir,EA,491.4,499.7,50,50,165
Ege Üniversitesi,Turizm İşletmeciliği,İzmir,EA,477.75,491.3,60,60,204
Ege Üniversitesi,Gastronomi ve Mutfak Sanatları,İzmir,EA,470.4,480.3,40,40,303
Ege Üniversitesi,Sosyoloji,İzmir,EA,485.1,493.26,50,50,220
Ege Üniversitesi,Psikoloji,İzmir,EA,522.9,534.83,50,50,109
Ege Üniversitesi,Tarih,İzmir,EA,477.75,486.83,50,50,270
Ege Üniversitesi,Coğrafya,İzmir,EA,464.1,474.26,40,40,326
Ege Üniversitesi,Felsefe,İzmir,EA,483.0,492.69,40,40,230
Ege Üniversitesi,Arkeoloji,İzmir,EA,474.6,489.54,40,40,279
Ege Üniversitesi,Sanat Tarihi,İzmir,EA,470.4,480.89,30,30,283
Ege Üniversitesi,Sosyal Hizmet,İzmir,EA,485.1,500.13,50,50,172
Ege Üniversitesi,Türk Dili ve Edebiyatı,İzmir,SÖZ,485.1,499.8,50,50,185
Ege Üniversitesi,Türk Dili ve Edebiyatı Öğretmenliği,İzmir,SÖZ,491.4,505.04,40,40,164
Ege Üniversitesi,İngilizce Öğretmenliği,İzmir,SÖZ,498.75,511.83,30,30,136
Ege Üniversitesi,Almanca Öğretmenliği,İzmir,SÖZ,477.75,490.5,30,30,214
Ege Üniversitesi,Fransızca Öğretmenliği,İzmir,SÖZ,474.6,485.4,30,30,229
Ege Üniversitesi,Rehberlik ve Psikolojik Danışmanlık,İzmir,SÖZ,504.0,517.51,30,30,130
Ege Üniversitesi,Okul Öncesi Öğretmenliği,İzmir,SÖZ,485.1,497.68,60,60,229
Ege Üniversitesi,Sınıf Öğretmenliği,İzmir,SÖZ,491.4,504.82,50,50,164
Ege Üniversitesi,İlahiyat,İzmir,SÖZ,470.4,484.64,60,60,305
Ege Üniversitesi,Arap Dili ve Edebiyatı,İzmir,SÖZ,462.0,475.18,30,30,366
Ege Üniversitesi,İngiliz Dili ve Edebiyatı,İzmir,SÖZ,493.5,507.94,40,40,160
Ege Üniversitesi,Fransız Dili ve Edebiyatı,İzmir,SÖZ,472.5,483.89,20,20,258
Ege Üniversitesi,Alman Dili ve Edebiyatı,İzmir,SÖZ,470.4,482.13,30,30,298
Ege Üniversitesi,Japon Dili ve Edebiyatı,İzmir,SÖZ,480.9,489.72,30,30,220
Ege Üniversitesi,Çin Dili ve Edebiyatı,İzmir,SÖZ,477.75,488.74,30,30,247
Ege Üniversitesi,Gazetecilik,İzmir,SÖZ,488.25,497.11,70,70,163
Ege Üniversitesi,Radyo Televizyon ve Sinema,İzmir,SÖZ,485.1,499.99,60,60,186
Ege Üniversitesi,Halkla İlişkiler ve Tanıtım,İzmir,SÖZ,480.9,491.29,60,60,196
Ege Üniversitesi,İletişim Tasarımı,İzmir,SÖZ,483.0,497.44,40,40,229
Dokuz Eylül Üniversitesi,Bilgisayar Mühendisliği,İzmir,SAY,546.96,560.41,80,80,100
Dokuz Eylül Üniversitesi,Elektrik-Elektronik Mühendisliği,İzmir,SAY,541.7,551.78,70,70,100
Dokuz Eylül Üniversitesi,Makine Mühendisliği,İzmir,SAY,529.69,543.35,70,70,100
Dokuz Eylül Üniversitesi,İnşaat Mühendisliği,İzmir,SAY,526.56,536.34,80,80,100
Dokuz Eylül Üniversitesi,Endüstri Mühendisliği,İzmir,SAY,532.84,546.21,60,60,100
Dokuz Eylül Üniversitesi,Kimya Mühendisliği,İzmir,SAY,522.04,537.05,50,50,100
Dokuz Eylül Üniversitesi,Mekatronik Mühendisliği,İzmir,SAY,512.57,522.64,60,60,132
Dokuz Eylül Üniversitesi,Yazılım Mühendisliği,İzmir,SAY,516.02,529.46,50,50,109
Dokuz Eylül Üniversitesi,Biyomedikal Mühendisliği,İzmir,SAY,508.73,522.68,40,40,121
Dokuz Eylül Üniversitesi,Çevre Mühendisliği,İzmir,SAY,498.19,508.27,60,60,145
Dokuz Eylül Üniversitesi,Gıda Mühendisliği,İzmir,SAY,490.7,505.63,70,70,183
Dokuz Eylül Üniversitesi,Jeoloji Mühendisliği,İzmir,SAY,477.91,493.03,40,40,236
Dokuz Eylül Üniversitesi,Maden Mühendisliği,İzmir,SAY,472.49,482.88,40,40,232
Dokuz Eylül Üniversitesi,Metalurji ve Malzeme Mühendisliği,İzmir,SAY,474.14,483.74,40,40,250
Dokuz Eylül Üniversitesi,Tekstil Mühendisliği,İzmir,SAY,470.44,482.1,40,40,267
Dokuz Eylül Üniversitesi,Fizik,İzmir,SAY,490.47,502.37,50,50,187
Dokuz Eylül Üniversitesi,Kimya,İzmir,SAY,484.41,492.45,60,60,190
Dokuz Eylül Üniversitesi,Matematik,İzmir,SAY,492.01,506.13,60,60,174
Dokuz Eylül Üniversitesi,İstatistik,İzmir,SAY,488.41,501.33,50,50,195
Dokuz Eylül Üniversitesi,Biyoloji,İzmir,SAY,481.19,492.26,50,50,188
Dokuz Eylül Üniversitesi,Moleküler Biyoloji ve Genetik,İzmir,SAY,506.76,514.87,40,40,125
Dokuz Eylül Üniversitesi,Tıp,İzmir,SAY,561.82,575.23,70,70,100
Dokuz Eylül Üniversitesi,Diş Hekimliği,İzmir,SAY,550.28,561.03,30,30,100
Dokuz Eylül Üniversitesi,Veteriner,İzmir,SAY,515.33,524.67,30,30,127
Dokuz Eylül Üniversitesi,Hemşirelik,İzmir,SAY,485.46,499.28,70,70,204
Dokuz Eylül Üniversitesi,Ebelik,İzmir,SAY,472.41,488.37,40,40,256
Dokuz Eylül Üniversitesi,Fizyoterapi ve Rehabilitasyon,İzmir,SAY,496.28,505.79,40,40,182
Dokuz Eylül Üniversitesi,Beslenme ve Diyetetik,İzmir,SAY,490.3,500.13,30,30,193
Dokuz Eylül Üniversitesi,Mimarlık,İzmir,SAY,519.32,532.04,50,50,100
Dokuz Eylül Üniversitesi,Şehir ve Bölge Planlama,İzmir,SAY,498.02,506.32,30,30,173
Dokuz Eylül Üniversitesi,Peyzaj Mimarlığı,İzmir,SAY,480.69,489.08,40,40,253
Dokuz Eylül Üniversitesi,Orman Mühendisliği,İzmir,SAY,471.0,479.16,30,30,294
Dokuz Eylül Üniversitesi,Ziraat Mühendisliği,İzmir,SAY,465.2,477.58,50,50,322
Dokuz Eylül Üniversitesi,Tarım Ekonomisi,İzmir,SAY,458.77,471.81,40,40,368
Dokuz Eylül Üniversitesi,İşletme,İzmir,EA,515.77,525.93,60,60,118
Dokuz Eylül Üniversitesi,İktisat,İzmir,EA,511.58,520.42,60,60,131
Dokuz Eylül Üniversitesi,Maliye,İzmir,EA,496.88,505.73,50,50,144
Dokuz Eylül Üniversitesi,Kamu Yönetimi,İzmir,EA,492.58,504.77,60,60,157
Dokuz Eylül Üniversitesi,Uluslararası İlişkiler,İzmir,EA,516.69,525.01,50,50,113
Dokuz Eylül Üniversitesi,Hukuk,İzmir,EA,533.0,543.64,80,80,100
Dokuz Eylül Üniversitesi,Siyaset Bilimi ve Kamu Yönetimi,İzmir,EA,509.96,524.64,50,50,133
Dokuz Eylül Üniversitesi,Çalışma Ekonomisi ve Endüstri İlişkileri,İzmir,EA,486.34,498.43,30,30,209
Dokuz Eylül Üniversitesi,Uluslararası Ticaret ve Lojistik,İzmir,EA,495.66,505.51,50,50,186
Dokuz Eylül Üniversitesi,Bankacılık ve Finans,İzmir,EA,501.07,509.87,40,40,132
Dokuz Eylül Üniversitesi,Muhasebe ve Finansal Yönetim,İzmir,EA,485.46,499.87,60,60,187
Dokuz Eylül Üniversitesi,Turizm İşletmeciliği,İzmir,EA,470.77,484.84,60,60,241
Dokuz Eylül Üniversitesi,Gastronomi ve Mutfak Sanatları,İzmir,EA,466.9,476.26,30,30,296
Dokuz Eylül Üniversitesi,Sosyoloji,İzmir,EA,481.21,496.24,60,60,192
Dokuz Eylül Üniversitesi,Psikoloji,İzmir,EA,516.02,527.23,50,50,130
Dokuz Eylül Üniversitesi,Tarih,İzmir,EA,472.51,487.32,60,60,292
Dokuz Eylül Üniversitesi,Coğrafya,İzmir,EA,461.46,470.36,30,30,382
Dokuz Eylül Üniversitesi,Felsefe,İzmir,EA,481.05,490.33,40,40,213
Dokuz Eylül Üniversitesi,Arkeoloji,İzmir,EA,471.89,485.32,30,30,245
Dokuz Eylül Üniversitesi,Sanat Tarihi,İzmir,EA,465.07,473.3,40,40,344
Dokuz Eylül Üniversitesi,Sosyal Hizmet,İzmir,EA,483.32,492.37,50,50,235
Dokuz Eylül Üniversitesi,Türk Dili ve Edebiyatı,İzmir,SÖZ,479.95,488.32,50,50,208
Dokuz Eylül Üniversitesi,Türk Dili ve Edebiyatı Öğretmenliği,İzmir,SÖZ,487.95,501.37,40,40,204
Dokuz Eylül Üniversitesi,İngilizce Öğretmenliği,İzmir,SÖZ,494.39,510.21,30,30,175
Dokuz Eylül Üniversitesi,Almanca Öğretmenliği,İzmir,SÖZ,473.34,486.94,30,30,231
Dokuz Eylül Üniversitesi,Fransızca Öğretmenliği,İzmir,SÖZ,468.57,479.34,20,20,312
Dokuz Eylül Üniversitesi,Rehberlik ve Psikolojik Danışmanlık,İzmir,SÖZ,501.23,513.7,30,30,168
Dokuz Eylül Üniversitesi,Okul Öncesi Öğretmenliği,İzmir,SÖZ,481.34,490.6,60,60,240
Dokuz Eylül Üniversitesi,Sınıf Öğretmenliği,İzmir,SÖZ,488.94,497.54,50,50,185
Dokuz Eylül Üniversitesi,İlahiyat,İzmir,SÖZ,468.74,477.14,80,80,270
Dokuz Eylül Üniversitesi,Arap Dili ve Edebiyatı,İzmir,SÖZ,457.02,466.9,40,40,408
Dokuz Eylül Üniversitesi,İngiliz Dili ve Edebiyatı,İzmir,SÖZ,488.49,503.34,30,30,184
Dokuz Eylül Üniversitesi,Fransız Dili ve Edebiyatı,İzmir,SÖZ,467.98,481.21,20,20,265
Dokuz Eylül Üniversitesi,Alman Dili ve Edebiyatı,İzmir,SÖZ,466.26,474.26,30,30,277
Dokuz Eylül Üniversitesi,Japon Dili ve Edebiyatı,İzmir,SÖZ,477.03,487.47,20,20,241
Dokuz Eylül Üniversitesi,Çin Dili ve Edebiyatı,İzmir,SÖZ,474.23,489.83,20,20,246
Dokuz Eylül Üniversitesi,Gazetecilik,İzmir,SÖZ,481.94,493.58,60,60,218
Dokuz Eylül Üniversitesi,Radyo Televizyon ve Sinema,İzmir,SÖZ,480.32,493.58,50,50,237
Dokuz Eylül Üniversitesi,Halkla İlişkiler ve Tanıtım,İzmir,SÖZ,477.88,487.65,60,60,224
Dokuz Eylül Üniversitesi,İletişim Tasarımı,İzmir,SÖZ,481.19,491.53,40,40,220
İzmir Yüksek Teknoloji Enstitüsü,Bilgisayar Mühendisliği,İzmir,SAY,551.25,560.56,80,80,100
İzmir Yüksek Teknoloji Enstitüsü,Elektrik-Elektronik Mühendisliği,İzmir,SAY,543.9,552.76,70,70,100
İzmir Yüksek Teknoloji Enstitüsü,Makine Mühendisliği,İzmir,SAY,537.6,548.74,80,80,100
İzmir Yüksek Teknoloji Enstitüsü,İnşaat Mühendisliği,İzmir,SAY,530.25,539.11,90,90,100
İzmir Yüksek Teknoloji Enstitüsü,Endüstri Mühendisliği,İzmir,SAY,535.5,548.21,50,50,100
İzmir Yüksek Teknoloji Enstitüsü,Kimya Mühendisliği,İzmir,SAY,525.0,540.65,50,50,100
İzmir Yüksek Teknoloji Enstitüsü,Mekatronik Mühendisliği,İzmir,SAY,519.75,528.14,60,60,122
İzmir Yüksek Teknoloji Enstitüsü,Yazılım Mühendisliği,İzmir,SAY,522.9,534.97,50,50,116
İzmir Yüksek Teknoloji Enstitüsü,Biyomedikal Mühendisliği,İzmir,SAY,514.5,528.34,30,30,104
İzmir Yüksek Teknoloji Enstitüsü,Çevre Mühendisliği,İzmir,SAY,504.0,519.06,50,50,140
İzmir Yüksek Teknoloji Enstitüsü,Gıda Mühendisliği,İzmir,SAY,495.6,510.93,50,50,175
İzmir Yüksek Teknoloji Enstitüsü,Jeoloji Mühendisliği,İzmir,SAY,485.1,500.86,30,30,198
İzmir Yüksek Teknoloji Enstitüsü,Maden Mühendisliği,İzmir,SAY,477.75,491.35,30,30,254
İzmir Yüksek Teknoloji Enstitüsü,Metalurji ve Malzeme Mühendisliği,İzmir,SAY,480.9,495.79,40,40,233
İzmir Yüksek Teknoloji Enstitüsü,Tekstil Mühendisliği,İzmir,SAY,472.5,482.11,30,30,277
İzmir Yüksek Teknoloji Enstitüsü,Fizik,İzmir,SAY,493.5,506.88,60,60,194
İzmir Yüksek Teknoloji Enstitüsü,Kimya,İzmir,SAY,488.25,500.28,50,50,198
İzmir Yüksek Teknoloji Enstitüsü,Matematik,İzmir,SAY,498.75,509.57,60,60,153
İzmir Yüksek Teknoloji Enstitüsü,İstatistik,İzmir,SAY,495.6,506.94,60,60,175
İzmir Yüksek Teknoloji Enstitüsü,Biyoloji,İzmir,SAY,483.0,497.78,60,60,229
İzmir Yüksek Teknoloji Enstitüsü,Moleküler Biyoloji ve Genetik,İzmir,SAY,512.4,521.56,30,30,128
İzmir Yüksek Teknoloji Enstitüsü,Veteriner,İzmir,SAY,519.75,529.04,30,30,101
İzmir Yüksek Teknoloji Enstitüsü,Hemşirelik,İzmir,SAY,491.4,504.92,80,80,166
İzmir Yüksek Teknoloji Enstitüsü,Ebelik,İzmir,SAY,474.6,489.11,40,40,224
İzmir Yüksek Teknoloji Enstitüsü,Fizyoterapi ve Rehabilitasyon,İzmir,SAY,501.9,516.82,40,40,155
İzmir Yüksek Teknoloji Enstitüsü,Beslenme ve Diyetetik,İzmir,SAY,495.6,509.87,30,30,177
İzmir Yüksek Teknoloji Enstitüsü,Şehir ve Bölge Planlama,İzmir,SAY,501.9,517.31,40,40,140
İzmir Yüksek Teknoloji Enstitüsü,Peyzaj Mimarlığı,İzmir,SAY,485.1,495.6,30,30,204
İzmir Yüksek Teknoloji Enstitüsü,Orman Mühendisliği,İzmir,SAY,474.6,487.56,40,40,276
İzmir Yüksek Teknoloji Enstitüsü,Ziraat Mühendisliği,İzmir,SAY,470.4,485.69,60,60,300
İzmir Yüksek Teknoloji Enstitüsü,Tarım Ekonomisi,İzmir,SAY,462.0,474.37,40,40,367
İzmir Yüksek Teknoloji Enstitüsü,İşletme,İzmir,EA,519.75,530.1,80,80,100
İzmir Yüksek Teknoloji Enstitüsü,İktisat,İzmir,EA,514.5,523.89,70,70,118
İzmir Yüksek Teknoloji Enstitüsü,Maliye,İzmir,EA,504.0,516.45,60,60,124
İzmir Yüksek Teknoloji Enstitüsü,Kamu Yönetimi,İzmir,EA,498.75,509.39,50,50,163
İzmir Yüksek Teknoloji Enstitüsü,Uluslararası İlişkiler,İzmir,EA,522.9,533.48,70,70,100
İzmir Yüksek Teknoloji Enstitüsü,Siyaset Bilimi ve Kamu Yönetimi,İzmir,EA,512.4,525.7,60,60,121
İzmir Yüksek Teknoloji Enstitüsü,Çalışma Ekonomisi ve Endüstri İlişkileri,İzmir,EA,493.5,507.77,30,30,160
İzmir Yüksek Teknoloji Enstitüsü,Uluslararası Ticaret ve Lojistik,İzmir,EA,501.9,510.45,50,50,145
İzmir Yüksek Teknoloji Enstitüsü,Bankacılık ve Finans,İzmir,EA,506.1,514.84,50,50,123
İzmir Yüksek Teknoloji Enstitüsü,Muhasebe ve Finansal Yönetim,İzmir,EA,491.4,502.29,60,60,162
İzmir Yüksek Teknoloji Enstitüsü,Turizm İşletmeciliği,İzmir,EA,477.75,493.72,70,70,260
İzmir Yüksek Teknoloji Enstitüsü,Gastronomi ve Mutfak Sanatları,İzmir,EA,470.4,483.75,40,40,278
İzmir Yüksek Teknoloji Enstitüsü,Sosyoloji,İzmir,EA,485.1,498.07,60,60,228
İzmir Yüksek Teknoloji Enstitüsü,Psikoloji,İzmir,EA,522.9,538.23,50,50,116
İzmir Yüksek Teknoloji Enstitüsü,Tarih,İzmir,EA,477.75,488.01,60,60,266
İzmir Yüksek Teknoloji Enstitüsü,Coğrafya,İzmir,EA,464.1,478.52,30,30,329
İzmir Yüksek Teknoloji Enstitüsü,Felsefe,İzmir,EA,483.0,492.54,40,40,210
İzmir Yüksek Teknoloji Enstitüsü,Arkeoloji,İzmir,EA,474.6,490.25,30,30,257
İzmir Yüksek Teknoloji Enstitüsü,Sanat Tarihi,İzmir,EA,470.4,483.76,40,40,306
İzmir Yüksek Teknoloji Enstitüsü,Sosyal Hizmet,İzmir,EA,485.1,493.93,60,60,203
İzmir Yüksek Teknoloji Enstitüsü,Türk Dili ve Edebiyatı,İzmir,SÖZ,485.1,499.3,70,70,209
İzmir Yüksek Teknoloji Enstitüsü,Türk Dili ve Edebiyatı Öğretmenliği,İzmir,SÖZ,491.4,500.63,30,30,174
İzmir Yüksek Teknoloji Enstitüsü,İngilizce Öğretmenliği,İzmir,SÖZ,498.75,507.18,40,40,167
İzmir Yüksek Teknoloji Enstitüsü,Almanca Öğretmenliği,İzmir,SÖZ,477.75,487.57,20,20,219
İzmir Yüksek Teknoloji Enstitüsü,Fransızca Öğretmenliği,İzmir,SÖZ,474.6,486.06,30,30,218
İzmir Yüksek Teknoloji Enstitüsü,Rehberlik ve Psikolojik Danışmanlık,İzmir,SÖZ,504.0,517.13,40,40,144
İzmir Yüksek Teknoloji Enstitüsü,Okul Öncesi Öğretmenliği,İzmir,SÖZ,485.1,498.71,70,70,175
İzmir Yüksek Teknoloji Enstitüsü,Sınıf Öğretmenliği,İzmir,SÖZ,491.4,505.7,50,50,166
İzmir Yüksek Teknoloji Enstitüsü,İlahiyat,İzmir,SÖZ,470.4,481.9,80,80,274
İzmir Yüksek Teknoloji Enstitüsü,Arap Dili ve Edebiyatı,İzmir,SÖZ,462.0,474.27,30,30,317
İzmir Yüksek Teknoloji Enstitüsü,İngiliz Dili ve Edebiyatı,İzmir,SÖZ,493.5,505.87,30,30,193
İzmir Yüksek Teknoloji Enstitüsü,Fransız Dili ve Edebiyatı,İzmir,SÖZ,472.5,487.81,30,30,291
İzmir Yüksek Teknoloji Enstitüsü,Alman Dili ve Edebiyatı,İzmir,SÖZ,470.4,486.0,30,30,287
İzmir Yüksek Teknoloji Enstitüsü,Japon Dili ve Edebiyatı,İzmir,SÖZ,480.9,488.94,30,30,226
İzmir Yüksek Teknoloji Enstitüsü,Çin Dili ve Edebiyatı,İzmir,SÖZ,477.75,488.19,30,30,254
İzmir Yüksek Teknoloji Enstitüsü,Gazetecilik,İzmir,SÖZ,488.25,499.55,60,60,196
İzmir Yüksek Teknoloji Enstitüsü,Radyo Televizyon ve Sinema,İzmir,SÖZ,485.1,494.87,50,50,221
İzmir Yüksek Teknoloji Enstitüsü,Halkla İlişkiler ve Tanıtım,İzmir,SÖZ,480.9,495.3,60,60,243
İzmir Yüksek Teknoloji Enstitüsü,İletişim Tasarımı,İzmir,SÖZ,483.0,498.95,40,40,207
İzmir Kâtip Çelebi Üniversitesi,Bilgisayar Mühendisliği,İzmir,SAY,513.24,521.78,80,80,105
İzmir Kâtip Çelebi Üniversitesi,Elektrik-Elektronik Mühendisliği,İzmir,SAY,507.56,518.21,80,80,117
İzmir Kâtip Çelebi Üniversitesi,Makine Mühendisliği,İzmir,SAY,499.36,512.32,70,70,170
İzmir Kâtip Çelebi Üniversitesi,İnşaat Mühendisliği,İzmir,SAY,494.6,507.53,80,80,156
İzmir Kâtip Çelebi Üniversitesi,Endüstri Mühendisliği,İzmir,SAY,500.19,511.11,50,50,141
İzmir Kâtip Çelebi Üniversitesi,Kimya Mühendisliği,İzmir,SAY,487.03,497.0,60,60,176
İzmir Kâtip Çelebi Üniversitesi,Mekatronik Mühendisliği,İzmir,SAY,484.72,499.44,60,60,180
İzmir Kâtip Çelebi Üniversitesi,Yazılım Mühendisliği,İzmir,SAY,490.31,502.01,50,50,173
İzmir Kâtip Çelebi Üniversitesi,Biyomedikal Mühendisliği,İzmir,SAY,480.51,489.92,40,40,229
İzmir Kâtip Çelebi Üniversitesi,Çevre Mühendisliği,İzmir,SAY,472.55,481.67,50,50,271
İzmir Kâtip Çelebi Üniversitesi,Gıda Mühendisliği,İzmir,SAY,464.88,473.49,40,40,286
İzmir Kâtip Çelebi Üniversitesi,Jeoloji Mühendisliği,İzmir,SAY,452.8,461.05,30,30,486
İzmir Kâtip Çelebi Üniversitesi,Maden Mühendisliği,İzmir,SAY,446.44,461.69,40,40,608
İzmir Kâtip Çelebi Üniversitesi,Metalurji ve Malzeme Mühendisliği,İzmir,SAY,451.83,463.61,30,30,531
İzmir Kâtip Çelebi Üniversitesi,Tekstil Mühendisliği,İzmir,SAY,439.34,453.52,30,30,864
İzmir Kâtip Çelebi Üniversitesi,Fizik,İzmir,SAY,460.39,472.47,60,60,361
İzmir Kâtip Çelebi Üniversitesi,Kimya,İzmir,SAY,456.68,471.46,60,60,456
İzmir Kâtip Çelebi Üniversitesi,Matematik,İzmir,SAY,463.5,475.61,50,50,335
İzmir Kâtip Çelebi Üniversitesi,İstatistik,İzmir,SAY,465.25,478.53,60,60,370
İzmir Kâtip Çelebi Üniversitesi,Biyoloji,İzmir,SAY,450.7,461.57,50,50,467
İzmir Kâtip Çelebi Üniversitesi,Moleküler Biyoloji ve Genetik,İzmir,SAY,475.62,486.58,30,30,214
İzmir Kâtip Çelebi Üniversitesi,Veteriner,İzmir,SAY,487.55,498.44,30,30,189
İzmir Kâtip Çelebi Üniversitesi,Hemşirelik,İzmir,SAY,455.92,471.76,80,80,406
İzmir Kâtip Çelebi Üniversitesi,Ebelik,İzmir,SAY,443.09,457.73,30,30,753
İzmir Kâtip Çelebi Üniversitesi,Fizyoterapi ve Rehabilitasyon,İzmir,SAY,468.71,478.1,30,30,309
İzmir Kâtip Çelebi Üniversitesi,Beslenme ve Diyetetik,İzmir,SAY,463.48,478.16,30,30,342
İzmir Kâtip Çelebi Üniversitesi,Şehir ve Bölge Planlama,İzmir,SAY,470.88,483.01,40,40,267
İzmir Kâtip Çelebi Üniversitesi,Peyzaj Mimarlığı,İzmir,SAY,452.68,464.54,40,40,491
İzmir Kâtip Çelebi Üniversitesi,Orman Mühendisliği,İzmir,SAY,440.79,450.11,40,40,660
İzmir Kâtip Çelebi Üniversitesi,Ziraat Mühendisliği,İzmir,SAY,437.31,446.81,60,60,851
İzmir Kâtip Çelebi Üniversitesi,Tarım Ekonomisi,İzmir,SAY,428.91,438.75,40,40,1537
İzmir Kâtip Çelebi Üniversitesi,İşletme,İzmir,EA,484.99,496.82,60,60,183
İzmir Kâtip Çelebi Üniversitesi,İktisat,İzmir,EA,482.2,490.38,80,80,184
İzmir Kâtip Çelebi Üniversitesi,Maliye,İzmir,EA,468.37,481.41,60,60,256
İzmir Kâtip Çelebi Üniversitesi,Kamu Yönetimi,İzmir,EA,462.84,472.91,70,70,313
İzmir Kâtip Çelebi Üniversitesi,Uluslararası İlişkiler,İzmir,EA,488.64,501.15,60,60,159
İzmir Kâtip Çelebi Üniversitesi,Siyaset Bilimi ve Kamu Yönetimi,İzmir,EA,479.21,489.48,50,50,200
İzmir Kâtip Çelebi Üniversitesi,Çalışma Ekonomisi ve Endüstri İlişkileri,İzmir,EA,463.56,478.5,40,40,306
İzmir Kâtip Çelebi Üniversitesi,Uluslararası Ticaret ve Lojistik,İzmir,EA,469.05,483.41,50,50,321
İzmir Kâtip Çelebi Üniversitesi,Bankacılık ve Finans,İzmir,EA,473.32,483.44,50,50,280
İzmir Kâtip Çelebi Üniversitesi,Muhasebe ve Finansal Yönetim,İzmir,EA,458.36,471.08,50,50,364
İzmir Kâtip Çelebi Üniversitesi,Turizm İşletmeciliği,İzmir,EA,443.55,453.17,60,60,744
İzmir Kâtip Çelebi Üniversitesi,Gastronomi ve Mutfak Sanatları,İzmir,EA,438.56,447.76,30,30,735
İzmir Kâtip Çelebi Üniversitesi,Sosyoloji,İzmir,EA,453.45,461.76,60,60,504
İzmir Kâtip Çelebi Üniversitesi,Psikoloji,İzmir,EA,485.75,497.61,60,60,176
İzmir Kâtip Çelebi Üniversitesi,Tarih,İzmir,EA,447.87,463.05,60,60,613
İzmir Kâtip Çelebi Üniversitesi,Coğrafya,İzmir,EA,433.29,444.25,40,40,941
İzmir Kâtip Çelebi Üniversitesi,Felsefe,İzmir,EA,449.18,463.6,30,30,586
İzmir Kâtip Çelebi Üniversitesi,Arkeoloji,İzmir,EA,443.49,457.42,40,40,726
İzmir Kâtip Çelebi Üniversitesi,Sanat Tarihi,İzmir,EA,436.63,445.7,30,30,911
İzmir Kâtip Çelebi Üniversitesi,Sosyal Hizmet,İzmir,EA,454.91,465.18,50,50,493
İzmir Kâtip Çelebi Üniversitesi,Türk Dili ve Edebiyatı,İzmir,SÖZ,450.89,464.56,60,60,552
İzmir Kâtip Çelebi Üniversitesi,Türk Dili ve Edebiyatı Öğretmenliği,İzmir,SÖZ,456.35,464.41,40,40,442
İzmir Kâtip Çelebi Üniversitesi,İngilizce Öğretmenliği,İzmir,SÖZ,464.4,475.3,40,40,297
İzmir Kâtip Çelebi Üniversitesi,Almanca Öğretmenliği,İzmir,SÖZ,444.42,459.26,20,20,634
İzmir Kâtip Çelebi Üniversitesi,Fransızca Öğretmenliği,İzmir,SÖZ,441.61,455.05,20,20,785
İzmir Kâtip Çelebi Üniversitesi,Rehberlik ve Psikolojik Danışmanlık,İzmir,SÖZ,472.1,483.96,40,40,260
İzmir Kâtip Çelebi Üniversitesi,Okul Öncesi Öğretmenliği,İzmir,SÖZ,451.28,461.73,60,60,477
İzmir Kâtip Çelebi Üniversitesi,Sınıf Öğretmenliği,İzmir,SÖZ,460.05,474.89,60,60,395
İzmir Kâtip Çelebi Üniversitesi,İlahiyat,İzmir,SÖZ,438.72,452.31,70,70,746
İzmir Kâtip Çelebi Üniversitesi,Arap Dili ve Edebiyatı,İzmir,SÖZ,430.6,441.31,40,40,1289
İzmir Kâtip Çelebi Üniversitesi,İngiliz Dili ve Edebiyatı,İzmir,SÖZ,461.84,471.13,30,30,406
İzmir Kâtip Çelebi Üniversitesi,Fransız Dili ve Edebiyatı,İzmir,SÖZ,438.55,447.71,20,20,945
İzmir Kâtip Çelebi Üniversitesi,Alman Dili ve Edebiyatı,İzmir,SÖZ,436.42,446.19,20,20,811
İzmir Kâtip Çelebi Üniversitesi,Japon Dili ve Edebiyatı,İzmir,SÖZ,448.15,464.03,30,30,580
İzmir Kâtip Çelebi Üniversitesi,Çin Dili ve Edebiyatı,İzmir,SÖZ,447.17,459.95,30,30,659
İzmir Kâtip Çelebi Üniversitesi,Gazetecilik,İzmir,SÖZ,456.54,468.05,60,60,382
İzmir Kâtip Çelebi Üniversitesi,Radyo Televizyon ve Sinema,İzmir,SÖZ,454.58,464.87,60,60,385
İzmir Kâtip Çelebi Üniversitesi,Halkla İlişkiler ve Tanıtım,İzmir,SÖZ,448.93,458.78,40,40,490
İzmir Kâtip Çelebi Üniversitesi,İletişim Tasarımı,İzmir,SÖZ,449.24,457.24,40,40,483
Celal Bayar Üniversitesi,Bilgisayar Mühendisliği,Manisa,SAY,484.68,495.51,80,80,196
Celal Bayar Üniversitesi,Elektrik-Elektronik Mühendisliği,Manisa,SAY,476.67,490.57,60,60,211
Celal Bayar Üniversitesi,Makine Mühendisliği,Manisa,SAY,469.75,484.39,70,70,323
Celal Bayar Üniversitesi,İnşaat Mühendisliği,Manisa,SAY,467.38,477.59,70,70,315
Celal Bayar Üniversitesi,Endüstri Mühendisliği,Manisa,SAY,471.78,484.38,50,50,253
Celal Bayar Üniversitesi,Kimya Mühendisliği,Manisa,SAY,457.64,466.22,70,70,380
Celal Bayar Üniversitesi,Mekatronik Mühendisliği,Manisa,SAY,457.22,472.87,60,60,457
Celal Bayar Üniversitesi,Yazılım Mühendisliği,Manisa,SAY,458.61,472.16,60,60,449
Celal Bayar Üniversitesi,Biyomedikal Mühendisliği,Manisa,SAY,452.42,466.48,30,30,548
Celal Bayar Üniversitesi,Çevre Mühendisliği,Manisa,SAY,441.36,454.05,50,50,633
Celal Bayar Üniversitesi,Gıda Mühendisliği,Manisa,SAY,431.65,444.72,60,60,1372
Celal Bayar Üniversitesi,Jeoloji Mühendisliği,Manisa,SAY,423.42,433.95,40,40,2335
Celal Bayar Üniversitesi,Maden Mühendisliği,Manisa,SAY,415.66,430.32,30,30,3920
Celal Bayar Üniversitesi,Metalurji ve Malzeme Mühendisliği,Manisa,SAY,422.4,436.97,40,40,1942
Celal Bayar Üniversitesi,Tekstil Mühendisliği,Manisa,SAY,413.86,424.69,30,30,5909
Celal Bayar Üniversitesi,Fizik,Manisa,SAY,435.08,448.54,50,50,1115
Celal Bayar Üniversitesi,Kimya,Manisa,SAY,426.0,439.88,50,50,1892
Celal Bayar Üniversitesi,Matematik,Manisa,SAY,435.22,445.22,50,50,1021
Celal Bayar Üniversitesi,İstatistik,Manisa,SAY,431.88,447.24,60,60,1241
Celal Bayar Üniversitesi,Biyoloji,Manisa,SAY,423.88,437.99,40,40,2008
Celal Bayar Üniversitesi,Moleküler Biyoloji ve Genetik,Manisa,SAY,448.85,461.82,40,40,545
Celal Bayar Üniversitesi,Veteriner,Manisa,SAY,457.78,472.73,40,40,402
Celal Bayar Üniversitesi,Hemşirelik,Manisa,SAY,433.06,443.3,80,80,1012
Celal Bayar Üniversitesi,Ebelik,Manisa,SAY,413.16,427.55,40,40,5762
Celal Bayar Üniversitesi,Fizyoterapi ve Rehabilitasyon,Manisa,SAY,439.77,450.92,30,30,836
Celal Bayar Üniversitesi,Beslenme ve Diyetetik,Manisa,SAY,437.1,450.69,40,40,887
Celal Bayar Üniversitesi,Şehir ve Bölge Planlama,Manisa,SAY,436.83,446.52,30,30,931
Celal Bayar Üniversitesi,Peyzaj Mimarlığı,Manisa,SAY,425.72,435.8,30,30,1761
Celal Bayar Üniversitesi,Orman Mühendisliği,Manisa,SAY,415.67,428.57,30,30,4065
Celal Bayar Üniversitesi,Ziraat Mühendisliği,Manisa,SAY,410.42,424.03,60,60,8491
Celal Bayar Üniversitesi,Tarım Ekonomisi,Manisa,SAY,403.48,412.92,40,40,56542
Celal Bayar Üniversitesi,İşletme,Manisa,EA,453.77,462.57,70,70,428
Celal Bayar Üniversitesi,İktisat,Manisa,EA,450.39,461.44,90,90,462
Celal Bayar Üniversitesi,Maliye,Manisa,EA,439.5,453.95,50,50,724
Celal Bayar Üniversitesi,Kamu Yönetimi,Manisa,EA,439.97,454.77,60,60,789
Celal Bayar Üniversitesi,Uluslararası İlişkiler,Manisa,EA,459.87,470.27,60,60,386
Celal Bayar Üniversitesi,Siyaset Bilimi ve Kamu Yönetimi,Manisa,EA,448.35,461.87,60,60,483
Celal Bayar Üniversitesi,Çalışma Ekonomisi ve Endüstri İlişkileri,Manisa,EA,432.26,445.3,30,30,1136
Celal Bayar Üniversitesi,Uluslararası Ticaret ve Lojistik,Manisa,EA,438.93,451.41,50,50,929
Celal Bayar Üniversitesi,Bankacılık ve Finans,Manisa,EA,440.56,449.53,70,70,848
Celal Bayar Üniversitesi,Muhasebe ve Finansal Yönetim,Manisa,EA,428.75,441.36,50,50,1484
Celal Bayar Üniversitesi,Turizm İşletmeciliği,Manisa,EA,420.28,431.12,50,50,2801
Celal Bayar Üniversitesi,Gastronomi ve Mutfak Sanatları,Manisa,EA,413.58,428.7,30,30,5285
Celal Bayar Üniversitesi,Sosyoloji,Manisa,EA,425.83,434.99,60,60,1551
Celal Bayar Üniversitesi,Psikoloji,Manisa,EA,457.18,470.23,60,60,420
Celal Bayar Üniversitesi,Tarih,Manisa,EA,416.03,425.33,50,50,3734
Celal Bayar Üniversitesi,Coğrafya,Manisa,EA,405.39,415.53,30,30,30181
Celal Bayar Üniversitesi,Felsefe,Manisa,EA,422.87,437.77,40,40,2056
Celal Bayar Üniversitesi,Arkeoloji,Manisa,EA,418.63,429.94,30,30,2807
Celal Bayar Üniversitesi,Sanat Tarihi,Manisa,EA,413.53,426.83,40,40,6247
Celal Bayar Üniversitesi,Sosyal Hizmet,Manisa,EA,422.52,431.86,40,40,1942
Celal Bayar Üniversitesi,Türk Dili ve Edebiyatı,Manisa,SÖZ,427.31,439.7,50,50,1336
Celal Bayar Üniversitesi,Türk Dili ve Edebiyatı Öğretmenliği,Manisa,SÖZ,432.15,440.82,30,30,1079
Celal Bayar Üniversitesi,İngilizce Öğretmenliği,Manisa,SÖZ,437.93,453.01,30,30,812
Celal Bayar Üniversitesi,Almanca Öğretmenliği,Manisa,SÖZ,417.31,430.32,30,30,3149
Celal Bayar Üniversitesi,Fransızca Öğretmenliği,Manisa,SÖZ,413.01,426.32,20,20,6561
Celal Bayar Üniversitesi,Rehberlik ve Psikolojik Danışmanlık,Manisa,SÖZ,441.46,457.26,30,30,743
Celal Bayar Üniversitesi,Okul Öncesi Öğretmenliği,Manisa,SÖZ,424.71,440.47,50,50,1976
Celal Bayar Üniversitesi,Sınıf Öğretmenliği,Manisa,SÖZ,431.15,444.2,60,60,1280
Celal Bayar Üniversitesi,İlahiyat,Manisa,SÖZ,412.3,425.42,70,70,6176
Celal Bayar Üniversitesi,Arap Dili ve Edebiyatı,Manisa,SÖZ,405.04,419.48,30,30,32071
Celal Bayar Üniversitesi,İngiliz Dili ve Edebiyatı,Manisa,SÖZ,430.96,441.39,40,40,1056
Celal Bayar Üniversitesi,Fransız Dili ve Edebiyatı,Manisa,SÖZ,416.09,426.84,20,20,4001
Celal Bayar Üniversitesi,Alman Dili ve Edebiyatı,Manisa,SÖZ,414.69,430.27,20,20,4725
Celal Bayar Üniversitesi,Japon Dili ve Edebiyatı,Manisa,SÖZ,420.94,431.28,20,20,2311
Celal Bayar Üniversitesi,Çin Dili ve Edebiyatı,Manisa,SÖZ,417.84,429.13,20,20,3414
Celal Bayar Üniversitesi,Gazetecilik,Manisa,SÖZ,425.78,439.68,50,50,1671
Celal Bayar Üniversitesi,Radyo Televizyon ve Sinema,Manisa,SÖZ,423.62,435.0,60,60,1865
Celal Bayar Üniversitesi,Halkla İlişkiler ve Tanıtım,Manisa,SÖZ,423.82,438.28,50,50,2103
Celal Bayar Üniversitesi,İletişim Tasarımı,Manisa,SÖZ,424.66,439.13,40,40,1824
Uludağ Üniversitesi,Bilgisayar Mühendisliği,Bursa,SAY,507.34,517.66,80,80,137
Uludağ Üniversitesi,Elektrik-Elektronik Mühendisliği,Bursa,SAY,501.09,514.07,60,60,133
Uludağ Üniversitesi,Makine Mühendisliği,Bursa,SAY,493.94,506.22,60,60,152
Uludağ Üniversitesi,İnşaat Mühendisliği,Bursa,SAY,488.47,502.19,70,70,199
Uludağ Üniversitesi,Endüstri Mühendisliği,Bursa,SAY,492.6,504.55,50,50,164
Uludağ Üniversitesi,Kimya Mühendisliği,Bursa,SAY,486.8,502.78,60,60,191
Uludağ Üniversitesi,Mekatronik Mühendisliği,Bursa,SAY,479.13,493.88,40,40,260
Uludağ Üniversitesi,Yazılım Mühendisliği,Bursa,SAY,484.71,493.28,50,50,201
Uludağ Üniversitesi,Biyomedikal Mühendisliği,Bursa,SAY,477.35,491.89,30,30,262
Uludağ Üniversitesi,Çevre Mühendisliği,Bursa,SAY,467.21,477.2,50,50,333
Uludağ Üniversitesi,Gıda Mühendisliği,Bursa,SAY,459.27,467.54,60,60,381
Uludağ Üniversitesi,Jeoloji Mühendisliği,Bursa,SAY,448.27,464.13,40,40,554
Uludağ Üniversitesi,Maden Mühendisliği,Bursa,SAY,440.22,450.8,30,30,806
Uludağ Üniversitesi,Metalurji ve Malzeme Mühendisliği,Bursa,SAY,446.88,459.05,40,40,545
Uludağ Üniversitesi,Tekstil Mühendisliği,Bursa,SAY,434.69,449.79,30,30,1123
Uludağ Üniversitesi,Fizik,Bursa,SAY,453.58,466.64,50,50,438
Uludağ Üniversitesi,Kimya,Bursa,SAY,449.71,458.67,40,40,575
Uludağ Üniversitesi,Matematik,Bursa,SAY,458.0,472.27,60,60,398
Uludağ Üniversitesi,İstatistik,Bursa,SAY,457.07,465.79,50,50,370
Uludağ Üniversitesi,Biyoloji,Bursa,SAY,446.91,462.36,60,60,675
Uludağ Üniversitesi,Moleküler Biyoloji ve Genetik,Bursa,SAY,470.72,483.88,40,40,297
Uludağ Üniversitesi,Tıp,Bursa,SAY,523.49,533.35,80,80,117
Uludağ Üniversitesi,Veteriner,Bursa,SAY,481.69,496.13,30,30,212
Uludağ Üniversitesi,Hemşirelik,Bursa,SAY,455.1,465.97,90,90,391
Uludağ Üniversitesi,Ebelik,Bursa,SAY,438.35,449.85,40,40,793
Uludağ Üniversitesi,Fizyoterapi ve Rehabilitasyon,Bursa,SAY,461.8,471.29,40,40,341
Uludağ Üniversitesi,Beslenme ve Diyetetik,Bursa,SAY,456.49,471.14,40,40,473
Uludağ Üniversitesi,Mimarlık,Bursa,SAY,480.47,489.71,50,50,208
Uludağ Üniversitesi,Şehir ve Bölge Planlama,Bursa,SAY,462.86,470.87,30,30,361
Uludağ Üniversitesi,Peyzaj Mimarlığı,Bursa,SAY,446.25,454.4,40,40,667
Uludağ Üniversitesi,Orman Mühendisliği,Bursa,SAY,436.87,450.64,40,40,951
Uludağ Üniversitesi,Ziraat Mühendisliği,Bursa,SAY,433.88,446.07,60,60,1056
Uludağ Üniversitesi,Tarım Ekonomisi,Bursa,SAY,427.48,438.06,30,30,1606
Uludağ Üniversitesi,İşletme,Bursa,EA,480.29,488.82,60,60,245
Uludağ Üniversitesi,İktisat,Bursa,EA,477.54,487.16,60,60,236
Uludağ Üniversitesi,Maliye,Bursa,EA,466.03,480.72,60,60,333
Uludağ Üniversitesi,Kamu Yönetimi,Bursa,EA,461.96,472.01,60,60,341
Uludağ Üniversitesi,Uluslararası İlişkiler,Bursa,EA,480.49,495.93,50,50,202
Uludağ Üniversitesi,Hukuk,Bursa,EA,497.04,505.68,60,60,173
Uludağ Üniversitesi,Siyaset Bilimi ve Kamu Yönetimi,Bursa,EA,473.71,489.22,50,50,253
Uludağ Üniversitesi,Çalışma Ekonomisi ve Endüstri İlişkileri,Bursa,EA,457.15,471.74,30,30,383
Uludağ Üniversitesi,Uluslararası Ticaret ve Lojistik,Bursa,EA,461.08,471.51,70,70,414
Uludağ Üniversitesi,Bankacılık ve Finans,Bursa,EA,465.12,478.92,50,50,329
Uludağ Üniversitesi,Muhasebe ve Finansal Yönetim,Bursa,EA,454.12,464.11,50,50,472
Uludağ Üniversitesi,Turizm İşletmeciliği,Bursa,EA,442.85,454.17,60,60,610
Uludağ Üniversitesi,Gastronomi ve Mutfak Sanatları,Bursa,EA,433.71,445.38,40,40,1119
Uludağ Üniversitesi,Sosyoloji,Bursa,EA,446.14,455.58,50,50,588
Uludağ Üniversitesi,Psikoloji,Bursa,EA,481.01,497.0,50,50,216
Uludağ Üniversitesi,Tarih,Bursa,EA,440.24,456.17,50,50,734
Uludağ Üniversitesi,Coğrafya,Bursa,EA,430.33,441.77,40,40,1377
Uludağ Üniversitesi,Felsefe,Bursa,EA,446.58,456.29,40,40,643
Uludağ Üniversitesi,Arkeoloji,Bursa,EA,436.96,452.65,30,30,889
Uludağ Üniversitesi,Sanat Tarihi,Bursa,EA,435.92,451.78,40,40,978
Uludağ Üniversitesi,Sosyal Hizmet,Bursa,EA,451.1,461.51,50,50,473
Uludağ Üniversitesi,Türk Dili ve Edebiyatı,Bursa,SÖZ,450.27,458.44,60,60,569
Uludağ Üniversitesi,Türk Dili ve Edebiyatı Öğretmenliği,Bursa,SÖZ,452.62,465.05,40,40,486
Uludağ Üniversitesi,İngilizce Öğretmenliği,Bursa,SÖZ,458.68,466.98,30,30,375
Uludağ Üniversitesi,Almanca Öğretmenliği,Bursa,SÖZ,440.55,453.21,30,30,703
Uludağ Üniversitesi,Fransızca Öğretmenliği,Bursa,SÖZ,435.99,447.19,30,30,1066
Uludağ Üniversitesi,Rehberlik ve Psikolojik Danışmanlık,Bursa,SÖZ,466.94,481.28,40,40,279
Uludağ Üniversitesi,Okul Öncesi Öğretmenliği,Bursa,SÖZ,449.28,461.89,60,60,603
Uludağ Üniversitesi,Sınıf Öğretmenliği,Bursa,SÖZ,452.76,466.61,40,40,486
Uludağ Üniversitesi,İlahiyat,Bursa,SÖZ,431.9,446.07,90,90,1124
Uludağ Üniversitesi,Arap Dili ve Edebiyatı,Bursa,SÖZ,426.3,441.24,30,30,1853
Uludağ Üniversitesi,İngiliz Dili ve Edebiyatı,Bursa,SÖZ,456.82,469.64,40,40,355
Uludağ Üniversitesi,Fransız Dili ve Edebiyatı,Bursa,SÖZ,435.79,446.23,30,30,826
Uludağ Üniversitesi,Alman Dili ve Edebiyatı,Bursa,SÖZ,432.46,444.48,20,20,1046
Uludağ Üniversitesi,Japon Dili ve Edebiyatı,Bursa,SÖZ,445.65,456.79,30,30,607
Uludağ Üniversitesi,Çin Dili ve Edebiyatı,Bursa,SÖZ,441.38,451.16,20,20,690
Uludağ Üniversitesi,Gazetecilik,Bursa,SÖZ,448.84,457.5,40,40,558
Uludağ Üniversitesi,Radyo Televizyon ve Sinema,Bursa,SÖZ,447.54,456.22,60,60,574
Uludağ Üniversitesi,Halkla İlişkiler ve Tanıtım,Bursa,SÖZ,442.04,451.12,50,50,729
Uludağ Üniversitesi,İletişim Tasarımı,Bursa,SÖZ,447.11,456.68,40,40,604
Bursa Teknik Üniversitesi,Bilgisayar Mühendisliği,Bursa,SAY,491.98,500.55,70,70,189
Bursa Teknik Üniversitesi,Elektrik-Elektronik Mühendisliği,Bursa,SAY,489.46,498.18,70,70,193
Bursa Teknik Üniversitesi,Makine Mühendisliği,Bursa,SAY,480.37,490.94,60,60,229
Bursa Teknik Üniversitesi,İnşaat Mühendisliği,Bursa,SAY,473.53,489.43,90,90,271
Bursa Teknik Üniversitesi,Endüstri Mühendisliği,Bursa,SAY,479.05,488.22,60,60,198
Bursa Teknik Üniversitesi,Kimya Mühendisliği,Bursa,SAY,468.2,479.19,60,60,323
Bursa Teknik Üniversitesi,Mekatronik Mühendisliği,Bursa,SAY,462.97,471.41,70,70,392
Bursa Teknik Üniversitesi,Yazılım Mühendisliği,Bursa,SAY,470.33,484.89,60,60,241
Bursa Teknik Üniversitesi,Biyomedikal Mühendisliği,Bursa,SAY,458.27,469.87,30,30,341
Bursa Teknik Üniversitesi,Çevre Mühendisliği,Bursa,SAY,451.43,461.06,50,50,501
Bursa Teknik Üniversitesi,Gıda Mühendisliği,Bursa,SAY,443.58,457.42,60,60,599
Bursa Teknik Üniversitesi,Jeoloji Mühendisliği,Bursa,SAY,431.39,444.05,30,30,1272
Bursa Teknik Üniversitesi,Maden Mühendisliği,Bursa,SAY,425.72,435.99,40,40,1886
Bursa Teknik Üniversitesi,Metalurji ve Malzeme Mühendisliği,Bursa,SAY,427.84,441.08,30,30,1283
Bursa Teknik Üniversitesi,Tekstil Mühendisliği,Bursa,SAY,421.63,436.45,40,40,2484
Bursa Teknik Üniversitesi,Fizik,Bursa,SAY,438.91,453.85,50,50,860
Bursa Teknik Üniversitesi,Kimya,Bursa,SAY,436.38,452.19,50,50,818
Bursa Teknik Üniversitesi,Matematik,Bursa,SAY,448.7,460.95,60,60,498
Bursa Teknik Üniversitesi,İstatistik,Bursa,SAY,443.43,458.84,50,50,578
Bursa Teknik Üniversitesi,Biyoloji,Bursa,SAY,432.58,443.25,50,50,1097
Bursa Teknik Üniversitesi,Moleküler Biyoloji ve Genetik,Bursa,SAY,457.8,468.62,30,30,419
Bursa Teknik Üniversitesi,Veteriner,Bursa,SAY,468.17,480.18,40,40,328
Bursa Teknik Üniversitesi,Hemşirelik,Bursa,SAY,442.19,457.31,60,60,779
Bursa Teknik Üniversitesi,Ebelik,Bursa,SAY,425.21,435.45,40,40,1611
Bursa Teknik Üniversitesi,Fizyoterapi ve Rehabilitasyon,Bursa,SAY,450.26,458.96,40,40,500
Bursa Teknik Üniversitesi,Beslenme ve Diyetetik,Bursa,SAY,444.35,457.35,30,30,597
Bursa Teknik Üniversitesi,Şehir ve Bölge Planlama,Bursa,SAY,447.24,463.0,30,30,652
Bursa Teknik Üniversitesi,Peyzaj Mimarlığı,Bursa,SAY,434.53,444.18,40,40,910
Bursa Teknik Üniversitesi,Orman Mühendisliği,Bursa,SAY,426.68,441.58,40,40,1531
Bursa Teknik Üniversitesi,Ziraat Mühendisliği,Bursa,SAY,421.26,430.34,70,70,2809
Bursa Teknik Üniversitesi,Tarım Ekonomisi,Bursa,SAY,411.47,426.93,30,30,8358
Bursa Teknik Üniversitesi,İşletme,Bursa,EA,465.64,481.23,70,70,284
Bursa Teknik Üniversitesi,İktisat,Bursa,EA,462.88,476.7,90,90,374
Bursa Teknik Üniversitesi,Maliye,Bursa,EA,450.68,461.97,70,70,503
Bursa Teknik Üniversitesi,Kamu Yönetimi,Bursa,EA,448.86,464.33,60,60,509
Bursa Teknik Üniversitesi,Uluslararası İlişkiler,Bursa,EA,465.76,475.24,60,60,345
Bursa Teknik Üniversitesi,Siyaset Bilimi ve Kamu Yönetimi,Bursa,EA,457.32,469.86,50,50,376
Bursa Teknik Üniversitesi,Çalışma Ekonomisi ve Endüstri İlişkileri,Bursa,EA,442.92,453.79,30,30,728
Bursa Teknik Üniversitesi,Uluslararası Ticaret ve Lojistik,Bursa,EA,449.33,462.17,50,50,571
Bursa Teknik Üniversitesi,Bankacılık ve Finans,Bursa,EA,455.19,467.12,50,50,391
Bursa Teknik Üniversitesi,Muhasebe ve Finansal Yönetim,Bursa,EA,437.11,451.23,50,50,766
Bursa Teknik Üniversitesi,Turizm İşletmeciliği,Bursa,EA,427.18,441.12,60,60,1802
Bursa Teknik Üniversitesi,Gastronomi ve Mutfak Sanatları,Bursa,EA,418.52,433.94,40,40,3592
Bursa Teknik Üniversitesi,Sosyoloji,Bursa,EA,434.22,444.82,50,50,1024
Bursa Teknik Üniversitesi,Psikoloji,Bursa,EA,467.55,475.88,50,50,326
Bursa Teknik Üniversitesi,Tarih,Bursa,EA,426.58,439.47,60,60,1755
Bursa Teknik Üniversitesi,Coğrafya,Bursa,EA,415.63,430.64,40,40,4622
Bursa Teknik Üniversitesi,Felsefe,Bursa,EA,432.11,446.73,40,40,1004
Bursa Teknik Üniversitesi,Arkeoloji,Bursa,EA,424.99,436.15,40,40,1956
Bursa Teknik Üniversitesi,Sanat Tarihi,Bursa,EA,421.22,434.27,30,30,2122
Bursa Teknik Üniversitesi,Sosyal Hizmet,Bursa,EA,433.67,444.11,50,50,1174
Bursa Teknik Üniversitesi,Türk Dili ve Edebiyatı,Bursa,SÖZ,433.81,446.72,60,60,919
Bursa Teknik Üniversitesi,Türk Dili ve Edebiyatı Öğretmenliği,Bursa,SÖZ,437.77,452.41,40,40,856
Bursa Teknik Üniversitesi,İngilizce Öğretmenliği,Bursa,SÖZ,444.18,458.41,40,40,741
Bursa Teknik Üniversitesi,Almanca Öğretmenliği,Bursa,SÖZ,425.51,436.82,20,20,1736
Bursa Teknik Üniversitesi,Fransızca Öğretmenliği,Bursa,SÖZ,425.42,439.12,20,20,1614
Bursa Teknik Üniversitesi,Rehberlik ve Psikolojik Danışmanlık,Bursa,SÖZ,449.7,463.23,40,40,594
Bursa Teknik Üniversitesi,Okul Öncesi Öğretmenliği,Bursa,SÖZ,435.59,444.58,50,50,855
Bursa Teknik Üniversitesi,Sınıf Öğretmenliği,Bursa,SÖZ,439.1,451.29,60,60,788
Bursa Teknik Üniversitesi,İlahiyat,Bursa,SÖZ,421.19,436.79,70,70,2371
Bursa Teknik Üniversitesi,Arap Dili ve Edebiyatı,Bursa,SÖZ,415.21,430.51,40,40,4557
Bursa Teknik Üniversitesi,İngiliz Dili ve Edebiyatı,Bursa,SÖZ,439.7,454.65,40,40,717
Bursa Teknik Üniversitesi,Fransız Dili ve Edebiyatı,Bursa,SÖZ,422.52,433.0,20,20,2382
Bursa Teknik Üniversitesi,Alman Dili ve Edebiyatı,Bursa,SÖZ,421.88,430.82,20,20,2066
Bursa Teknik Üniversitesi,Japon Dili ve Edebiyatı,Bursa,SÖZ,431.26,441.28,30,30,1206
Bursa Teknik Üniversitesi,Çin Dili ve Edebiyatı,Bursa,SÖZ,427.96,436.01,20,20,1665
Bursa Teknik Üniversitesi,Gazetecilik,Bursa,SÖZ,437.63,449.44,40,40,851
Bursa Teknik Üniversitesi,Radyo Televizyon ve Sinema,Bursa,SÖZ,434.88,444.84,60,60,1017
Bursa Teknik Üniversitesi,Halkla İlişkiler ve Tanıtım,Bursa,SÖZ,430.87,445.47,50,50,1080
Bursa Teknik Üniversitesi,İletişim Tasarımı,Bursa,SÖZ,433.32,441.61,40,40,1204
Bursa Uludağ Üniversitesi,Bilgisayar Mühendisliği,Bursa,SAY,511.28,521.67,60,60,139
Bursa Uludağ Üniversitesi,Elektrik-Elektronik Mühendisliği,Bursa,SAY,501.96,511.39,80,80,152
Bursa Uludağ Üniversitesi,Makine Mühendisliği,Bursa,SAY,497.79,510.55,60,60,169
Bursa Uludağ Üniversitesi,İnşaat Mühendisliği,Bursa,SAY,489.58,502.21,60,60,206
Bursa Uludağ Üniversitesi,Endüstri Mühendisliği,Bursa,SAY,493.5,504.45,40,40,163
Bursa Uludağ Üniversitesi,Kimya Mühendisliği,Bursa,SAY,484.56,496.96,50,50,190
Bursa Uludağ Üniversitesi,Mekatronik Mühendisliği,Bursa,SAY,481.32,491.52,60,60,219
Bursa Uludağ Üniversitesi,Yazılım Mühendisliği,Bursa,SAY,484.23,497.13,60,60,180
Bursa Uludağ Üniversitesi,Biyomedikal Mühendisliği,Bursa,SAY,476.07,491.97,40,40,244
Bursa Uludağ Üniversitesi,Çevre Mühendisliği,Bursa,SAY,468.2,484.09,60,60,280
Bursa Uludağ Üniversitesi,Gıda Mühendisliği,Bursa,SAY,456.74,468.94,50,50,478
Bursa Uludağ Üniversitesi,Jeoloji Mühendisliği,Bursa,SAY,445.92,458.42,40,40,614
Bursa Uludağ Üniversitesi,Maden Mühendisliği,Bursa,SAY,441.31,450.75,40,40,764
Bursa Uludağ Üniversitesi,Metalurji ve Malzeme Mühendisliği,Bursa,SAY,447.14,455.15,40,40,499
Bursa Uludağ Üniversitesi,Tekstil Mühendisliği,Bursa,SAY,434.21,448.99,40,40,1132
Bursa Uludağ Üniversitesi,Fizik,Bursa,SAY,455.38,466.05,60,60,443
Bursa Uludağ Üniversitesi,Kimya,Bursa,SAY,448.12,457.73,60,60,525
Bursa Uludağ Üniversitesi,Matematik,Bursa,SAY,459.6,471.65,40,40,361
Bursa Uludağ Üniversitesi,İstatistik,Bursa,SAY,458.96,469.69,60,60,416
Bursa Uludağ Üniversitesi,Biyoloji,Bursa,SAY,443.37,452.78,50,50,642
Bursa Uludağ Üniversitesi,Moleküler Biyoloji ve Genetik,Bursa,SAY,474.39,489.72,40,40,278
Bursa Uludağ Üniversitesi,Veteriner,Bursa,SAY,480.04,493.06,40,40,251
Bursa Uludağ Üniversitesi,Hemşirelik,Bursa,SAY,452.97,467.24,80,80,460
Bursa Uludağ Üniversitesi,Ebelik,Bursa,SAY,440.45,450.84,30,30,819
Bursa Uludağ Üniversitesi,Fizyoterapi ve Rehabilitasyon,Bursa,SAY,463.88,473.55,40,40,355
Bursa Uludağ Üniversitesi,Beslenme ve Diyetetik,Bursa,SAY,460.17,471.0,30,30,428
Bursa Uludağ Üniversitesi,Şehir ve Bölge Planlama,Bursa,SAY,460.85,476.72,40,40,381
Bursa Uludağ Üniversitesi,Peyzaj Mimarlığı,Bursa,SAY,448.57,459.69,40,40,567
Bursa Uludağ Üniversitesi,Orman Mühendisliği,Bursa,SAY,439.95,453.59,30,30,741
Bursa Uludağ Üniversitesi,Ziraat Mühendisliği,Bursa,SAY,434.04,446.02,50,50,965
Bursa Uludağ Üniversitesi,Tarım Ekonomisi,Bursa,SAY,429.5,439.23,30,30,1275
Bursa Uludağ Üniversitesi,İşletme,Bursa,EA,481.86,496.08,70,70,242
Bursa Uludağ Üniversitesi,İktisat,Bursa,EA,472.45,484.31,70,70,269
Bursa Uludağ Üniversitesi,Maliye,Bursa,EA,468.14,482.0,60,60,302
Bursa Uludağ Üniversitesi,Kamu Yönetimi,Bursa,EA,458.61,473.58,70,70,432
Bursa Uludağ Üniversitesi,Uluslararası İlişkiler,Bursa,EA,484.12,493.18,50,50,218
Bursa Uludağ Üniversitesi,Siyaset Bilimi ve Kamu Yönetimi,Bursa,EA,474.64,486.82,70,70,217
Bursa Uludağ Üniversitesi,Çalışma Ekonomisi ve Endüstri İlişkileri,Bursa,EA,457.02,469.77,30,30,362
Bursa Uludağ Üniversitesi,Uluslararası Ticaret ve Lojistik,Bursa,EA,460.94,473.1,50,50,384
Bursa Uludağ Üniversitesi,Bankacılık ve Finans,Bursa,EA,468.01,478.51,50,50,336
Bursa Uludağ Üniversitesi,Muhasebe ve Finansal Yönetim,Bursa,EA,452.12,462.33,50,50,460
Bursa Uludağ Üniversitesi,Turizm İşletmeciliği,Bursa,EA,439.06,448.25,40,40,762
Bursa Uludağ Üniversitesi,Gastronomi ve Mutfak Sanatları,Bursa,EA,435.3,447.41,30,30,895
Bursa Uludağ Üniversitesi,Sosyoloji,Bursa,EA,447.05,456.18,50,50,620
Bursa Uludağ Üniversitesi,Psikoloji,Bursa,EA,481.53,490.1,50,50,224
Bursa Uludağ Üniversitesi,Tarih,Bursa,EA,441.01,450.05,60,60,742
Bursa Uludağ Üniversitesi,Coğrafya,Bursa,EA,426.38,434.81,30,30,1622
Bursa Uludağ Üniversitesi,Felsefe,Bursa,EA,446.78,459.52,40,40,650
Bursa Uludağ Üniversitesi,Arkeoloji,Bursa,EA,439.14,449.64,40,40,892
Bursa Uludağ Üniversitesi,Sanat Tarihi,Bursa,EA,435.59,447.86,40,40,1104
Bursa Uludağ Üniversitesi,Sosyal Hizmet,Bursa,EA,447.93,456.98,70,70,619
Bursa Uludağ Üniversitesi,Türk Dili ve Edebiyatı,Bursa,SÖZ,447.95,459.59,60,60,596
Bursa Uludağ Üniversitesi,Türk Dili ve Edebiyatı Öğretmenliği,Bursa,SÖZ,453.75,463.6,40,40,421
Bursa Uludağ Üniversitesi,İngilizce Öğretmenliği,Bursa,SÖZ,461.45,476.75,40,40,350
Bursa Uludağ Üniversitesi,Almanca Öğretmenliği,Bursa,SÖZ,442.34,456.65,20,20,788
Bursa Uludağ Üniversitesi,Fransızca Öğretmenliği,Bursa,SÖZ,435.62,447.42,20,20,922
Bursa Uludağ Üniversitesi,Rehberlik ve Psikolojik Danışmanlık,Bursa,SÖZ,463.62,477.76,30,30,350
Bursa Uludağ Üniversitesi,Okul Öncesi Öğretmenliği,Bursa,SÖZ,445.76,460.3,50,50,669
Bursa Uludağ Üniversitesi,Sınıf Öğretmenliği,Bursa,SÖZ,454.86,469.2,50,50,448
Bursa Uludağ Üniversitesi,İlahiyat,Bursa,SÖZ,434.04,447.01,90,90,1063
Bursa Uludağ Üniversitesi,Arap Dili ve Edebiyatı,Bursa,SÖZ,426.1,436.83,40,40,1850
Bursa Uludağ Üniversitesi,İngiliz Dili ve Edebiyatı,Bursa,SÖZ,457.61,469.09,40,40,440
Bursa Uludağ Üniversitesi,Fransız Dili ve Edebiyatı,Bursa,SÖZ,434.92,448.22,30,30,874
Bursa Uludağ Üniversitesi,Alman Dili ve Edebiyatı,Bursa,SÖZ,435.01,446.9,20,20,1023
Bursa Uludağ Üniversitesi,Japon Dili ve Edebiyatı,Bursa,SÖZ,444.59,459.17,30,30,581
Bursa Uludağ Üniversitesi,Çin Dili ve Edebiyatı,Bursa,SÖZ,438.77,447.64,30,30,907
Bursa Uludağ Üniversitesi,Gazetecilik,Bursa,SÖZ,450.32,462.27,50,50,542
Bursa Uludağ Üniversitesi,Radyo Televizyon ve Sinema,Bursa,SÖZ,450.04,465.14,60,60,587
Bursa Uludağ Üniversitesi,Halkla İlişkiler ve Tanıtım,Bursa,SÖZ,441.26,450.43,60,60,663
Bursa Uludağ Üniversitesi,İletişim Tasarımı,Bursa,SÖZ,445.54,458.16,40,40,563
Kocaeli Üniversitesi,Bilgisayar Mühendisliği,Kocaeli,SAY,502.9,515.46,70,70,160
Kocaeli Üniversitesi,Elektrik-Elektronik Mühendisliği,Kocaeli,SAY,499.94,511.42,70,70,171
Kocaeli Üniversitesi,Makine Mühendisliği,Kocaeli,SAY,489.06,497.12,70,70,211
Kocaeli Üniversitesi,İnşaat Mühendisliği,Kocaeli,SAY,482.57,492.92,80,80,203
Kocaeli Üniversitesi,Endüstri Mühendisliği,Kocaeli,SAY,486.92,500.55,50,50,211
Kocaeli Üniversitesi,Kimya Mühendisliği,Kocaeli,SAY,482.17,497.1,60,60,197
Kocaeli Üniversitesi,Mekatronik Mühendisliği,Kocaeli,SAY,474.57,485.12,50,50,246
Kocaeli Üniversitesi,Yazılım Mühendisliği,Kocaeli,SAY,478.35,491.65,50,50,231
Kocaeli Üniversitesi,Biyomedikal Mühendisliği,Kocaeli,SAY,469.71,485.11,30,30,317
Kocaeli Üniversitesi,Çevre Mühendisliği,Kocaeli,SAY,463.78,477.14,40,40,300
Kocaeli Üniversitesi,Gıda Mühendisliği,Kocaeli,SAY,450.21,463.98,50,50,517
Kocaeli Üniversitesi,Jeoloji Mühendisliği,Kocaeli,SAY,446.46,455.14,30,30,623
Kocaeli Üniversitesi,Maden Mühendisliği,Kocaeli,SAY,436.54,450.85,30,30,950
Kocaeli Üniversitesi,Metalurji ve Malzeme Mühendisliği,Kocaeli,SAY,437.76,449.84,30,30,882
Kocaeli Üniversitesi,Tekstil Mühendisliği,Kocaeli,SAY,431.13,440.62,40,40,1269
Kocaeli Üniversitesi,Fizik,Kocaeli,SAY,453.28,463.17,50,50,468
Kocaeli Üniversitesi,Kimya,Kocaeli,SAY,446.68,457.62,60,60,678
Kocaeli Üniversitesi,Matematik,Kocaeli,SAY,457.23,466.14,60,60,408
Kocaeli Üniversitesi,İstatistik,Kocaeli,SAY,450.97,464.82,70,70,579
Kocaeli Üniversitesi,Biyoloji,Kocaeli,SAY,443.27,454.99,60,60,593
Kocaeli Üniversitesi,Moleküler Biyoloji ve Genetik,Kocaeli,SAY,466.01,477.79,40,40,341
Kocaeli Üniversitesi,Tıp,Kocaeli,SAY,517.79,530.86,70,70,122
Kocaeli Üniversitesi,Veteriner,Kocaeli,SAY,472.52,483.27,30,30,290
Kocaeli Üniversitesi,Hemşirelik,Kocaeli,SAY,449.36,461.11,70,70,574
Kocaeli Üniversitesi,Ebelik,Kocaeli,SAY,436.68,451.07,30,30,858
Kocaeli Üniversitesi,Fizyoterapi ve Rehabilitasyon,Kocaeli,SAY,461.42,475.42,40,40,386
Kocaeli Üniversitesi,Beslenme ve Diyetetik,Kocaeli,SAY,450.49,462.28,30,30,463
Kocaeli Üniversitesi,Mimarlık,Kocaeli,SAY,481.02,495.49,50,50,228
Kocaeli Üniversitesi,Şehir ve Bölge Planlama,Kocaeli,SAY,456.38,468.42,30,30,466
Kocaeli Üniversitesi,Peyzaj Mimarlığı,Kocaeli,SAY,441.32,451.57,30,30,818
Kocaeli Üniversitesi,Orman Mühendisliği,Kocaeli,SAY,431.59,440.99,30,30,1232
Kocaeli Üniversitesi,Ziraat Mühendisliği,Kocaeli,SAY,429.76,444.22,60,60,1239
Kocaeli Üniversitesi,Tarım Ekonomisi,Kocaeli,SAY,422.31,436.7,30,30,2486
Kocaeli Üniversitesi,İşletme,Kocaeli,EA,472.71,481.87,60,60,301
Kocaeli Üniversitesi,İktisat,Kocaeli,EA,470.38,486.33,70,70,305
Kocaeli Üniversitesi,Maliye,Kocaeli,EA,460.44,473.54,60,60,340
Kocaeli Üniversitesi,Kamu Yönetimi,Kocaeli,EA,455.07,468.21,50,50,474
Kocaeli Üniversitesi,Uluslararası İlişkiler,Kocaeli,EA,476.09,487.28,60,60,231
Kocaeli Üniversitesi,Hukuk,Kocaeli,EA,491.11,503.37,80,80,171
Kocaeli Üniversitesi,Siyaset Bilimi ve Kamu Yönetimi,Kocaeli,EA,468.33,477.49,40,40,332
Kocaeli Üniversitesi,Çalışma Ekonomisi ve Endüstri İlişkileri,Kocaeli,EA,453.76,465.35,40,40,484
Kocaeli Üniversitesi,Uluslararası Ticaret ve Lojistik,Kocaeli,EA,459.98,468.31,60,60,425
Kocaeli Üniversitesi,Bankacılık ve Finans,Kocaeli,EA,465.46,476.91,60,60,363
Kocaeli Üniversitesi,Muhasebe ve Finansal Yönetim,Kocaeli,EA,448.29,458.43,60,60,490
Kocaeli Üniversitesi,Turizm İşletmeciliği,Kocaeli,EA,436.15,450.34,60,60,1010
Kocaeli Üniversitesi,Gastronomi ve Mutfak Sanatları,Kocaeli,EA,430.61,440.17,40,40,1207
Kocaeli Üniversitesi,Sosyoloji,Kocaeli,EA,441.6,453.98,60,60,767
Kocaeli Üniversitesi,Psikoloji,Kocaeli,EA,475.15,483.93,50,50,222
Kocaeli Üniversitesi,Tarih,Kocaeli,EA,435.12,445.39,40,40,899
Kocaeli Üniversitesi,Coğrafya,Kocaeli,EA,421.87,437.38,40,40,2434
Kocaeli Üniversitesi,Felsefe,Kocaeli,EA,444.3,457.4,30,30,692
Kocaeli Üniversitesi,Arkeoloji,Kocaeli,EA,436.06,445.1,40,40,989
Kocaeli Üniversitesi,Sanat Tarihi,Kocaeli,EA,430.48,446.22,40,40,1430
Kocaeli Üniversitesi,Sosyal Hizmet,Kocaeli,EA,442.04,453.78,60,60,810
Kocaeli Üniversitesi,Türk Dili ve Edebiyatı,Kocaeli,SÖZ,446.06,456.27,60,60,594
Kocaeli Üniversitesi,Türk Dili ve Edebiyatı Öğretmenliği,Kocaeli,SÖZ,450.9,461.49,30,30,456
Kocaeli Üniversitesi,İngilizce Öğretmenliği,Kocaeli,SÖZ,457.66,468.72,30,30,385
Kocaeli Üniversitesi,Almanca Öğretmenliği,Kocaeli,SÖZ,439.53,449.65,20,20,786
Kocaeli Üniversitesi,Fransızca Öğretmenliği,Kocaeli,SÖZ,436.49,449.37,20,20,835
Kocaeli Üniversitesi,Rehberlik ve Psikolojik Danışmanlık,Kocaeli,SÖZ,458.66,472.81,40,40,359
Kocaeli Üniversitesi,Okul Öncesi Öğretmenliği,Kocaeli,SÖZ,446.0,459.72,40,40,536
Kocaeli Üniversitesi,Sınıf Öğretmenliği,Kocaeli,SÖZ,449.71,459.71,60,60,521
Kocaeli Üniversitesi,İlahiyat,Kocaeli,SÖZ,427.97,441.09,80,80,1686
Kocaeli Üniversitesi,Arap Dili ve Edebiyatı,Kocaeli,SÖZ,421.0,434.6,40,40,2804
Kocaeli Üniversitesi,İngiliz Dili ve Edebiyatı,Kocaeli,SÖZ,451.29,466.81,30,30,499
Kocaeli Üniversitesi,Fransız Dili ve Edebiyatı,Kocaeli,SÖZ,434.06,448.31,30,30,1136
Kocaeli Üniversitesi,Alman Dili ve Edebiyatı,Kocaeli,SÖZ,427.1,442.73,20,20,1730
Kocaeli Üniversitesi,Japon Dili ve Edebiyatı,Kocaeli,SÖZ,440.08,455.56,30,30,747
Kocaeli Üniversitesi,Çin Dili ve Edebiyatı,Kocaeli,SÖZ,436.2,449.26,20,20,1067
Kocaeli Üniversitesi,Gazetecilik,Kocaeli,SÖZ,446.61,462.3,50,50,520
Kocaeli Üniversitesi,Radyo Televizyon ve Sinema,Kocaeli,SÖZ,445.12,458.3,40,40,569
Kocaeli Üniversitesi,Halkla İlişkiler ve Tanıtım,Kocaeli,SÖZ,438.98,448.51,60,60,869
Kocaeli Üniversitesi,İletişim Tasarımı,Kocaeli,SÖZ,442.38,453.25,40,40,618
Gebze Teknik Üniversitesi,Bilgisayar Mühendisliği,Kocaeli,SAY,551.25,560.37,80,80,100
Gebze Teknik Üniversitesi,Elektrik-Elektronik Mühendisliği,Kocaeli,SAY,543.9,555.81,80,80,100
Gebze Teknik Üniversitesi,Makine Mühendisliği,Kocaeli,SAY,536.45,548.72,70,70,100
Gebze Teknik Üniversitesi,İnşaat Mühendisliği,Kocaeli,SAY,530.25,538.55,80,80,100
Gebze Teknik Üniversitesi,Endüstri Mühendisliği,Kocaeli,SAY,532.76,541.71,60,60,100
Gebze Teknik Üniversitesi,Kimya Mühendisliği,Kocaeli,SAY,524.75,538.17,50,50,112
Gebze Teknik Üniversitesi,Mekatronik Mühendisliği,Kocaeli,SAY,519.75,535.15,50,50,100
Gebze Teknik Üniversitesi,Yazılım Mühendisliği,Kocaeli,SAY,522.9,534.67,40,40,115
Gebze Teknik Üniversitesi,Biyomedikal Mühendisliği,Kocaeli,SAY,514.5,523.54,30,30,106
Gebze Teknik Üniversitesi,Çevre Mühendisliği,Kocaeli,SAY,502.84,517.19,50,50,141
Gebze Teknik Üniversitesi,Gıda Mühendisliği,Kocaeli,SAY,495.6,510.14,50,50,143
Gebze Teknik Üniversitesi,Jeoloji Mühendisliği,Kocaeli,SAY,485.1,494.86,30,30,219
Gebze Teknik Üniversitesi,Maden Mühendisliği,Kocaeli,SAY,477.75,493.61,30,30,249
Gebze Teknik Üniversitesi,Metalurji ve Malzeme Mühendisliği,Kocaeli,SAY,480.9,493.51,40,40,196
Gebze Teknik Üniversitesi,Tekstil Mühendisliği,Kocaeli,SAY,472.5,486.61,30,30,275
Gebze Teknik Üniversitesi,Fizik,Kocaeli,SAY,491.22,500.35,60,60,172
Gebze Teknik Üniversitesi,Kimya,Kocaeli,SAY,488.25,499.76,40,40,212
Gebze Teknik Üniversitesi,Matematik,Kocaeli,SAY,496.35,511.13,60,60,166
Gebze Teknik Üniversitesi,İstatistik,Kocaeli,SAY,492.69,504.59,50,50,146
Gebze Teknik Üniversitesi,Biyoloji,Kocaeli,SAY,480.53,493.74,50,50,247
Gebze Teknik Üniversitesi,Moleküler Biyoloji ve Genetik,Kocaeli,SAY,512.4,526.58,30,30,129
Gebze Teknik Üniversitesi,Veteriner,Kocaeli,SAY,519.75,531.93,40,40,105
Gebze Teknik Üniversitesi,Hemşirelik,Kocaeli,SAY,491.4,499.7,70,70,160
Gebze Teknik Üniversitesi,Ebelik,Kocaeli,SAY,474.6,487.62,30,30,276
Gebze Teknik Üniversitesi,Fizyoterapi ve Rehabilitasyon,Kocaeli,SAY,498.93,508.82,40,40,135
Gebze Teknik Üniversitesi,Beslenme ve Diyetetik,Kocaeli,SAY,493.17,504.07,40,40,184
Gebze Teknik Üniversitesi,Şehir ve Bölge Planlama,Kocaeli,SAY,500.22,514.38,30,30,157
Gebze Teknik Üniversitesi,Peyzaj Mimarlığı,Kocaeli,SAY,483.26,497.63,40,40,220
Gebze Teknik Üniversitesi,Orman Mühendisliği,Kocaeli,SAY,474.45,483.86,30,30,269
Gebze Teknik Üniversitesi,Ziraat Mühendisliği,Kocaeli,SAY,470.4,480.68,50,50,277
Gebze Teknik Üniversitesi,Tarım Ekonomisi,Kocaeli,SAY,462.0,476.07,40,40,307
Gebze Teknik Üniversitesi,İşletme,Kocaeli,EA,519.75,529.16,70,70,117
Gebze Teknik Üniversitesi,İktisat,Kocaeli,EA,512.2,527.36,80,80,130
Gebze Teknik Üniversitesi,Maliye,Kocaeli,EA,502.96,512.55,50,50,150
Gebze Teknik Üniversitesi,Kamu Yönetimi,Kocaeli,EA,498.75,509.36,60,60,135
Gebze Teknik Üniversitesi,Uluslararası İlişkiler,Kocaeli,EA,522.9,533.9,50,50,100
Gebze Teknik Üniversitesi,Siyaset Bilimi ve Kamu Yönetimi,Kocaeli,EA,512.31,527.43,70,70,109
Gebze Teknik Üniversitesi,Çalışma Ekonomisi ve Endüstri İlişkileri,Kocaeli,EA,493.23,504.33,40,40,151
Gebze Teknik Üniversitesi,Uluslararası Ticaret ve Lojistik,Kocaeli,EA,501.9,517.7,50,50,132
Gebze Teknik Üniversitesi,Bankacılık ve Finans,Kocaeli,EA,506.1,514.58,60,60,120
Gebze Teknik Üniversitesi,Muhasebe ve Finansal Yönetim,Kocaeli,EA,491.15,500.52,60,60,169
Gebze Teknik Üniversitesi,Turizm İşletmeciliği,Kocaeli,EA,477.75,492.07,60,60,246
Gebze Teknik Üniversitesi,Gastronomi ve Mutfak Sanatları,Kocaeli,EA,468.42,484.18,30,30,329
Gebze Teknik Üniversitesi,Sosyoloji,Kocaeli,EA,485.1,497.01,60,60,230
Gebze Teknik Üniversitesi,Psikoloji,Kocaeli,EA,522.9,533.13,60,60,110
Gebze Teknik Üniversitesi,Tarih,Kocaeli,EA,476.23,486.85,60,60,250
Gebze Teknik Üniversitesi,Coğrafya,Kocaeli,EA,464.1,473.29,30,30,342
Gebze Teknik Üniversitesi,Felsefe,Kocaeli,EA,483.0,491.32,40,40,208
Gebze Teknik Üniversitesi,Arkeoloji,Kocaeli,EA,471.8,484.05,40,40,271
Gebze Teknik Üniversitesi,Sanat Tarihi,Kocaeli,EA,470.4,482.02,40,40,260
Gebze Teknik Üniversitesi,Sosyal Hizmet,Kocaeli,EA,482.17,496.02,50,50,242
Gebze Teknik Üniversitesi,Türk Dili ve Edebiyatı,Kocaeli,SÖZ,483.87,497.05,50,50,180
Gebze Teknik Üniversitesi,Türk Dili ve Edebiyatı Öğretmenliği,Kocaeli,SÖZ,490.23,503.86,40,40,200
Gebze Teknik Üniversitesi,İngilizce Öğretmenliği,Kocaeli,SÖZ,495.9,507.54,40,40,175
Gebze Teknik Üniversitesi,Almanca Öğretmenliği,Kocaeli,SÖZ,477.18,491.5,20,20,230
Gebze Teknik Üniversitesi,Fransızca Öğretmenliği,Kocaeli,SÖZ,474.6,489.48,30,30,222
Gebze Teknik Üniversitesi,Rehberlik ve Psikolojik Danışmanlık,Kocaeli,SÖZ,503.0,511.26,30,30,138
Gebze Teknik Üniversitesi,Okul Öncesi Öğretmenliği,Kocaeli,SÖZ,485.1,497.44,60,60,218
Gebze Teknik Üniversitesi,Sınıf Öğretmenliği,Kocaeli,SÖZ,488.89,503.94,40,40,199
Gebze Teknik Üniversitesi,İlahiyat,Kocaeli,SÖZ,470.4,483.8,60,60,315
Gebze Teknik Üniversitesi,Arap Dili ve Edebiyatı,Kocaeli,SÖZ,461.19,474.14,30,30,349
Gebze Teknik Üniversitesi,İngiliz Dili ve Edebiyatı,Kocaeli,SÖZ,493.5,502.04,30,30,180
Gebze Teknik Üniversitesi,Fransız Dili ve Edebiyatı,Kocaeli,SÖZ,472.5,482.41,20,20,236
Gebze Teknik Üniversitesi,Alman Dili ve Edebiyatı,Kocaeli,SÖZ,470.4,483.04,20,20,321
Gebze Teknik Üniversitesi,Japon Dili ve Edebiyatı,Kocaeli,SÖZ,480.9,490.7,20,20,210
Gebze Teknik Üniversitesi,Çin Dili ve Edebiyatı,Kocaeli,SÖZ,477.75,487.97,20,20,205
Gebze Teknik Üniversitesi,Gazetecilik,Kocaeli,SÖZ,488.17,500.38,60,60,167
Gebze Teknik Üniversitesi,Radyo Televizyon ve Sinema,Kocaeli,SÖZ,485.1,497.36,60,60,188
Gebze Teknik Üniversitesi,Halkla İlişkiler ve Tanıtım,Kocaeli,SÖZ,480.9,496.46,70,70,240
Gebze Teknik Üniversitesi,İletişim Tasarımı,Kocaeli,SÖZ,480.39,495.53,30,30,220
Sakarya Üniversitesi,Bilgisayar Mühendisliği,Sakarya,SAY,511.64,521.95,60,60,139
Sakarya Üniversitesi,Elektrik-Elektronik Mühendisliği,Sakarya,SAY,501.12,514.7,90,90,146
Sakarya Üniversitesi,Makine Mühendisliği,Sakarya,SAY,496.76,509.78,90,90,149
Sakarya Üniversitesi,İnşaat Mühendisliği,Sakarya,SAY,490.1,499.16,70,70,172
Sakarya Üniversitesi,Endüstri Mühendisliği,Sakarya,SAY,495.57,505.9,60,60,141
Sakarya Üniversitesi,Kimya Mühendisliği,Sakarya,SAY,483.39,498.97,50,50,217
Sakarya Üniversitesi,Mekatronik Mühendisliği,Sakarya,SAY,479.21,492.38,60,60,217
Sakarya Üniversitesi,Yazılım Mühendisliği,Sakarya,SAY,484.24,498.98,50,50,201
Sakarya Üniversitesi,Biyomedikal Mühendisliği,Sakarya,SAY,473.09,487.4,30,30,238
Sakarya Üniversitesi,Çevre Mühendisliği,Sakarya,SAY,465.51,481.28,40,40,348
Sakarya Üniversitesi,Gıda Mühendisliği,Sakarya,SAY,456.96,468.61,70,70,373
Sakarya Üniversitesi,Jeoloji Mühendisliği,Sakarya,SAY,449.41,459.69,40,40,612
Sakarya Üniversitesi,Maden Mühendisliği,Sakarya,SAY,442.51,455.84,30,30,629
Sakarya Üniversitesi,Metalurji ve Malzeme Mühendisliği,Sakarya,SAY,441.51,452.04,30,30,650
Sakarya Üniversitesi,Tekstil Mühendisliği,Sakarya,SAY,434.61,447.11,30,30,875
Sakarya Üniversitesi,Fizik,Sakarya,SAY,454.96,465.94,50,50,447
Sakarya Üniversitesi,Kimya,Sakarya,SAY,449.86,465.22,50,50,511
Sakarya Üniversitesi,Matematik,Sakarya,SAY,458.62,470.28,40,40,372
Sakarya Üniversitesi,İstatistik,Sakarya,SAY,459.27,475.07,60,60,366
Sakarya Üniversitesi,Biyoloji,Sakarya,SAY,446.04,456.36,70,70,688
Sakarya Üniversitesi,Moleküler Biyoloji ve Genetik,Sakarya,SAY,473.8,482.98,40,40,265
Sakarya Üniversitesi,Tıp,Sakarya,SAY,525.39,538.9,90,90,106
Sakarya Üniversitesi,Veteriner,Sakarya,SAY,477.99,490.4,30,30,221
Sakarya Üniversitesi,Hemşirelik,Sakarya,SAY,456.01,467.58,60,60,374
Sakarya Üniversitesi,Ebelik,Sakarya,SAY,439.29,451.96,40,40,741
Sakarya Üniversitesi,Fizyoterapi ve Rehabilitasyon,Sakarya,SAY,462.33,470.51,30,30,356
Sakarya Üniversitesi,Beslenme ve Diyetetik,Sakarya,SAY,458.87,467.57,30,30,392
Sakarya Üniversitesi,Mimarlık,Sakarya,SAY,481.97,494.81,60,60,243
Sakarya Üniversitesi,Şehir ve Bölge Planlama,Sakarya,SAY,462.83,472.01,30,30,383
Sakarya Üniversitesi,Peyzaj Mimarlığı,Sakarya,SAY,447.38,457.66,40,40,552
Sakarya Üniversitesi,Orman Mühendisliği,Sakarya,SAY,440.69,449.39,30,30,811
Sakarya Üniversitesi,Ziraat Mühendisliği,Sakarya,SAY,437.52,451.95,60,60,823
Sakarya Üniversitesi,Tarım Ekonomisi,Sakarya,SAY,429.62,441.01,30,30,1506
Sakarya Üniversitesi,İşletme,Sakarya,EA,480.67,489.36,70,70,201
Sakarya Üniversitesi,İktisat,Sakarya,EA,477.51,493.4,90,90,207
Sakarya Üniversitesi,Maliye,Sakarya,EA,467.14,475.85,60,60,299
Sakarya Üniversitesi,Kamu Yönetimi,Sakarya,EA,460.24,472.69,60,60,398
Sakarya Üniversitesi,Uluslararası İlişkiler,Sakarya,EA,480.88,490.37,60,60,212
Sakarya Üniversitesi,Hukuk,Sakarya,EA,491.95,506.56,70,70,192
Sakarya Üniversitesi,Siyaset Bilimi ve Kamu Yönetimi,Sakarya,EA,473.72,485.43,40,40,223
Sakarya Üniversitesi,Çalışma Ekonomisi ve Endüstri İlişkileri,Sakarya,EA,454.48,470.13,30,30,494
Sakarya Üniversitesi,Uluslararası Ticaret ve Lojistik,Sakarya,EA,464.58,479.72,50,50,322
Sakarya Üniversitesi,Bankacılık ve Finans,Sakarya,EA,468.67,478.63,50,50,262
Sakarya Üniversitesi,Muhasebe ve Finansal Yönetim,Sakarya,EA,456.93,465.46,60,60,445
Sakarya Üniversitesi,Turizm İşletmeciliği,Sakarya,EA,441.74,456.69,50,50,753
Sakarya Üniversitesi,Gastronomi ve Mutfak Sanatları,Sakarya,EA,435.73,444.69,40,40,963
Sakarya Üniversitesi,Sosyoloji,Sakarya,EA,450.21,459.51,50,50,451
Sakarya Üniversitesi,Psikoloji,Sakarya,EA,485.33,494.41,50,50,179
Sakarya Üniversitesi,Tarih,Sakarya,EA,440.87,456.17,50,50,721
Sakarya Üniversitesi,Coğrafya,Sakarya,EA,428.92,444.41,40,40,1411
Sakarya Üniversitesi,Felsefe,Sakarya,EA,444.3,453.06,40,40,701
Sakarya Üniversitesi,Arkeoloji,Sakarya,EA,440.67,455.28,30,30,803
Sakarya Üniversitesi,Sanat Tarihi,Sakarya,EA,435.67,449.18,40,40,846
Sakarya Üniversitesi,Sosyal Hizmet,Sakarya,EA,450.08,458.18,50,50,525
Sakarya Üniversitesi,Türk Dili ve Edebiyatı,Sakarya,SÖZ,448.05,458.77,50,50,632
Sakarya Üniversitesi,Türk Dili ve Edebiyatı Öğretmenliği,Sakarya,SÖZ,451.89,461.66,40,40,444
Sakarya Üniversitesi,İngilizce Öğretmenliği,Sakarya,SÖZ,461.43,476.08,40,40,364
Sakarya Üniversitesi,Almanca Öğretmenliği,Sakarya,SÖZ,441.66,455.71,20,20,643
Sakarya Üniversitesi,Fransızca Öğretmenliği,Sakarya,SÖZ,435.9,450.45,20,20,1072
Sakarya Üniversitesi,Rehberlik ve Psikolojik Danışmanlık,Sakarya,SÖZ,464.47,475.37,40,40,363
Sakarya Üniversitesi,Okul Öncesi Öğretmenliği,Sakarya,SÖZ,448.73,462.84,60,60,522
Sakarya Üniversitesi,Sınıf Öğretmenliği,Sakarya,SÖZ,451.13,465.65,60,60,462
Sakarya Üniversitesi,İlahiyat,Sakarya,SÖZ,432.41,442.22,60,60,1016
Sakarya Üniversitesi,Arap Dili ve Edebiyatı,Sakarya,SÖZ,424.27,437.8,30,30,2091
Sakarya Üniversitesi,İngiliz Dili ve Edebiyatı,Sakarya,SÖZ,457.55,471.61,30,30,351
Sakarya Üniversitesi,Fransız Dili ve Edebiyatı,Sakarya,SÖZ,438.26,450.37,20,20,736
Sakarya Üniversitesi,Alman Dili ve Edebiyatı,Sakarya,SÖZ,433.08,441.61,30,30,1158
Sakarya Üniversitesi,Japon Dili ve Edebiyatı,Sakarya,SÖZ,445.95,461.31,30,30,556
Sakarya Üniversitesi,Çin Dili ve Edebiyatı,Sakarya,SÖZ,439.46,450.27,30,30,704
Sakarya Üniversitesi,Gazetecilik,Sakarya,SÖZ,453.7,469.29,50,50,439
Sakarya Üniversitesi,Radyo Televizyon ve Sinema,Sakarya,SÖZ,448.14,461.97,60,60,517
Sakarya Üniversitesi,Halkla İlişkiler ve Tanıtım,Sakarya,SÖZ,441.85,454.48,50,50,616
Sakarya Üniversitesi,İletişim Tasarımı,Sakarya,SÖZ,444.35,454.6,40,40,729
Karadeniz Teknik Üniversitesi,Bilgisayar Mühendisliği,Trabzon,SAY,527.84,536.63,80,80,100
Karadeniz Teknik Üniversitesi,Elektrik-Elektronik Mühendisliği,Trabzon,SAY,519.25,530.18,70,70,111
Karadeniz Teknik Üniversitesi,Makine Mühendisliği,Trabzon,SAY,514.75,524.2,70,70,111
Karadeniz Teknik Üniversitesi,İnşaat Mühendisliği,Trabzon,SAY,503.29,513.11,90,90,125
Karadeniz Teknik Üniversitesi,Endüstri Mühendisliği,Trabzon,SAY,507.74,516.62,60,60,116
Karadeniz Teknik Üniversitesi,Kimya Mühendisliği,Trabzon,SAY,501.23,513.69,50,50,126
Karadeniz Teknik Üniversitesi,Mekatronik Mühendisliği,Trabzon,SAY,492.69,502.96,50,50,177
Karadeniz Teknik Üniversitesi,Yazılım Mühendisliği,Trabzon,SAY,500.86,512.41,50,50,150
Karadeniz Teknik Üniversitesi,Biyomedikal Mühendisliği,Trabzon,SAY,492.13,501.64,40,40,151
Karadeniz Teknik Üniversitesi,Çevre Mühendisliği,Trabzon,SAY,479.85,493.28,70,70,203
Karadeniz Teknik Üniversitesi,Gıda Mühendisliği,Trabzon,SAY,471.95,480.79,60,60,266
Karadeniz Teknik Üniversitesi,Jeoloji Mühendisliği,Trabzon,SAY,459.51,468.66,40,40,371
Karadeniz Teknik Üniversitesi,Maden Mühendisliği,Trabzon,SAY,452.61,468.01,30,30,546
Karadeniz Teknik Üniversitesi,Metalurji ve Malzeme Mühendisliği,Trabzon,SAY,460.85,471.56,40,40,378
Karadeniz Teknik Üniversitesi,Tekstil Mühendisliği,Trabzon,SAY,447.74,462.44,30,30,608
Karadeniz Teknik Üniversitesi,Fizik,Trabzon,SAY,471.28,483.94,60,60,258
Karadeniz Teknik Üniversitesi,Kimya,Trabzon,SAY,465.86,477.06,60,60,316
Karadeniz Teknik Üniversitesi,Matematik,Trabzon,SAY,474.43,486.31,60,60,239
Karadeniz Teknik Üniversitesi,İstatistik,Trabzon,SAY,469.65,479.66,60,60,287
Karadeniz Teknik Üniversitesi,Biyoloji,Trabzon,SAY,457.81,466.61,40,40,349
Karadeniz Teknik Üniversitesi,Moleküler Biyoloji ve Genetik,Trabzon,SAY,489.07,504.85,40,40,178
Karadeniz Teknik Üniversitesi,Tıp,Trabzon,SAY,539.92,552.9,60,60,100
Karadeniz Teknik Üniversitesi,Diş Hekimliği,Trabzon,SAY,529.51,543.65,30,30,102
Karadeniz Teknik Üniversitesi,Eczacılık,Trabzon,SAY,518.97,530.89,30,30,102
Karadeniz Teknik Üniversitesi,Veteriner,Trabzon,SAY,497.16,509.53,30,30,179
Karadeniz Teknik Üniversitesi,Hemşirelik,Trabzon,SAY,467.58,482.9,70,70,294
Karadeniz Teknik Üniversitesi,Ebelik,Trabzon,SAY,451.26,462.94,40,40,430
Karadeniz Teknik Üniversitesi,Fizyoterapi ve Rehabilitasyon,Trabzon,SAY,480.16,490.58,30,30,237
Karadeniz Teknik Üniversitesi,Beslenme ve Diyetetik,Trabzon,SAY,469.81,483.54,30,30,285
Karadeniz Teknik Üniversitesi,Mimarlık,Trabzon,SAY,499.05,512.33,60,60,161
Karadeniz Teknik Üniversitesi,Şehir ve Bölge Planlama,Trabzon,SAY,477.86,492.69,30,30,236
Karadeniz Teknik Üniversitesi,Peyzaj Mimarlığı,Trabzon,SAY,461.97,477.74,30,30,368
Karadeniz Teknik Üniversitesi,Orman Mühendisliği,Trabzon,SAY,454.87,465.43,30,30,380
Karadeniz Teknik Üniversitesi,Ziraat Mühendisliği,Trabzon,SAY,450.02,460.81,40,40,562
Karadeniz Teknik Üniversitesi,Tarım Ekonomisi,Trabzon,SAY,442.35,453.08,30,30,621
Karadeniz Teknik Üniversitesi,İşletme,Trabzon,EA,494.14,504.95,70,70,176
Karadeniz Teknik Üniversitesi,İktisat,Trabzon,EA,490.89,503.63,60,60,199
Karadeniz Teknik Üniversitesi,Maliye,Trabzon,EA,478.83,489.53,50,50,197
Karadeniz Teknik Üniversitesi,Kamu Yönetimi,Trabzon,EA,474.77,489.68,60,60,259
Karadeniz Teknik Üniversitesi,Uluslararası İlişkiler,Trabzon,EA,496.6,510.17,70,70,164
Karadeniz Teknik Üniversitesi,Hukuk,Trabzon,EA,509.27,520.39,80,80,130
Karadeniz Teknik Üniversitesi,Siyaset Bilimi ve Kamu Yönetimi,Trabzon,EA,485.6,499.0,60,60,189
Karadeniz Teknik Üniversitesi,Çalışma Ekonomisi ve Endüstri İlişkileri,Trabzon,EA,471.59,482.31,30,30,284
Karadeniz Teknik Üniversitesi,Uluslararası Ticaret ve Lojistik,Trabzon,EA,477.62,489.6,60,60,261
Karadeniz Teknik Üniversitesi,Bankacılık ve Finans,Trabzon,EA,484.04,496.33,40,40,192
Karadeniz Teknik Üniversitesi,Muhasebe ve Finansal Yönetim,Trabzon,EA,470.98,482.2,60,60,256
Karadeniz Teknik Üniversitesi,Turizm İşletmeciliği,Trabzon,EA,452.55,467.3,50,50,420
Karadeniz Teknik Üniversitesi,Gastronomi ve Mutfak Sanatları,Trabzon,EA,445.4,459.81,30,30,619
Karadeniz Teknik Üniversitesi,Sosyoloji,Trabzon,EA,463.77,476.98,60,60,317
Karadeniz Teknik Üniversitesi,Psikoloji,Trabzon,EA,497.6,509.92,50,50,142
Karadeniz Teknik Üniversitesi,Tarih,Trabzon,EA,455.75,467.38,50,50,465
Karadeniz Teknik Üniversitesi,Coğrafya,Trabzon,EA,439.11,452.74,40,40,904
Karadeniz Teknik Üniversitesi,Felsefe,Trabzon,EA,458.28,473.98,30,30,426
Karadeniz Teknik Üniversitesi,Arkeoloji,Trabzon,EA,454.62,466.88,40,40,462
Karadeniz Teknik Üniversitesi,Sanat Tarihi,Trabzon,EA,447.6,460.13,40,40,594
Karadeniz Teknik Üniversitesi,Sosyal Hizmet,Trabzon,EA,461.19,470.37,60,60,325
Karadeniz Teknik Üniversitesi,Türk Dili ve Edebiyatı,Trabzon,SÖZ,460.8,472.28,60,60,348
Karadeniz Teknik Üniversitesi,Türk Dili ve Edebiyatı Öğretmenliği,Trabzon,SÖZ,465.39,475.02,40,40,314
Karadeniz Teknik Üniversitesi,İngilizce Öğretmenliği,Trabzon,SÖZ,475.88,485.93,30,30,254
Karadeniz Teknik Üniversitesi,Almanca Öğretmenliği,Trabzon,SÖZ,452.68,462.22,30,30,440
Karadeniz Teknik Üniversitesi,Fransızca Öğretmenliği,Trabzon,SÖZ,451.78,464.26,30,30,482
Karadeniz Teknik Üniversitesi,Rehberlik ve Psikolojik Danışmanlık,Trabzon,SÖZ,477.22,486.49,30,30,213
Karadeniz Teknik Üniversitesi,Okul Öncesi Öğretmenliği,Trabzon,SÖZ,463.82,477.09,60,60,305
Karadeniz Teknik Üniversitesi,Sınıf Öğretmenliği,Trabzon,SÖZ,470.78,482.67,60,60,239
Karadeniz Teknik Üniversitesi,İlahiyat,Trabzon,SÖZ,445.5,458.31,90,90,689
Karadeniz Teknik Üniversitesi,Arap Dili ve Edebiyatı,Trabzon,SÖZ,439.44,450.35,30,30,841
Karadeniz Teknik Üniversitesi,İngiliz Dili ve Edebiyatı,Trabzon,SÖZ,472.66,486.45,30,30,238
Karadeniz Teknik Üniversitesi,Fransız Dili ve Edebiyatı,Trabzon,SÖZ,451.41,466.87,30,30,502
Karadeniz Teknik Üniversitesi,Alman Dili ve Edebiyatı,Trabzon,SÖZ,450.7,466.15,30,30,472
Karadeniz Teknik Üniversitesi,Japon Dili ve Edebiyatı,Trabzon,SÖZ,456.43,465.41,20,20,460
Karadeniz Teknik Üniversitesi,Çin Dili ve Edebiyatı,Trabzon,SÖZ,455.51,466.63,20,20,466
Karadeniz Teknik Üniversitesi,Gazetecilik,Trabzon,SÖZ,464.54,473.69,70,70,298
Karadeniz Teknik Üniversitesi,Radyo Televizyon ve Sinema,Trabzon,SÖZ,461.64,471.67,50,50,369
Karadeniz Teknik Üniversitesi,Halkla İlişkiler ve Tanıtım,Trabzon,SÖZ,457.25,472.84,50,50,388
Karadeniz Teknik Üniversitesi,İletişim Tasarımı,Trabzon,SÖZ,461.1,476.81,40,40,406
Ondokuz Mayıs Üniversitesi,Bilgisayar Mühendisliği,Samsun,SAY,497.93,511.66,60,60,171
Ondokuz Mayıs Üniversitesi,Elektrik-Elektronik Mühendisliği,Samsun,SAY,494.9,507.75,80,80,181
Ondokuz Mayıs Üniversitesi,Makine Mühendisliği,Samsun,SAY,489.05,502.58,70,70,201
Ondokuz Mayıs Üniversitesi,İnşaat Mühendisliği,Samsun,SAY,480.07,490.54,70,70,254
Ondokuz Mayıs Üniversitesi,Endüstri Mühendisliği,Samsun,SAY,486.37,495.35,60,60,217
Ondokuz Mayıs Üniversitesi,Kimya Mühendisliği,Samsun,SAY,474.33,489.61,70,70,248
Ondokuz Mayıs Üniversitesi,Mekatronik Mühendisliği,Samsun,SAY,468.78,477.5,50,50,323
Ondokuz Mayıs Üniversitesi,Yazılım Mühendisliği,Samsun,SAY,471.36,486.48,60,60,310
Ondokuz Mayıs Üniversitesi,Biyomedikal Mühendisliği,Samsun,SAY,467.78,481.91,30,30,294
Ondokuz Mayıs Üniversitesi,Çevre Mühendisliği,Samsun,SAY,458.2,472.79,50,50,451
Ondokuz Mayıs Üniversitesi,Gıda Mühendisliği,Samsun,SAY,447.88,462.61,60,60,603
Ondokuz Mayıs Üniversitesi,Jeoloji Mühendisliği,Samsun,SAY,440.82,455.42,40,40,801
Ondokuz Mayıs Üniversitesi,Maden Mühendisliği,Samsun,SAY,431.36,444.18,40,40,1329
Ondokuz Mayıs Üniversitesi,Metalurji ve Malzeme Mühendisliği,Samsun,SAY,434.82,443.04,40,40,870
Ondokuz Mayıs Üniversitesi,Tekstil Mühendisliği,Samsun,SAY,428.28,442.61,30,30,1303
Ondokuz Mayıs Üniversitesi,Fizik,Samsun,SAY,447.27,457.78,50,50,507
Ondokuz Mayıs Üniversitesi,Kimya,Samsun,SAY,441.85,457.61,60,60,793
Ondokuz Mayıs Üniversitesi,Matematik,Samsun,SAY,453.33,466.82,50,50,507
Ondokuz Mayıs Üniversitesi,İstatistik,Samsun,SAY,448.27,462.15,60,60,518
Ondokuz Mayıs Üniversitesi,Biyoloji,Samsun,SAY,438.96,453.36,50,50,747
Ondokuz Mayıs Üniversitesi,Moleküler Biyoloji ve Genetik,Samsun,SAY,461.69,476.7,40,40,406
Ondokuz Mayıs Üniversitesi,Tıp,Samsun,SAY,513.25,528.83,80,80,135
Ondokuz Mayıs Üniversitesi,Diş Hekimliği,Samsun,SAY,502.36,517.61,30,30,164
Ondokuz Mayıs Üniversitesi,Veteriner,Samsun,SAY,471.46,480.81,30,30,266
Ondokuz Mayıs Üniversitesi,Hemşirelik,Samsun,SAY,443.16,451.87,90,90,655
Ondokuz Mayıs Üniversitesi,Ebelik,Samsun,SAY,427.1,440.85,40,40,1549
Ondokuz Mayıs Üniversitesi,Fizyoterapi ve Rehabilitasyon,Samsun,SAY,453.82,467.21,40,40,406
Ondokuz Mayıs Üniversitesi,Beslenme ve Diyetetik,Samsun,SAY,446.54,461.44,30,30,647
Ondokuz Mayıs Üniversitesi,Mimarlık,Samsun,SAY,473.07,482.11,60,60,293
Ondokuz Mayıs Üniversitesi,Şehir ve Bölge Planlama,Samsun,SAY,457.07,467.33,30,30,434
Ondokuz Mayıs Üniversitesi,Peyzaj Mimarlığı,Samsun,SAY,438.35,447.52,30,30,792
Ondokuz Mayıs Üniversitesi,Orman Mühendisliği,Samsun,SAY,430.11,445.37,40,40,1255
Ondokuz Mayıs Üniversitesi,Ziraat Mühendisliği,Samsun,SAY,425.35,433.43,50,50,1585
Ondokuz Mayıs Üniversitesi,Tarım Ekonomisi,Samsun,SAY,419.16,432.65,40,40,3138
Ondokuz Mayıs Üniversitesi,İşletme,Samsun,EA,471.67,481.72,60,60,240
Ondokuz Mayıs Üniversitesi,İktisat,Samsun,EA,464.5,474.38,90,90,371
Ondokuz Mayıs Üniversitesi,Maliye,Samsun,EA,458.64,474.38,60,60,404
Ondokuz Mayıs Üniversitesi,Kamu Yönetimi,Samsun,EA,448.52,458.55,50,50,572
Ondokuz Mayıs Üniversitesi,Uluslararası İlişkiler,Samsun,EA,472.47,483.44,60,60,306
Ondokuz Mayıs Üniversitesi,Hukuk,Samsun,EA,484.98,495.06,90,90,202
Ondokuz Mayıs Üniversitesi,Siyaset Bilimi ve Kamu Yönetimi,Samsun,EA,465.87,474.93,60,60,301
Ondokuz Mayıs Üniversitesi,Çalışma Ekonomisi ve Endüstri İlişkileri,Samsun,EA,444.35,453.28,30,30,561
Ondokuz Mayıs Üniversitesi,Uluslararası Ticaret ve Lojistik,Samsun,EA,456.33,471.01,70,70,454
Ondokuz Mayıs Üniversitesi,Bankacılık ve Finans,Samsun,EA,456.6,471.62,60,60,433
Ondokuz Mayıs Üniversitesi,Muhasebe ve Finansal Yönetim,Samsun,EA,443.18,453.68,50,50,763
Ondokuz Mayıs Üniversitesi,Turizm İşletmeciliği,Samsun,EA,435.22,449.33,60,60,882
Ondokuz Mayıs Üniversitesi,Gastronomi ve Mutfak Sanatları,Samsun,EA,426.54,440.93,30,30,1421
Ondokuz Mayıs Üniversitesi,Sosyoloji,Samsun,EA,437.28,445.57,60,60,825
Ondokuz Mayıs Üniversitesi,Psikoloji,Samsun,EA,472.72,488.68,40,40,301
Ondokuz Mayıs Üniversitesi,Tarih,Samsun,EA,431.39,445.06,50,50,1207
Ondokuz Mayıs Üniversitesi,Coğrafya,Samsun,EA,421.98,436.92,30,30,2043
Ondokuz Mayıs Üniversitesi,Felsefe,Samsun,EA,439.21,448.66,40,40,731
Ondokuz Mayıs Üniversitesi,Arkeoloji,Samsun,EA,428.04,443.17,40,40,1524
Ondokuz Mayıs Üniversitesi,Sanat Tarihi,Samsun,EA,428.43,440.64,30,30,1479
Ondokuz Mayıs Üniversitesi,Sosyal Hizmet,Samsun,EA,436.36,450.51,60,60,980
Ondokuz Mayıs Üniversitesi,Türk Dili ve Edebiyatı,Samsun,SÖZ,436.06,449.51,50,50,996
Ondokuz Mayıs Üniversitesi,Türk Dili ve Edebiyatı Öğretmenliği,Samsun,SÖZ,445.14,460.75,30,30,693
Ondokuz Mayıs Üniversitesi,İngilizce Öğretmenliği,Samsun,SÖZ,448.74,463.39,30,30,575
Ondokuz Mayıs Üniversitesi,Almanca Öğretmenliği,Samsun,SÖZ,434.98,447.73,30,30,850
Ondokuz Mayıs Üniversitesi,Fransızca Öğretmenliği,Samsun,SÖZ,430.34,445.95,30,30,1221
Ondokuz Mayıs Üniversitesi,Rehberlik ve Psikolojik Danışmanlık,Samsun,SÖZ,457.41,473.07,30,30,417
Ondokuz Mayıs Üniversitesi,Okul Öncesi Öğretmenliği,Samsun,SÖZ,436.19,449.34,40,40,889
Ondokuz Mayıs Üniversitesi,Sınıf Öğretmenliği,Samsun,SÖZ,442.02,457.64,50,50,691
Ondokuz Mayıs Üniversitesi,İlahiyat,Samsun,SÖZ,423.67,439.39,60,60,2237
Ondokuz Mayıs Üniversitesi,Arap Dili ve Edebiyatı,Samsun,SÖZ,420.11,429.41,30,30,2930
Ondokuz Mayıs Üniversitesi,İngiliz Dili ve Edebiyatı,Samsun,SÖZ,448.02,461.25,30,30,499
Ondokuz Mayıs Üniversitesi,Fransız Dili ve Edebiyatı,Samsun,SÖZ,427.09,441.54,30,30,1490
Ondokuz Mayıs Üniversitesi,Alman Dili ve Edebiyatı,Samsun,SÖZ,423.39,436.71,30,30,2265
Ondokuz Mayıs Üniversitesi,Japon Dili ve Edebiyatı,Samsun,SÖZ,435.04,450.12,30,30,987
Ondokuz Mayıs Üniversitesi,Çin Dili ve Edebiyatı,Samsun,SÖZ,431.79,445.84,30,30,1295
Ondokuz Mayıs Üniversitesi,Gazetecilik,Samsun,SÖZ,441.35,452.76,50,50,636
Ondokuz Mayıs Üniversitesi,Radyo Televizyon ve Sinema,Samsun,SÖZ,438.68,448.47,50,50,879
Ondokuz Mayıs Üniversitesi,Halkla İlişkiler ve Tanıtım,Samsun,SÖZ,435.07,448.11,50,50,1000
Ondokuz Mayıs Üniversitesi,İletişim Tasarımı,Samsun,SÖZ,436.62,451.88,30,30,912
Erciyes Üniversitesi,Bilgisayar Mühendisliği,Kayseri,SAY,496.52,511.74,80,80,176
Erciyes Üniversitesi,Elektrik-Elektronik Mühendisliği,Kayseri,SAY,490.87,499.25,60,60,156
Erciyes Üniversitesi,Makine Mühendisliği,Kayseri,SAY,484.05,495.45,80,80,180
Erciyes Üniversitesi,İnşaat Mühendisliği,Kayseri,SAY,480.16,490.19,60,60,207
Erciyes Üniversitesi,Endüstri Mühendisliği,Kayseri,SAY,484.52,493.43,50,50,212
Erciyes Üniversitesi,Kimya Mühendisliği,Kayseri,SAY,473.09,484.23,60,60,230
Erciyes Üniversitesi,Mekatronik Mühendisliği,Kayseri,SAY,469.04,481.74,60,60,289
Erciyes Üniversitesi,Yazılım Mühendisliği,Kayseri,SAY,473.84,483.96,60,60,296
Erciyes Üniversitesi,Biyomedikal Mühendisliği,Kayseri,SAY,463.62,473.1,40,40,365
Erciyes Üniversitesi,Havacılık ve Uzay Mühendisliği,Kayseri,SAY,491.48,500.33,30,30,177
Erciyes Üniversitesi,Çevre Mühendisliği,Kayseri,SAY,453.7,463.07,60,60,457
Erciyes Üniversitesi,Gıda Mühendisliği,Kayseri,SAY,450.61,466.34,50,50,528
Erciyes Üniversitesi,Jeoloji Mühendisliği,Kayseri,SAY,439.61,455.4,40,40,764
Erciyes Üniversitesi,Maden Mühendisliği,Kayseri,SAY,433.39,444.55,30,30,1020
Erciyes Üniversitesi,Metalurji ve Malzeme Mühendisliği,Kayseri,SAY,432.18,441.08,40,40,991
Erciyes Üniversitesi,Tekstil Mühendisliği,Kayseri,SAY,429.65,439.32,40,40,1403
Erciyes Üniversitesi,Fizik,Kayseri,SAY,446.11,459.12,50,50,659
Erciyes Üniversitesi,Kimya,Kayseri,SAY,440.56,452.27,40,40,758
Erciyes Üniversitesi,Matematik,Kayseri,SAY,449.25,458.47,70,70,571
Erciyes Üniversitesi,İstatistik,Kayseri,SAY,448.23,463.11,50,50,573
Erciyes Üniversitesi,Biyoloji,Kayseri,SAY,437.42,452.09,40,40,764
Erciyes Üniversitesi,Moleküler Biyoloji ve Genetik,Kayseri,SAY,464.38,478.08,40,40,379
Erciyes Üniversitesi,Tıp,Kayseri,SAY,516.32,529.09,70,70,115
Erciyes Üniversitesi,Diş Hekimliği,Kayseri,SAY,501.52,513.41,40,40,149
Erciyes Üniversitesi,Eczacılık,Kayseri,SAY,493.17,507.7,40,40,170
Erciyes Üniversitesi,Veteriner,Kayseri,SAY,470.42,481.8,30,30,267
Erciyes Üniversitesi,Hemşirelik,Kayseri,SAY,446.96,458.3,70,70,582
Erciyes Üniversitesi,Ebelik,Kayseri,SAY,432.03,442.8,30,30,1238
Erciyes Üniversitesi,Fizyoterapi ve Rehabilitasyon,Kayseri,SAY,452.83,462.37,30,30,452
Erciyes Üniversitesi,Beslenme ve Diyetetik,Kayseri,SAY,446.72,461.99,40,40,563
Erciyes Üniversitesi,Mimarlık,Kayseri,SAY,475.15,488.41,50,50,224
Erciyes Üniversitesi,Şehir ve Bölge Planlama,Kayseri,SAY,455.37,471.05,40,40,479
Erciyes Üniversitesi,Peyzaj Mimarlığı,Kayseri,SAY,440.31,454.68,40,40,842
Erciyes Üniversitesi,Orman Mühendisliği,Kayseri,SAY,430.13,440.39,40,40,1403
Erciyes Üniversitesi,Ziraat Mühendisliği,Kayseri,SAY,423.37,432.97,50,50,2128
Erciyes Üniversitesi,Tarım Ekonomisi,Kayseri,SAY,417.5,433.45,30,30,3267
Erciyes Üniversitesi,İşletme,Kayseri,EA,467.53,475.68,70,70,339
Erciyes Üniversitesi,İktisat,Kayseri,EA,463.45,478.07,60,60,381
Erciyes Üniversitesi,Maliye,Kayseri,EA,453.38,464.82,50,50,482
Erciyes Üniversitesi,Kamu Yönetimi,Kayseri,EA,449.59,459.65,50,50,506
Erciyes Üniversitesi,Uluslararası İlişkiler,Kayseri,EA,470.38,485.4,50,50,263
Erciyes Üniversitesi,Hukuk,Kayseri,EA,485.64,497.76,80,80,209
Erciyes Üniversitesi,Siyaset Bilimi ve Kamu Yönetimi,Kayseri,EA,466.16,477.66,60,60,312
Erciyes Üniversitesi,Çalışma Ekonomisi ve Endüstri İlişkileri,Kayseri,EA,444.17,453.02,40,40,677
Erciyes Üniversitesi,Uluslararası Ticaret ve Lojistik,Kayseri,EA,456.78,471.37,50,50,359
Erciyes Üniversitesi,Bankacılık ve Finans,Kayseri,EA,458.68,473.65,50,50,441
Erciyes Üniversitesi,Muhasebe ve Finansal Yönetim,Kayseri,EA,443.35,454.88,60,60,679
Erciyes Üniversitesi,Turizm İşletmeciliği,Kayseri,EA,429.85,443.03,50,50,1262
Erciyes Üniversitesi,Gastronomi ve Mutfak Sanatları,Kayseri,EA,427.69,439.2,40,40,1481
Erciyes Üniversitesi,Sosyoloji,Kayseri,EA,437.37,451.84,60,60,843
Erciyes Üniversitesi,Psikoloji,Kayseri,EA,470.61,481.59,50,50,302
Erciyes Üniversitesi,Tarih,Kayseri,EA,433.24,442.45,50,50,1177
Erciyes Üniversitesi,Coğrafya,Kayseri,EA,418.27,432.68,30,30,3129
Erciyes Üniversitesi,Felsefe,Kayseri,EA,436.75,451.57,30,30,993
Erciyes Üniversitesi,Arkeoloji,Kayseri,EA,426.58,435.74,40,40,1395
Erciyes Üniversitesi,Sanat Tarihi,Kayseri,EA,428.26,436.94,40,40,1383
Erciyes Üniversitesi,Sosyal Hizmet,Kayseri,EA,436.89,445.38,60,60,977
Erciyes Üniversitesi,Türk Dili ve Edebiyatı,Kayseri,SÖZ,439.75,454.97,60,60,687
Erciyes Üniversitesi,Türk Dili ve Edebiyatı Öğretmenliği,Kayseri,SÖZ,445.88,459.16,30,30,615
Erciyes Üniversitesi,İngilizce Öğretmenliği,Kayseri,SÖZ,450.66,464.11,30,30,520
Erciyes Üniversitesi,Almanca Öğretmenliği,Kayseri,SÖZ,433.71,448.98,20,20,909
Erciyes Üniversitesi,Fransızca Öğretmenliği,Kayseri,SÖZ,429.57,444.93,20,20,1431
Erciyes Üniversitesi,Rehberlik ve Psikolojik Danışmanlık,Kayseri,SÖZ,454.23,466.59,40,40,492
Erciyes Üniversitesi,Okul Öncesi Öğretmenliği,Kayseri,SÖZ,440.08,455.18,50,50,846
Erciyes Üniversitesi,Sınıf Öğretmenliği,Kayseri,SÖZ,442.78,453.19,50,50,597
Erciyes Üniversitesi,İlahiyat,Kayseri,SÖZ,426.95,440.87,90,90,1416
Erciyes Üniversitesi,Arap Dili ve Edebiyatı,Kayseri,SÖZ,416.7,425.44,40,40,3835
Erciyes Üniversitesi,İngiliz Dili ve Edebiyatı,Kayseri,SÖZ,448.04,457.32,40,40,483
Erciyes Üniversitesi,Fransız Dili ve Edebiyatı,Kayseri,SÖZ,428.06,437.99,30,30,1606
Erciyes Üniversitesi,Alman Dili ve Edebiyatı,Kayseri,SÖZ,428.52,437.4,20,20,1250
Erciyes Üniversitesi,Japon Dili ve Edebiyatı,Kayseri,SÖZ,435.86,446.7,30,30,824
Erciyes Üniversitesi,Çin Dili ve Edebiyatı,Kayseri,SÖZ,430.0,440.38,20,20,1409
Erciyes Üniversitesi,Gazetecilik,Kayseri,SÖZ,444.65,459.09,60,60,737
Erciyes Üniversitesi,Radyo Televizyon ve Sinema,Kayseri,SÖZ,441.27,454.29,60,60,748
Erciyes Üniversitesi,Halkla İlişkiler ve Tanıtım,Kayseri,SÖZ,434.2,444.48,60,60,1127
Erciyes Üniversitesi,İletişim Tasarımı,Kayseri,SÖZ,438.03,451.74,30,30,863
Çukurova Üniversitesi,Bilgisayar Mühendisliği,Adana,SAY,492.47,505.13,70,70,189
Çukurova Üniversitesi,Elektrik-Elektronik Mühendisliği,Adana,SAY,484.51,498.2,60,60,224
Çukurova Üniversitesi,Makine Mühendisliği,Adana,SAY,478.65,493.76,70,70,230
Çukurova Üniversitesi,İnşaat Mühendisliği,Adana,SAY,473.92,486.13,80,80,265
Çukurova Üniversitesi,Endüstri Mühendisliği,Adana,SAY,478.77,488.88,50,50,230
Çukurova Üniversitesi,Kimya Mühendisliği,Adana,SAY,469.64,485.09,70,70,288
Çukurova Üniversitesi,Mekatronik Mühendisliği,Adana,SAY,467.24,476.39,60,60,272
Çukurova Üniversitesi,Yazılım Mühendisliği,Adana,SAY,465.9,479.54,50,50,353
Çukurova Üniversitesi,Biyomedikal Mühendisliği,Adana,SAY,458.88,470.67,40,40,419
Çukurova Üniversitesi,Çevre Mühendisliği,Adana,SAY,450.42,466.03,50,50,531
Çukurova Üniversitesi,Gıda Mühendisliği,Adana,SAY,441.41,453.98,50,50,634
Çukurova Üniversitesi,Jeoloji Mühendisliği,Adana,SAY,433.51,449.44,30,30,1014
Çukurova Üniversitesi,Maden Mühendisliği,Adana,SAY,429.45,438.59,30,30,1396
Çukurova Üniversitesi,Metalurji ve Malzeme Mühendisliği,Adana,SAY,432.89,448.0,40,40,1019
Çukurova Üniversitesi,Tekstil Mühendisliği,Adana,SAY,422.93,431.91,40,40,2038
Çukurova Üniversitesi,Fizik,Adana,SAY,441.31,453.89,60,60,754
Çukurova Üniversitesi,Kimya,Adana,SAY,438.79,450.59,60,60,882
Çukurova Üniversitesi,Matematik,Adana,SAY,448.07,460.11,50,50,556
Çukurova Üniversitesi,İstatistik,Adana,SAY,443.37,458.3,60,60,641
Çukurova Üniversitesi,Biyoloji,Adana,SAY,433.39,444.67,50,50,998
Çukurova Üniversitesi,Moleküler Biyoloji ve Genetik,Adana,SAY,458.97,474.63,40,40,434
Çukurova Üniversitesi,Tıp,Adana,SAY,510.36,525.29,80,80,133
Çukurova Üniversitesi,Eczacılık,Adana,SAY,488.7,502.36,30,30,190
Çukurova Üniversitesi,Veteriner,Adana,SAY,465.66,475.2,40,40,332
Çukurova Üniversitesi,Hemşirelik,Adana,SAY,437.24,449.8,70,70,807
Çukurova Üniversitesi,Ebelik,Adana,SAY,427.26,436.22,30,30,1767
Çukurova Üniversitesi,Fizyoterapi ve Rehabilitasyon,Adana,SAY,446.43,460.72,40,40,553
Çukurova Üniversitesi,Beslenme ve Diyetetik,Adana,SAY,446.01,457.56,40,40,665
Çukurova Üniversitesi,Mimarlık,Adana,SAY,467.53,475.89,40,40,338
Çukurova Üniversitesi,Şehir ve Bölge Planlama,Adana,SAY,448.94,460.26,30,30,603
Çukurova Üniversitesi,Peyzaj Mimarlığı,Adana,SAY,432.82,441.74,30,30,984
Çukurova Üniversitesi,Orman Mühendisliği,Adana,SAY,422.74,432.78,30,30,1900
Çukurova Üniversitesi,Ziraat Mühendisliği,Adana,SAY,420.56,429.91,50,50,2687
Çukurova Üniversitesi,Tarım Ekonomisi,Adana,SAY,410.76,419.23,30,30,8058
Çukurova Üniversitesi,İşletme,Adana,EA,464.78,475.37,90,90,316
Çukurova Üniversitesi,İktisat,Adana,EA,458.33,467.95,80,80,427
Çukurova Üniversitesi,Maliye,Adana,EA,451.16,465.18,50,50,485
Çukurova Üniversitesi,Kamu Yönetimi,Adana,EA,443.86,455.58,50,50,645
Çukurova Üniversitesi,Uluslararası İlişkiler,Adana,EA,467.56,477.43,50,50,340
Çukurova Üniversitesi,Hukuk,Adana,EA,482.18,495.58,80,80,197
Çukurova Üniversitesi,Siyaset Bilimi ve Kamu Yönetimi,Adana,EA,460.43,470.87,50,50,362
Çukurova Üniversitesi,Çalışma Ekonomisi ve Endüstri İlişkileri,Adana,EA,442.61,452.24,30,30,797
Çukurova Üniversitesi,Uluslararası Ticaret ve Lojistik,Adana,EA,452.23,466.49,50,50,490
Çukurova Üniversitesi,Bankacılık ve Finans,Adana,EA,455.55,467.16,50,50,369
Çukurova Üniversitesi,Muhasebe ve Finansal Yönetim,Adana,EA,441.9,452.21,40,40,823
Çukurova Üniversitesi,Turizm İşletmeciliği,Adana,EA,430.3,442.16,60,60,1329
Çukurova Üniversitesi,Gastronomi ve Mutfak Sanatları,Adana,EA,420.4,431.21,40,40,2739
Çukurova Üniversitesi,Sosyoloji,Adana,EA,434.34,442.7,60,60,1106
Çukurova Üniversitesi,Psikoloji,Adana,EA,466.92,478.08,50,50,274
Çukurova Üniversitesi,Tarih,Adana,EA,428.04,438.28,60,60,1455
Çukurova Üniversitesi,Coğrafya,Adana,EA,418.22,428.77,30,30,3405
Çukurova Üniversitesi,Felsefe,Adana,EA,430.97,444.99,30,30,1224
Çukurova Üniversitesi,Arkeoloji,Adana,EA,427.78,438.51,40,40,1492
Çukurova Üniversitesi,Sanat Tarihi,Adana,EA,418.22,431.75,30,30,3370
Çukurova Üniversitesi,Sosyal Hizmet,Adana,EA,434.14,449.35,50,50,1095
Çukurova Üniversitesi,Türk Dili ve Edebiyatı,Adana,SÖZ,436.65,450.28,60,60,989
Çukurova Üniversitesi,Türk Dili ve Edebiyatı Öğretmenliği,Adana,SÖZ,441.64,454.83,30,30,636
Çukurova Üniversitesi,İngilizce Öğretmenliği,Adana,SÖZ,448.49,461.86,30,30,582
Çukurova Üniversitesi,Almanca Öğretmenliği,Adana,SÖZ,429.58,444.2,20,20,1292
Çukurova Üniversitesi,Fransızca Öğretmenliği,Adana,SÖZ,426.49,440.07,20,20,1403
Çukurova Üniversitesi,Rehberlik ve Psikolojik Danışmanlık,Adana,SÖZ,453.82,465.38,30,30,420
Çukurova Üniversitesi,Okul Öncesi Öğretmenliği,Adana,SÖZ,432.97,448.34,50,50,1062
Çukurova Üniversitesi,Sınıf Öğretmenliği,Adana,SÖZ,440.6,451.03,50,50,812
Çukurova Üniversitesi,İlahiyat,Adana,SÖZ,421.08,431.98,90,90,2320
Çukurova Üniversitesi,Arap Dili ve Edebiyatı,Adana,SÖZ,414.84,424.51,40,40,4246
Çukurova Üniversitesi,İngiliz Dili ve Edebiyatı,Adana,SÖZ,441.18,456.14,30,30,759
Çukurova Üniversitesi,Fransız Dili ve Edebiyatı,Adana,SÖZ,423.31,436.59,30,30,2112
Çukurova Üniversitesi,Alman Dili ve Edebiyatı,Adana,SÖZ,421.51,430.03,20,20,2127
Çukurova Üniversitesi,Japon Dili ve Edebiyatı,Adana,SÖZ,429.08,441.64,30,30,1278
Çukurova Üniversitesi,Çin Dili ve Edebiyatı,Adana,SÖZ,429.39,438.92,30,30,1437
Çukurova Üniversitesi,Gazetecilik,Adana,SÖZ,438.26,450.52,60,60,786
Çukurova Üniversitesi,Radyo Televizyon ve Sinema,Adana,SÖZ,434.0,449.5,70,70,1094
Çukurova Üniversitesi,Halkla İlişkiler ve Tanıtım,Adana,SÖZ,427.83,443.34,70,70,1475
Çukurova Üniversitesi,İletişim Tasarımı,Adana,SÖZ,431.04,444.48,30,30,1224
Akdeniz Üniversitesi,Bilgisayar Mühendisliği,Antalya,SAY,489.8,504.87,70,70,166
Akdeniz Üniversitesi,Elektrik-Elektronik Mühendisliği,Antalya,SAY,481.26,492.85,70,70,185
Akdeniz Üniversitesi,Makine Mühendisliği,Antalya,SAY,473.65,486.22,80,80,223
Akdeniz Üniversitesi,İnşaat Mühendisliği,Antalya,SAY,472.52,483.91,70,70,233
Akdeniz Üniversitesi,Endüstri Mühendisliği,Antalya,SAY,472.29,482.78,50,50,280
Akdeniz Üniversitesi,Kimya Mühendisliği,Antalya,SAY,464.88,479.34,60,60,337
Akdeniz Üniversitesi,Mekatronik Mühendisliği,Antalya,SAY,459.36,469.36,50,50,339
Akdeniz Üniversitesi,Yazılım Mühendisliği,Antalya,SAY,462.18,470.62,60,60,336
Akdeniz Üniversitesi,Biyomedikal Mühendisliği,Antalya,SAY,458.36,472.57,40,40,411
Akdeniz Üniversitesi,Çevre Mühendisliği,Antalya,SAY,447.15,459.78,40,40,510
Akdeniz Üniversitesi,Gıda Mühendisliği,Antalya,SAY,436.16,446.67,40,40,1038
Akdeniz Üniversitesi,Jeoloji Mühendisliği,Antalya,SAY,427.43,442.78,30,30,1519
Akdeniz Üniversitesi,Maden Mühendisliği,Antalya,SAY,423.91,432.44,40,40,2085
Akdeniz Üniversitesi,Metalurji ve Malzeme Mühendisliği,Antalya,SAY,424.71,435.76,40,40,1639
Akdeniz Üniversitesi,Tekstil Mühendisliği,Antalya,SAY,416.9,429.7,30,30,3874
Akdeniz Üniversitesi,Fizik,Antalya,SAY,436.4,450.76,60,60,1034
Akdeniz Üniversitesi,Kimya,Antalya,SAY,431.49,446.99,50,50,1308
Akdeniz Üniversitesi,Matematik,Antalya,SAY,440.72,450.26,60,60,668
Akdeniz Üniversitesi,İstatistik,Antalya,SAY,436.37,450.69,60,60,844
Akdeniz Üniversitesi,Biyoloji,Antalya,SAY,428.62,438.67,60,60,1398
Akdeniz Üniversitesi,Moleküler Biyoloji ve Genetik,Antalya,SAY,453.51,463.46,30,30,505
Akdeniz Üniversitesi,Tıp,Antalya,SAY,502.93,514.42,80,80,162
Akdeniz Üniversitesi,Veteriner,Antalya,SAY,459.22,474.3,30,30,417
Akdeniz Üniversitesi,Hemşirelik,Antalya,SAY,434.09,444.83,60,60,1003
Akdeniz Üniversitesi,Ebelik,Antalya,SAY,420.88,434.31,40,40,2191
Akdeniz Üniversitesi,Fizyoterapi ve Rehabilitasyon,Antalya,SAY,446.55,461.42,30,30,582
Akdeniz Üniversitesi,Beslenme ve Diyetetik,Antalya,SAY,437.16,452.43,30,30,971
Akdeniz Üniversitesi,Mimarlık,Antalya,SAY,464.15,477.71,60,60,383
Akdeniz Üniversitesi,Şehir ve Bölge Planlama,Antalya,SAY,443.53,456.16,40,40,766
Akdeniz Üniversitesi,Peyzaj Mimarlığı,Antalya,SAY,429.17,438.47,40,40,1365
Akdeniz Üniversitesi,Orman Mühendisliği,Antalya,SAY,417.61,427.37,30,30,2921
Akdeniz Üniversitesi,Ziraat Mühendisliği,Antalya,SAY,415.02,428.01,60,60,4214
Akdeniz Üniversitesi,Tarım Ekonomisi,Antalya,SAY,411.92,422.57,30,30,7430
Akdeniz Üniversitesi,İşletme,Antalya,EA,458.46,474.38,60,60,379
Akdeniz Üniversitesi,İktisat,Antalya,EA,452.88,461.8,70,70,444
Akdeniz Üniversitesi,Maliye,Antalya,EA,446.91,461.03,40,40,507
Akdeniz Üniversitesi,Kamu Yönetimi,Antalya,EA,439.94,449.33,60,60,876
Akdeniz Üniversitesi,Uluslararası İlişkiler,Antalya,EA,462.18,474.62,40,40,319
Akdeniz Üniversitesi,Hukuk,Antalya,EA,476.36,491.65,80,80,208
Akdeniz Üniversitesi,Siyaset Bilimi ve Kamu Yönetimi,Antalya,EA,453.11,467.41,70,70,415
Akdeniz Üniversitesi,Çalışma Ekonomisi ve Endüstri İlişkileri,Antalya,EA,435.93,445.85,40,40,1039
Akdeniz Üniversitesi,Uluslararası Ticaret ve Lojistik,Antalya,EA,447.19,463.01,60,60,668
Akdeniz Üniversitesi,Bankacılık ve Finans,Antalya,EA,450.53,459.05,70,70,459
Akdeniz Üniversitesi,Muhasebe ve Finansal Yönetim,Antalya,EA,437.01,446.54,50,50,868
Akdeniz Üniversitesi,Turizm İşletmeciliği,Antalya,EA,423.75,439.57,40,40,1850
Akdeniz Üniversitesi,Gastronomi ve Mutfak Sanatları,Antalya,EA,417.34,426.85,40,40,3567
Akdeniz Üniversitesi,Sosyoloji,Antalya,EA,428.63,437.06,60,60,1557
Akdeniz Üniversitesi,Psikoloji,Antalya,EA,465.25,481.0,50,50,362
Akdeniz Üniversitesi,Tarih,Antalya,EA,420.64,432.41,40,40,2706
Akdeniz Üniversitesi,Coğrafya,Antalya,EA,411.11,425.12,40,40,8210
Akdeniz Üniversitesi,Felsefe,Antalya,EA,427.79,439.5,30,30,1429
Akdeniz Üniversitesi,Arkeoloji,Antalya,EA,421.53,435.26,30,30,2387
Akdeniz Üniversitesi,Sanat Tarihi,Antalya,EA,416.05,431.42,30,30,4159
Akdeniz Üniversitesi,Sosyal Hizmet,Antalya,EA,427.98,437.6,50,50,1654
Akdeniz Üniversitesi,Türk Dili ve Edebiyatı,Antalya,SÖZ,428.5,443.61,70,70,1473
Akdeniz Üniversitesi,Türk Dili ve Edebiyatı Öğretmenliği,Antalya,SÖZ,434.48,446.88,30,30,911
Akdeniz Üniversitesi,İngilizce Öğretmenliği,Antalya,SÖZ,441.42,452.23,30,30,754
Akdeniz Üniversitesi,Almanca Öğretmenliği,Antalya,SÖZ,423.88,435.29,20,20,1964
Akdeniz Üniversitesi,Fransızca Öğretmenliği,Antalya,SÖZ,422.19,432.73,20,20,2184
Akdeniz Üniversitesi,Rehberlik ve Psikolojik Danışmanlık,Antalya,SÖZ,444.8,457.96,30,30,611
Akdeniz Üniversitesi,Okul Öncesi Öğretmenliği,Antalya,SÖZ,431.72,443.82,60,60,1241
Akdeniz Üniversitesi,Sınıf Öğretmenliği,Antalya,SÖZ,437.8,446.59,40,40,756
Akdeniz Üniversitesi,İlahiyat,Antalya,SÖZ,414.84,424.41,70,70,4432
Akdeniz Üniversitesi,Arap Dili ve Edebiyatı,Antalya,SÖZ,411.09,424.56,40,40,7358
Akdeniz Üniversitesi,İngiliz Dili ve Edebiyatı,Antalya,SÖZ,440.09,456.08,40,40,840
Akdeniz Üniversitesi,Fransız Dili ve Edebiyatı,Antalya,SÖZ,420.97,429.04,30,30,2356
Akdeniz Üniversitesi,Alman Dili ve Edebiyatı,Antalya,SÖZ,418.34,429.57,30,30,3100
Akdeniz Üniversitesi,Japon Dili ve Edebiyatı,Antalya,SÖZ,426.87,438.65,30,30,1610
Akdeniz Üniversitesi,Çin Dili ve Edebiyatı,Antalya,SÖZ,421.05,432.23,30,30,2286
Akdeniz Üniversitesi,Gazetecilik,Antalya,SÖZ,432.3,444.43,60,60,1250
Akdeniz Üniversitesi,Radyo Televizyon ve Sinema,Antalya,SÖZ,431.0,442.69,50,50,1348
Akdeniz Üniversitesi,Halkla İlişkiler ve Tanıtım,Antalya,SÖZ,424.07,438.23,50,50,2072
Akdeniz Üniversitesi,İletişim Tasarımı,Antalya,SÖZ,427.5,439.97,40,40,1481
Selçuk Üniversitesi,Bilgisayar Mühendisliği,Konya,SAY,486.02,501.57,80,80,168
Selçuk Üniversitesi,Elektrik-Elektronik Mühendisliği,Konya,SAY,483.75,494.47,80,80,201
Selçuk Üniversitesi,Makine Mühendisliği,Konya,SAY,475.58,489.81,70,70,251
Selçuk Üniversitesi,İnşaat Mühendisliği,Konya,SAY,466.79,481.07,60,60,350
Selçuk Üniversitesi,Endüstri Mühendisliği,Konya,SAY,477.02,487.66,60,60,250
Selçuk Üniversitesi,Kimya Mühendisliği,Konya,SAY,465.65,480.59,50,50,367
Selçuk Üniversitesi,Mekatronik Mühendisliği,Konya,SAY,459.69,471.97,50,50,345
Selçuk Üniversitesi,Yazılım Mühendisliği,Konya,SAY,463.56,475.17,50,50,380
Selçuk Üniversitesi,Biyomedikal Mühendisliği,Konya,SAY,453.33,465.75,40,40,401
Selçuk Üniversitesi,Çevre Mühendisliği,Konya,SAY,446.33,455.82,70,70,524
Selçuk Üniversitesi,Gıda Mühendisliği,Konya,SAY,437.66,447.52,40,40,915
Selçuk Üniversitesi,Jeoloji Mühendisliği,Konya,SAY,427.0,439.15,40,40,1434
Selçuk Üniversitesi,Maden Mühendisliği,Konya,SAY,422.62,431.88,40,40,1932
Selçuk Üniversitesi,Metalurji ve Malzeme Mühendisliği,Konya,SAY,425.81,434.36,40,40,1960
Selçuk Üniversitesi,Tekstil Mühendisliği,Konya,SAY,416.28,425.93,40,40,3874
Selçuk Üniversitesi,Fizik,Konya,SAY,436.95,449.78,60,60,1023
Selçuk Üniversitesi,Kimya,Konya,SAY,432.46,445.94,40,40,1065
Selçuk Üniversitesi,Matematik,Konya,SAY,439.61,448.12,60,60,773
Selçuk Üniversitesi,İstatistik,Konya,SAY,439.12,454.4,50,50,908
Selçuk Üniversitesi,Biyoloji,Konya,SAY,428.26,442.16,60,60,1371
Selçuk Üniversitesi,Moleküler Biyoloji ve Genetik,Konya,SAY,453.58,467.18,30,30,492
Selçuk Üniversitesi,Tıp,Konya,SAY,504.74,519.22,70,70,124
Selçuk Üniversitesi,Diş Hekimliği,Konya,SAY,493.44,507.31,40,40,167
Selçuk Üniversitesi,Veteriner,Konya,SAY,458.45,471.0,40,40,383
Selçuk Üniversitesi,Hemşirelik,Konya,SAY,433.68,448.64,80,80,995
Selçuk Üniversitesi,Ebelik,Konya,SAY,419.11,434.44,40,40,3140
Selçuk Üniversitesi,Fizyoterapi ve Rehabilitasyon,Konya,SAY,442.84,454.79,40,40,795
Selçuk Üniversitesi,Beslenme ve Diyetetik,Konya,SAY,441.93,450.54,40,40,634
Selçuk Üniversitesi,Mimarlık,Konya,SAY,462.1,473.71,60,60,328
Selçuk Üniversitesi,Şehir ve Bölge Planlama,Konya,SAY,444.31,452.9,40,40,690
Selçuk Üniversitesi,Peyzaj Mimarlığı,Konya,SAY,428.95,442.92,30,30,1552
Selçuk Üniversitesi,Orman Mühendisliği,Konya,SAY,417.42,426.34,30,30,3939
Selçuk Üniversitesi,Ziraat Mühendisliği,Konya,SAY,418.13,430.01,60,60,2835
Selçuk Üniversitesi,Tarım Ekonomisi,Konya,SAY,407.65,423.25,40,40,13738
Selçuk Üniversitesi,İşletme,Konya,EA,462.4,471.76,60,60,301
Selçuk Üniversitesi,İktisat,Konya,EA,454.46,466.74,60,60,434
Selçuk Üniversitesi,Maliye,Konya,EA,447.98,461.4,50,50,506
Selçuk Üniversitesi,Kamu Yönetimi,Konya,EA,440.05,448.33,50,50,823
Selçuk Üniversitesi,Uluslararası İlişkiler,Konya,EA,464.32,479.01,60,60,364
Selçuk Üniversitesi,Hukuk,Konya,EA,475.6,490.78,70,70,240
Selçuk Üniversitesi,Siyaset Bilimi ve Kamu Yönetimi,Konya,EA,451.15,459.19,60,60,544
Selçuk Üniversitesi,Çalışma Ekonomisi ve Endüstri İlişkileri,Konya,EA,439.67,450.67,30,30,733
Selçuk Üniversitesi,Uluslararası Ticaret ve Lojistik,Konya,EA,444.07,459.98,50,50,625
Selçuk Üniversitesi,Bankacılık ve Finans,Konya,EA,449.27,459.03,60,60,599
Selçuk Üniversitesi,Muhasebe ve Finansal Yönetim,Konya,EA,437.22,446.56,50,50,802
Selçuk Üniversitesi,Turizm İşletmeciliği,Konya,EA,420.8,431.42,50,50,2591
Selçuk Üniversitesi,Gastronomi ve Mutfak Sanatları,Konya,EA,414.88,427.21,30,30,5262
Selçuk Üniversitesi,Sosyoloji,Konya,EA,427.94,438.79,50,50,1349
Selçuk Üniversitesi,Psikoloji,Konya,EA,462.04,473.15,40,40,350
Selçuk Üniversitesi,Tarih,Konya,EA,425.04,438.24,40,40,1750
Selçuk Üniversitesi,Coğrafya,Konya,EA,409.37,419.78,40,40,11008
Selçuk Üniversitesi,Felsefe,Konya,EA,425.41,437.7,40,40,2035
Selçuk Üniversitesi,Arkeoloji,Konya,EA,418.39,434.06,40,40,3271
Selçuk Üniversitesi,Sanat Tarihi,Konya,EA,417.82,431.24,40,40,3837
Selçuk Üniversitesi,Sosyal Hizmet,Konya,EA,428.65,441.73,50,50,1593
Selçuk Üniversitesi,Türk Dili ve Edebiyatı,Konya,SÖZ,431.77,443.63,60,60,1128
Selçuk Üniversitesi,Türk Dili ve Edebiyatı Öğretmenliği,Konya,SÖZ,435.75,446.81,30,30,999
Selçuk Üniversitesi,İngilizce Öğretmenliği,Konya,SÖZ,442.27,458.18,40,40,653
Selçuk Üniversitesi,Almanca Öğretmenliği,Konya,SÖZ,425.53,436.0,30,30,1884
Selçuk Üniversitesi,Fransızca Öğretmenliği,Konya,SÖZ,421.08,429.56,20,20,2390
Selçuk Üniversitesi,Rehberlik ve Psikolojik Danışmanlık,Konya,SÖZ,444.31,453.95,40,40,561
Selçuk Üniversitesi,Okul Öncesi Öğretmenliği,Konya,SÖZ,430.25,445.82,50,50,1389
Selçuk Üniversitesi,Sınıf Öğretmenliği,Konya,SÖZ,433.91,447.06,60,60,1137
Selçuk Üniversitesi,İlahiyat,Konya,SÖZ,419.51,432.69,60,60,2673
Selçuk Üniversitesi,Arap Dili ve Edebiyatı,Konya,SÖZ,411.28,421.93,40,40,7063
Selçuk Üniversitesi,İngiliz Dili ve Edebiyatı,Konya,SÖZ,439.54,452.86,40,40,739
Selçuk Üniversitesi,Fransız Dili ve Edebiyatı,Konya,SÖZ,419.82,432.68,20,20,2676
Selçuk Üniversitesi,Alman Dili ve Edebiyatı,Konya,SÖZ,416.29,424.34,20,20,4388
Selçuk Üniversitesi,Japon Dili ve Edebiyatı,Konya,SÖZ,424.09,437.16,20,20,1742
Selçuk Üniversitesi,Çin Dili ve Edebiyatı,Konya,SÖZ,420.7,433.44,30,30,2820
Selçuk Üniversitesi,Gazetecilik,Konya,SÖZ,430.87,439.5,50,50,1334
Selçuk Üniversitesi,Radyo Televizyon ve Sinema,Konya,SÖZ,430.99,440.95,50,50,1120
Selçuk Üniversitesi,Halkla İlişkiler ve Tanıtım,Konya,SÖZ,424.65,436.24,50,50,1950
Selçuk Üniversitesi,İletişim Tasarımı,Konya,SÖZ,429.49,438.13,30,30,1549
Konya Teknik Üniversitesi,Bilgisayar Mühendisliği,Konya,SAY,491.51,503.04,80,80,176
Konya Teknik Üniversitesi,Elektrik-Elektronik Mühendisliği,Konya,SAY,488.48,503.04,60,60,203
Konya Teknik Üniversitesi,Makine Mühendisliği,Konya,SAY,480.57,495.4,90,90,239
Konya Teknik Üniversitesi,İnşaat Mühendisliği,Konya,SAY,475.27,484.49,70,70,268
Konya Teknik Üniversitesi,Endüstri Mühendisliği,Konya,SAY,479.18,490.81,60,60,220
Konya Teknik Üniversitesi,Kimya Mühendisliği,Konya,SAY,467.43,476.52,50,50,303
Konya Teknik Üniversitesi,Mekatronik Mühendisliği,Konya,SAY,463.44,471.54,60,60,341
Konya Teknik Üniversitesi,Yazılım Mühendisliği,Konya,SAY,468.07,483.48,70,70,340
Konya Teknik Üniversitesi,Biyomedikal Mühendisliği,Konya,SAY,459.84,471.76,40,40,395
Konya Teknik Üniversitesi,Çevre Mühendisliği,Konya,SAY,450.65,458.96,50,50,576
Konya Teknik Üniversitesi,Gıda Mühendisliği,Konya,SAY,444.07,453.62,50,50,645
Konya Teknik Üniversitesi,Jeoloji Mühendisliği,Konya,SAY,436.76,450.54,30,30,915
Konya Teknik Üniversitesi,Maden Mühendisliği,Konya,SAY,428.83,442.4,40,40,1476
Konya Teknik Üniversitesi,Metalurji ve Malzeme Mühendisliği,Konya,SAY,431.93,441.87,40,40,1011
Konya Teknik Üniversitesi,Tekstil Mühendisliği,Konya,SAY,423.79,437.2,40,40,2116
Konya Teknik Üniversitesi,Fizik,Konya,SAY,440.37,452.01,50,50,812
Konya Teknik Üniversitesi,Kimya,Konya,SAY,437.71,453.32,40,40,961
Konya Teknik Üniversitesi,Matematik,Konya,SAY,448.13,461.29,50,50,632
Konya Teknik Üniversitesi,İstatistik,Konya,SAY,444.2,459.41,50,50,658
Konya Teknik Üniversitesi,Biyoloji,Konya,SAY,431.94,446.58,50,50,1087
Konya Teknik Üniversitesi,Moleküler Biyoloji ve Genetik,Konya,SAY,461.53,474.8,30,30,348
Konya Teknik Üniversitesi,Veteriner,Konya,SAY,464.77,479.78,30,30,351
Konya Teknik Üniversitesi,Hemşirelik,Konya,SAY,440.74,454.95,60,60,722
Konya Teknik Üniversitesi,Ebelik,Konya,SAY,426.37,441.81,30,30,1609
Konya Teknik Üniversitesi,Fizyoterapi ve Rehabilitasyon,Konya,SAY,452.24,466.77,30,30,412
Konya Teknik Üniversitesi,Beslenme ve Diyetetik,Konya,SAY,444.86,457.06,40,40,666
Konya Teknik Üniversitesi,Şehir ve Bölge Planlama,Konya,SAY,447.34,458.34,30,30,614
Konya Teknik Üniversitesi,Peyzaj Mimarlığı,Konya,SAY,432.37,447.96,40,40,1130
Konya Teknik Üniversitesi,Orman Mühendisliği,Konya,SAY,422.99,431.46,40,40,1922
Konya Teknik Üniversitesi,Ziraat Mühendisliği,Konya,SAY,419.68,434.9,60,60,2734
Konya Teknik Üniversitesi,Tarım Ekonomisi,Konya,SAY,414.35,429.3,30,30,4465
Konya Teknik Üniversitesi,İşletme,Konya,EA,464.57,474.78,80,80,315
Konya Teknik Üniversitesi,İktisat,Konya,EA,460.47,473.85,60,60,327
Konya Teknik Üniversitesi,Maliye,Konya,EA,452.71,460.77,70,70,488
Konya Teknik Üniversitesi,Kamu Yönetimi,Konya,EA,444.08,456.26,60,60,560
Konya Teknik Üniversitesi,Uluslararası İlişkiler,Konya,EA,471.04,485.13,50,50,314
Konya Teknik Üniversitesi,Siyaset Bilimi ve Kamu Yönetimi,Konya,EA,457.74,469.18,60,60,389
Konya Teknik Üniversitesi,Çalışma Ekonomisi ve Endüstri İlişkileri,Konya,EA,444.8,459.33,40,40,723
Konya Teknik Üniversitesi,Uluslararası Ticaret ve Lojistik,Konya,EA,448.59,457.05,50,50,528
Konya Teknik Üniversitesi,Bankacılık ve Finans,Konya,EA,450.68,462.34,60,60,542
Konya Teknik Üniversitesi,Muhasebe ve Finansal Yönetim,Konya,EA,442.25,451.36,60,60,731
Konya Teknik Üniversitesi,Turizm İşletmeciliği,Konya,EA,426.38,439.97,50,50,1815
Konya Teknik Üniversitesi,Gastronomi ve Mutfak Sanatları,Konya,EA,421.83,435.1,30,30,2314
Konya Teknik Üniversitesi,Sosyoloji,Konya,EA,432.41,448.3,60,60,1302
Konya Teknik Üniversitesi,Psikoloji,Konya,EA,465.22,476.1,60,60,280
Konya Teknik Üniversitesi,Tarih,Konya,EA,426.65,438.2,50,50,1680
Konya Teknik Üniversitesi,Coğrafya,Konya,EA,416.16,424.81,40,40,3921
Konya Teknik Üniversitesi,Felsefe,Konya,EA,434.99,450.88,40,40,1103
Konya Teknik Üniversitesi,Arkeoloji,Konya,EA,426.29,436.64,30,30,1516
Konya Teknik Üniversitesi,Sanat Tarihi,Konya,EA,421.24,433.82,40,40,2712
Konya Teknik Üniversitesi,Sosyal Hizmet,Konya,EA,432.05,446.42,60,60,1098
Konya Teknik Üniversitesi,Türk Dili ve Edebiyatı,Konya,SÖZ,434.57,449.57,50,50,917
Konya Teknik Üniversitesi,Türk Dili ve Edebiyatı Öğretmenliği,Konya,SÖZ,437.61,450.91,30,30,807
Konya Teknik Üniversitesi,İngilizce Öğretmenliği,Konya,SÖZ,448.02,461.3,30,30,494
Konya Teknik Üniversitesi,Almanca Öğretmenliği,Konya,SÖZ,428.99,438.27,30,30,1579
Konya Teknik Üniversitesi,Fransızca Öğretmenliği,Konya,SÖZ,426.48,436.24,20,20,1527
Konya Teknik Üniversitesi,Rehberlik ve Psikolojik Danışmanlık,Konya,SÖZ,453.59,462.57,40,40,412
Konya Teknik Üniversitesi,Okul Öncesi Öğretmenliği,Konya,SÖZ,435.63,444.35,60,60,1020
Konya Teknik Üniversitesi,Sınıf Öğretmenliği,Konya,SÖZ,442.51,456.64,60,60,723
Konya Teknik Üniversitesi,İlahiyat,Konya,SÖZ,420.38,434.12,70,70,2825
Konya Teknik Üniversitesi,Arap Dili ve Edebiyatı,Konya,SÖZ,414.45,426.95,40,40,5425
Konya Teknik Üniversitesi,İngiliz Dili ve Edebiyatı,Konya,SÖZ,440.14,449.07,30,30,682
Konya Teknik Üniversitesi,Fransız Dili ve Edebiyatı,Konya,SÖZ,424.44,439.94,20,20,2042
Konya Teknik Üniversitesi,Alman Dili ve Edebiyatı,Konya,SÖZ,420.33,435.16,30,30,3012
Konya Teknik Üniversitesi,Japon Dili ve Edebiyatı,Konya,SÖZ,427.53,436.03,30,30,1552
Konya Teknik Üniversitesi,Çin Dili ve Edebiyatı,Konya,SÖZ,430.58,441.14,30,30,1219
Konya Teknik Üniversitesi,Gazetecilik,Konya,SÖZ,438.88,451.04,50,50,850
Konya Teknik Üniversitesi,Radyo Televizyon ve Sinema,Konya,SÖZ,433.65,445.96,50,50,1057
Konya Teknik Üniversitesi,Halkla İlişkiler ve Tanıtım,Konya,SÖZ,433.18,447.88,50,50,1096
Konya Teknik Üniversitesi,İletişim Tasarımı,Konya,SÖZ,433.01,442.18,40,40,1162
Eskişehir Osmangazi Üniversitesi,Bilgisayar Mühendisliği,Eskişehir,SAY,499.97,512.76,90,90,141
Eskişehir Osmangazi Üniversitesi,Elektrik-Elektronik Mühendisliği,Eskişehir,SAY,489.84,505.81,70,70,193
Eskişehir Osmangazi Üniversitesi,Makine Mühendisliği,Eskişehir,SAY,488.37,500.33,70,70,199
Eskişehir Osmangazi Üniversitesi,İnşaat Mühendisliği,Eskişehir,SAY,482.64,493.31,70,70,232
Eskişehir Osmangazi Üniversitesi,Endüstri Mühendisliği,Eskişehir,SAY,485.9,500.38,40,40,209
Eskişehir Osmangazi Üniversitesi,Kimya Mühendisliği,Eskişehir,SAY,477.19,486.62,50,50,239
Eskişehir Osmangazi Üniversitesi,Mekatronik Mühendisliği,Eskişehir,SAY,473.16,486.43,70,70,291
Eskişehir Osmangazi Üniversitesi,Yazılım Mühendisliği,Eskişehir,SAY,473.39,484.09,70,70,277
Eskişehir Osmangazi Üniversitesi,Biyomedikal Mühendisliği,Eskişehir,SAY,467.05,478.18,30,30,311
Eskişehir Osmangazi Üniversitesi,Çevre Mühendisliği,Eskişehir,SAY,457.18,466.74,50,50,456
Eskişehir Osmangazi Üniversitesi,Gıda Mühendisliği,Eskişehir,SAY,446.19,460.21,60,60,619
Eskişehir Osmangazi Üniversitesi,Jeoloji Mühendisliği,Eskişehir,SAY,441.0,454.68,30,30,740
Eskişehir Osmangazi Üniversitesi,Maden Mühendisliği,Eskişehir,SAY,430.08,443.65,30,30,1226
Eskişehir Osmangazi Üniversitesi,Metalurji ve Malzeme Mühendisliği,Eskişehir,SAY,433.41,447.4,30,30,1160
Eskişehir Osmangazi Üniversitesi,Tekstil Mühendisliği,Eskişehir,SAY,428.86,441.47,40,40,1486
Eskişehir Osmangazi Üniversitesi,Fizik,Eskişehir,SAY,444.39,459.99,60,60,635
Eskişehir Osmangazi Üniversitesi,Kimya,Eskişehir,SAY,444.31,453.08,50,50,744
Eskişehir Osmangazi Üniversitesi,Matematik,Eskişehir,SAY,448.56,464.4,60,60,577
Eskişehir Osmangazi Üniversitesi,İstatistik,Eskişehir,SAY,451.22,464.24,40,40,487
Eskişehir Osmangazi Üniversitesi,Biyoloji,Eskişehir,SAY,435.45,447.36,70,70,1028
Eskişehir Osmangazi Üniversitesi,Moleküler Biyoloji ve Genetik,Eskişehir,SAY,464.52,475.52,40,40,350
Eskişehir Osmangazi Üniversitesi,Veteriner,Eskişehir,SAY,471.2,485.42,40,40,307
Eskişehir Osmangazi Üniversitesi,Hemşirelik,Eskişehir,SAY,443.25,456.48,60,60,653
Eskişehir Osmangazi Üniversitesi,Ebelik,Eskişehir,SAY,426.9,438.81,40,40,1682
Eskişehir Osmangazi Üniversitesi,Fizyoterapi ve Rehabilitasyon,Eskişehir,SAY,451.24,463.82,30,30,512
Eskişehir Osmangazi Üniversitesi,Beslenme ve Diyetetik,Eskişehir,SAY,449.87,464.22,30,30,476
Eskişehir Osmangazi Üniversitesi,Mimarlık,Eskişehir,SAY,473.97,485.44,50,50,264
Eskişehir Osmangazi Üniversitesi,Şehir ve Bölge Planlama,Eskişehir,SAY,451.48,466.75,30,30,541
Eskişehir Osmangazi Üniversitesi,Peyzaj Mimarlığı,Eskişehir,SAY,440.78,448.94,40,40,769
Eskişehir Osmangazi Üniversitesi,Orman Mühendisliği,Eskişehir,SAY,431.27,443.18,40,40,1227
Eskişehir Osmangazi Üniversitesi,Ziraat Mühendisliği,Eskişehir,SAY,426.88,441.2,60,60,1422
Eskişehir Osmangazi Üniversitesi,Tarım Ekonomisi,Eskişehir,SAY,420.79,435.97,40,40,2302
Eskişehir Osmangazi Üniversitesi,İşletme,Eskişehir,EA,468.33,480.77,60,60,325
Eskişehir Osmangazi Üniversitesi,İktisat,Eskişehir,EA,463.27,472.92,80,80,308
Eskişehir Osmangazi Üniversitesi,Maliye,Eskişehir,EA,458.11,466.39,60,60,457
Eskişehir Osmangazi Üniversitesi,Kamu Yönetimi,Eskişehir,EA,450.43,462.79,70,70,504
Eskişehir Osmangazi Üniversitesi,Uluslararası İlişkiler,Eskişehir,EA,470.1,480.5,60,60,323
Eskişehir Osmangazi Üniversitesi,Siyaset Bilimi ve Kamu Yönetimi,Eskişehir,EA,465.3,478.57,60,60,318
Eskişehir Osmangazi Üniversitesi,Çalışma Ekonomisi ve Endüstri İlişkileri,Eskişehir,EA,447.67,459.85,30,30,654
Eskişehir Osmangazi Üniversitesi,Uluslararası Ticaret ve Lojistik,Eskişehir,EA,454.33,464.01,60,60,396
Eskişehir Osmangazi Üniversitesi,Bankacılık ve Finans,Eskişehir,EA,456.32,465.82,60,60,397
Eskişehir Osmangazi Üniversitesi,Muhasebe ve Finansal Yönetim,Eskişehir,EA,447.34,460.16,50,50,529
Eskişehir Osmangazi Üniversitesi,Turizm İşletmeciliği,Eskişehir,EA,430.02,443.0,50,50,1146
Eskişehir Osmangazi Üniversitesi,Gastronomi ve Mutfak Sanatları,Eskişehir,EA,424.89,440.12,30,30,1786
Eskişehir Osmangazi Üniversitesi,Sosyoloji,Eskişehir,EA,437.43,448.83,60,60,934
Eskişehir Osmangazi Üniversitesi,Psikoloji,Eskişehir,EA,470.52,484.38,60,60,323
Eskişehir Osmangazi Üniversitesi,Tarih,Eskişehir,EA,430.41,441.39,60,60,1344
Eskişehir Osmangazi Üniversitesi,Coğrafya,Eskişehir,EA,420.53,431.89,40,40,2334
Eskişehir Osmangazi Üniversitesi,Felsefe,Eskişehir,EA,436.6,444.81,30,30,948
Eskişehir Osmangazi Üniversitesi,Arkeoloji,Eskişehir,EA,427.15,436.03,30,30,1597
Eskişehir Osmangazi Üniversitesi,Sanat Tarihi,Eskişehir,EA,426.44,437.34,30,30,1569
Eskişehir Osmangazi Üniversitesi,Sosyal Hizmet,Eskişehir,EA,441.11,450.92,50,50,636
Eskişehir Osmangazi Üniversitesi,Türk Dili ve Edebiyatı,Eskişehir,SÖZ,441.71,452.74,70,70,640
Eskişehir Osmangazi Üniversitesi,Türk Dili ve Edebiyatı Öğretmenliği,Eskişehir,SÖZ,442.65,456.48,40,40,657
Eskişehir Osmangazi Üniversitesi,İngilizce Öğretmenliği,Eskişehir,SÖZ,451.19,463.42,40,40,533
Eskişehir Osmangazi Üniversitesi,Almanca Öğretmenliği,Eskişehir,SÖZ,432.56,445.42,20,20,1270
Eskişehir Osmangazi Üniversitesi,Fransızca Öğretmenliği,Eskişehir,SÖZ,432.08,443.2,30,30,1111
Eskişehir Osmangazi Üniversitesi,Rehberlik ve Psikolojik Danışmanlık,Eskişehir,SÖZ,458.81,471.06,40,40,402
Eskişehir Osmangazi Üniversitesi,Okul Öncesi Öğretmenliği,Eskişehir,SÖZ,438.76,447.78,60,60,707
Eskişehir Osmangazi Üniversitesi,Sınıf Öğretmenliği,Eskişehir,SÖZ,442.53,451.54,60,60,676
Eskişehir Osmangazi Üniversitesi,İlahiyat,Eskişehir,SÖZ,422.92,436.72,80,80,2440
Eskişehir Osmangazi Üniversitesi,Arap Dili ve Edebiyatı,Eskişehir,SÖZ,416.49,429.36,30,30,4104
Eskişehir Osmangazi Üniversitesi,İngiliz Dili ve Edebiyatı,Eskişehir,SÖZ,449.42,463.81,30,30,535
Eskişehir Osmangazi Üniversitesi,Fransız Dili ve Edebiyatı,Eskişehir,SÖZ,427.07,442.6,30,30,1764
Eskişehir Osmangazi Üniversitesi,Alman Dili ve Edebiyatı,Eskişehir,SÖZ,424.43,439.29,20,20,2159
Eskişehir Osmangazi Üniversitesi,Japon Dili ve Edebiyatı,Eskişehir,SÖZ,433.98,442.7,30,30,918
Eskişehir Osmangazi Üniversitesi,Çin Dili ve Edebiyatı,Eskişehir,SÖZ,434.92,444.24,30,30,868
Eskişehir Osmangazi Üniversitesi,Gazetecilik,Eskişehir,SÖZ,442.07,454.01,70,70,796
Eskişehir Osmangazi Üniversitesi,Radyo Televizyon ve Sinema,Eskişehir,SÖZ,438.44,450.51,50,50,900
Eskişehir Osmangazi Üniversitesi,Halkla İlişkiler ve Tanıtım,Eskişehir,SÖZ,435.19,451.17,60,60,1101
Eskişehir Osmangazi Üniversitesi,İletişim Tasarımı,Eskişehir,SÖZ,436.43,449.36,40,40,1041
Anadolu Üniversitesi,Bilgisayar Mühendisliği,Eskişehir,SAY,494.78,508.4,70,70,177
Anadolu Üniversitesi,Elektrik-Elektronik Mühendisliği,Eskişehir,SAY,488.35,503.96,90,90,206
Anadolu Üniversitesi,Makine Mühendisliği,Eskişehir,SAY,481.45,494.32,90,90,225
Anadolu Üniversitesi,İnşaat Mühendisliği,Eskişehir,SAY,475.75,490.81,70,70,249
Anadolu Üniversitesi,Endüstri Mühendisliği,Eskişehir,SAY,476.85,491.57,70,70,242
Anadolu Üniversitesi,Kimya Mühendisliği,Eskişehir,SAY,469.54,480.57,50,50,278
Anadolu Üniversitesi,Mekatronik Mühendisliği,Eskişehir,SAY,467.78,477.78,60,60,306
Anadolu Üniversitesi,Yazılım Mühendisliği,Eskişehir,SAY,465.83,476.22,50,50,299
Anadolu Üniversitesi,Biyomedikal Mühendisliği,Eskişehir,SAY,462.03,474.58,30,30,325
Anadolu Üniversitesi,Havacılık ve Uzay Mühendisliği,Eskişehir,SAY,486.7,499.84,30,30,212
Anadolu Üniversitesi,Çevre Mühendisliği,Eskişehir,SAY,450.98,463.92,50,50,504
Anadolu Üniversitesi,Gıda Mühendisliği,Eskişehir,SAY,444.37,455.0,40,40,621
Anadolu Üniversitesi,Jeoloji Mühendisliği,Eskişehir,SAY,436.62,446.11,30,30,878
Anadolu Üniversitesi,Maden Mühendisliği,Eskişehir,SAY,427.65,436.33,30,30,1530
Anadolu Üniversitesi,Metalurji ve Malzeme Mühendisliği,Eskişehir,SAY,428.26,440.16,40,40,1313
Anadolu Üniversitesi,Tekstil Mühendisliği,Eskişehir,SAY,421.36,432.52,30,30,2278
Anadolu Üniversitesi,Fizik,Eskişehir,SAY,439.89,454.38,50,50,695
Anadolu Üniversitesi,Kimya,Eskişehir,SAY,439.14,448.43,50,50,779
Anadolu Üniversitesi,Matematik,Eskişehir,SAY,445.66,460.62,50,50,561
Anadolu Üniversitesi,İstatistik,Eskişehir,SAY,440.92,452.08,60,60,807
Anadolu Üniversitesi,Biyoloji,Eskişehir,SAY,430.36,439.95,60,60,1279
Anadolu Üniversitesi,Moleküler Biyoloji ve Genetik,Eskişehir,SAY,457.31,468.68,40,40,416
Anadolu Üniversitesi,Veteriner,Eskişehir,SAY,466.59,477.19,40,40,337
Anadolu Üniversitesi,Hemşirelik,Eskişehir,SAY,439.93,455.32,70,70,866
Anadolu Üniversitesi,Ebelik,Eskişehir,SAY,422.54,431.4,30,30,1885
Anadolu Üniversitesi,Fizyoterapi ve Rehabilitasyon,Eskişehir,SAY,449.32,463.46,40,40,494
Anadolu Üniversitesi,Beslenme ve Diyetetik,Eskişehir,SAY,442.73,458.54,30,30,745
Anadolu Üniversitesi,Şehir ve Bölge Planlama,Eskişehir,SAY,448.06,459.95,30,30,607
Anadolu Üniversitesi,Peyzaj Mimarlığı,Eskişehir,SAY,432.19,444.28,40,40,1071
Anadolu Üniversitesi,Orman Mühendisliği,Eskişehir,SAY,427.07,443.02,40,40,1463
Anadolu Üniversitesi,Ziraat Mühendisliği,Eskişehir,SAY,419.31,432.96,60,60,3178
Anadolu Üniversitesi,Tarım Ekonomisi,Eskişehir,SAY,413.61,423.06,40,40,6266
Anadolu Üniversitesi,İşletme,Eskişehir,EA,466.11,475.95,60,60,282
Anadolu Üniversitesi,İktisat,Eskişehir,EA,463.54,478.97,80,80,332
Anadolu Üniversitesi,Maliye,Eskişehir,EA,448.75,457.16,50,50,533
Anadolu Üniversitesi,Kamu Yönetimi,Eskişehir,EA,447.3,457.15,50,50,550
Anadolu Üniversitesi,Uluslararası İlişkiler,Eskişehir,EA,468.18,481.33,50,50,282
Anadolu Üniversitesi,Siyaset Bilimi ve Kamu Yönetimi,Eskişehir,EA,457.4,468.21,50,50,398
Anadolu Üniversitesi,Çalışma Ekonomisi ve Endüstri İlişkileri,Eskişehir,EA,439.09,447.42,40,40,707
Anadolu Üniversitesi,Uluslararası Ticaret ve Lojistik,Eskişehir,EA,447.59,459.37,50,50,643
Anadolu Üniversitesi,Bankacılık ve Finans,Eskişehir,EA,451.19,466.78,50,50,482
Anadolu Üniversitesi,Muhasebe ve Finansal Yönetim,Eskişehir,EA,437.5,445.61,60,60,893
Anadolu Üniversitesi,Turizm İşletmeciliği,Eskişehir,EA,426.69,440.62,60,60,1556
Anadolu Üniversitesi,Gastronomi ve Mutfak Sanatları,Eskişehir,EA,421.29,432.26,30,30,2549
Anadolu Üniversitesi,Sosyoloji,Eskişehir,EA,433.58,448.68,60,60,954
Anadolu Üniversitesi,Psikoloji,Eskişehir,EA,465.84,478.53,60,60,358
Anadolu Üniversitesi,Tarih,Eskişehir,EA,425.84,439.48,40,40,1940
Anadolu Üniversitesi,Coğrafya,Eskişehir,EA,415.76,426.5,40,40,4476
Anadolu Üniversitesi,Felsefe,Eskişehir,EA,430.61,444.38,30,30,1095
Anadolu Üniversitesi,Arkeoloji,Eskişehir,EA,425.18,435.2,40,40,2008
Anadolu Üniversitesi,Sanat Tarihi,Eskişehir,EA,423.56,439.36,30,30,2273
Anadolu Üniversitesi,Sosyal Hizmet,Eskişehir,EA,435.58,450.87,50,50,842
Anadolu Üniversitesi,Türk Dili ve Edebiyatı,Eskişehir,SÖZ,436.87,448.9,60,60,777
Anadolu Üniversitesi,Türk Dili ve Edebiyatı Öğretmenliği,Eskişehir,SÖZ,441.1,450.13,40,40,644
Anadolu Üniversitesi,İngilizce Öğretmenliği,Eskişehir,SÖZ,448.27,461.82,30,30,599
Anadolu Üniversitesi,Almanca Öğretmenliği,Eskişehir,SÖZ,428.81,443.77,20,20,1615
Anadolu Üniversitesi,Fransızca Öğretmenliği,Eskişehir,SÖZ,426.38,437.45,20,20,1798
Anadolu Üniversitesi,Rehberlik ve Psikolojik Danışmanlık,Eskişehir,SÖZ,449.83,459.3,30,30,474
Anadolu Üniversitesi,Okul Öncesi Öğretmenliği,Eskişehir,SÖZ,435.46,450.49,50,50,1058
Anadolu Üniversitesi,Sınıf Öğretmenliği,Eskişehir,SÖZ,441.17,453.37,50,50,700
Anadolu Üniversitesi,İlahiyat,Eskişehir,SÖZ,422.37,434.79,60,60,2011
Anadolu Üniversitesi,Arap Dili ve Edebiyatı,Eskişehir,SÖZ,412.03,420.34,40,40,6098
Anadolu Üniversitesi,İngiliz Dili ve Edebiyatı,Eskişehir,SÖZ,444.36,454.52,40,40,706
Anadolu Üniversitesi,Fransız Dili ve Edebiyatı,Eskişehir,SÖZ,421.49,436.08,20,20,2423
Anadolu Üniversitesi,Alman Dili ve Edebiyatı,Eskişehir,SÖZ,420.2,433.04,20,20,2576
Anadolu Üniversitesi,Japon Dili ve Edebiyatı,Eskişehir,SÖZ,431.75,444.14,20,20,1267
Anadolu Üniversitesi,Çin Dili ve Edebiyatı,Eskişehir,SÖZ,428.37,438.97,30,30,1261
Anadolu Üniversitesi,Gazetecilik,Eskişehir,SÖZ,439.04,448.79,50,50,933
Anadolu Üniversitesi,Radyo Televizyon ve Sinema,Eskişehir,SÖZ,437.11,449.41,60,60,1025
Anadolu Üniversitesi,Halkla İlişkiler ve Tanıtım,Eskişehir,SÖZ,432.2,441.05,50,50,1243
Anadolu Üniversitesi,İletişim Tasarımı,Eskişehir,SÖZ,433.32,448.28,40,40,1132
Eskişehir Teknik Üniversitesi,Bilgisayar Mühendisliği,Eskişehir,SAY,505.9,515.67,80,80,125
Eskişehir Teknik Üniversitesi,Elektrik-Elektronik Mühendisliği,Eskişehir,SAY,499.13,513.15,70,70,137
Eskişehir Teknik Üniversitesi,Makine Mühendisliği,Eskişehir,SAY,492.88,503.83,60,60,192
Eskişehir Teknik Üniversitesi,İnşaat Mühendisliği,Eskişehir,SAY,482.89,492.37,70,70,233
Eskişehir Teknik Üniversitesi,Endüstri Mühendisliği,Eskişehir,SAY,489.54,503.38,40,40,191
Eskişehir Teknik Üniversitesi,Kimya Mühendisliği,Eskişehir,SAY,477.98,487.4,60,60,227
Eskişehir Teknik Üniversitesi,Mekatronik Mühendisliği,Eskişehir,SAY,472.62,481.2,60,60,247
Eskişehir Teknik Üniversitesi,Yazılım Mühendisliği,Eskişehir,SAY,480.9,489.7,60,60,221
Eskişehir Teknik Üniversitesi,Biyomedikal Mühendisliği,Eskişehir,SAY,472.25,485.08,30,30,260
Eskişehir Teknik Üniversitesi,Çevre Mühendisliği,Eskişehir,SAY,462.76,476.87,40,40,363
Eskişehir Teknik Üniversitesi,Gıda Mühendisliği,Eskişehir,SAY,451.61,460.28,60,60,441
Eskişehir Teknik Üniversitesi,Jeoloji Mühendisliği,Eskişehir,SAY,440.6,456.33,30,30,867
Eskişehir Teknik Üniversitesi,Maden Mühendisliği,Eskişehir,SAY,438.22,448.93,30,30,903
Eskişehir Teknik Üniversitesi,Metalurji ve Malzeme Mühendisliği,Eskişehir,SAY,439.56,452.06,30,30,785
Eskişehir Teknik Üniversitesi,Tekstil Mühendisliği,Eskişehir,SAY,430.99,440.23,40,40,1075
Eskişehir Teknik Üniversitesi,Fizik,Eskişehir,SAY,451.96,460.94,50,50,536
Eskişehir Teknik Üniversitesi,Kimya,Eskişehir,SAY,445.18,457.27,50,50,692
Eskişehir Teknik Üniversitesi,Matematik,Eskişehir,SAY,458.47,466.66,50,50,386
Eskişehir Teknik Üniversitesi,İstatistik,Eskişehir,SAY,454.05,463.86,50,50,507
Eskişehir Teknik Üniversitesi,Biyoloji,Eskişehir,SAY,443.91,458.49,50,50,585
Eskişehir Teknik Üniversitesi,Moleküler Biyoloji ve Genetik,Eskişehir,SAY,466.14,474.95,30,30,360
Eskişehir Teknik Üniversitesi,Veteriner,Eskişehir,SAY,475.89,484.84,40,40,278
Eskişehir Teknik Üniversitesi,Hemşirelik,Eskişehir,SAY,451.65,464.49,80,80,447
Eskişehir Teknik Üniversitesi,Ebelik,Eskişehir,SAY,434.52,447.96,40,40,914
Eskişehir Teknik Üniversitesi,Fizyoterapi ve Rehabilitasyon,Eskişehir,SAY,457.69,472.23,30,30,386
Eskişehir Teknik Üniversitesi,Beslenme ve Diyetetik,Eskişehir,SAY,455.62,468.91,40,40,489
Eskişehir Teknik Üniversitesi,Şehir ve Bölge Planlama,Eskişehir,SAY,460.15,468.76,40,40,319
Eskişehir Teknik Üniversitesi,Peyzaj Mimarlığı,Eskişehir,SAY,441.41,454.66,30,30,696
Eskişehir Teknik Üniversitesi,Orman Mühendisliği,Eskişehir,SAY,435.25,449.53,30,30,977
Eskişehir Teknik Üniversitesi,Ziraat Mühendisliği,Eskişehir,SAY,430.55,446.23,50,50,1188
Eskişehir Teknik Üniversitesi,Tarım Ekonomisi,Eskişehir,SAY,425.37,434.82,30,30,1717
Eskişehir Teknik Üniversitesi,İşletme,Eskişehir,EA,474.74,488.29,80,80,247
Eskişehir Teknik Üniversitesi,İktisat,Eskişehir,EA,469.4,483.82,70,70,303
Eskişehir Teknik Üniversitesi,Maliye,Eskişehir,EA,460.31,472.29,60,60,377
Eskişehir Teknik Üniversitesi,Kamu Yönetimi,Eskişehir,EA,457.93,469.01,50,50,411
Eskişehir Teknik Üniversitesi,Uluslararası İlişkiler,Eskişehir,EA,478.55,492.1,60,60,249
Eskişehir Teknik Üniversitesi,Siyaset Bilimi ve Kamu Yönetimi,Eskişehir,EA,466.89,474.91,40,40,355
Eskişehir Teknik Üniversitesi,Çalışma Ekonomisi ve Endüstri İlişkileri,Eskişehir,EA,451.55,467.21,30,30,558
Eskişehir Teknik Üniversitesi,Uluslararası Ticaret ve Lojistik,Eskişehir,EA,457.98,472.77,60,60,446
Eskişehir Teknik Üniversitesi,Bankacılık ve Finans,Eskişehir,EA,461.49,470.64,70,70,399
Eskişehir Teknik Üniversitesi,Muhasebe ve Finansal Yönetim,Eskişehir,EA,451.76,461.7,40,40,541
Eskişehir Teknik Üniversitesi,Turizm İşletmeciliği,Eskişehir,EA,434.63,450.33,50,50,1078
Eskişehir Teknik Üniversitesi,Gastronomi ve Mutfak Sanatları,Eskişehir,EA,427.24,442.96,40,40,1504
Eskişehir Teknik Üniversitesi,Sosyoloji,Eskişehir,EA,444.5,453.09,60,60,712
Eskişehir Teknik Üniversitesi,Psikoloji,Eskişehir,EA,475.26,486.18,40,40,219
Eskişehir Teknik Üniversitesi,Tarih,Eskişehir,EA,437.22,451.73,50,50,798
Eskişehir Teknik Üniversitesi,Coğrafya,Eskişehir,EA,425.78,439.76,30,30,1831
Eskişehir Teknik Üniversitesi,Felsefe,Eskişehir,EA,441.07,451.77,40,40,810
Eskişehir Teknik Üniversitesi,Arkeoloji,Eskişehir,EA,432.64,441.89,30,30,1259
Eskişehir Teknik Üniversitesi,Sanat Tarihi,Eskişehir,EA,431.59,443.62,40,40,1023
Eskişehir Teknik Üniversitesi,Sosyal Hizmet,Eskişehir,EA,444.6,459.61,60,60,654
Eskişehir Teknik Üniversitesi,Türk Dili ve Edebiyatı,Eskişehir,SÖZ,446.03,458.04,50,50,647
Eskişehir Teknik Üniversitesi,Türk Dili ve Edebiyatı Öğretmenliği,Eskişehir,SÖZ,447.22,463.0,40,40,584
Eskişehir Teknik Üniversitesi,İngilizce Öğretmenliği,Eskişehir,SÖZ,453.75,463.44,30,30,476
Eskişehir Teknik Üniversitesi,Almanca Öğretmenliği,Eskişehir,SÖZ,434.9,448.87,30,30,1019
Eskişehir Teknik Üniversitesi,Fransızca Öğretmenliği,Eskişehir,SÖZ,435.82,447.57,30,30,902
Eskişehir Teknik Üniversitesi,Rehberlik ve Psikolojik Danışmanlık,Eskişehir,SÖZ,462.76,472.08,40,40,379
Eskişehir Teknik Üniversitesi,Okul Öncesi Öğretmenliği,Eskişehir,SÖZ,441.69,450.56,60,60,634
Eskişehir Teknik Üniversitesi,Sınıf Öğretmenliği,Eskişehir,SÖZ,451.36,459.58,60,60,467
Eskişehir Teknik Üniversitesi,İlahiyat,Eskişehir,SÖZ,427.47,440.25,70,70,1660
Eskişehir Teknik Üniversitesi,Arap Dili ve Edebiyatı,Eskişehir,SÖZ,422.71,435.82,30,30,1867
Eskişehir Teknik Üniversitesi,İngiliz Dili ve Edebiyatı,Eskişehir,SÖZ,454.06,466.58,40,40,464
Eskişehir Teknik Üniversitesi,Fransız Dili ve Edebiyatı,Eskişehir,SÖZ,429.27,439.79,20,20,1557
Eskişehir Teknik Üniversitesi,Alman Dili ve Edebiyatı,Eskişehir,SÖZ,429.22,439.48,20,20,1337
Eskişehir Teknik Üniversitesi,Japon Dili ve Edebiyatı,Eskişehir,SÖZ,441.19,455.0,30,30,848
Eskişehir Teknik Üniversitesi,Çin Dili ve Edebiyatı,Eskişehir,SÖZ,434.38,445.64,20,20,1103
Eskişehir Teknik Üniversitesi,Gazetecilik,Eskişehir,SÖZ,448.24,457.44,50,50,573
Eskişehir Teknik Üniversitesi,Radyo Televizyon ve Sinema,Eskişehir,SÖZ,444.04,458.86,50,50,617
Eskişehir Teknik Üniversitesi,Halkla İlişkiler ve Tanıtım,Eskişehir,SÖZ,439.46,454.54,60,60,705
Eskişehir Teknik Üniversitesi,İletişim Tasarımı,Eskişehir,SÖZ,443.91,458.37,40,40,693
Pamukkale Üniversitesi,Bilgisayar Mühendisliği,Denizli,SAY,480.97,496.68,80,80,221
Pamukkale Üniversitesi,Elektrik-Elektronik Mühendisliği,Denizli,SAY,477.47,492.91,80,80,226
Pamukkale Üniversitesi,Makine Mühendisliği,Denizli,SAY,470.07,480.95,70,70,315
Pamukkale Üniversitesi,İnşaat Mühendisliği,Denizli,SAY,466.94,481.13,70,70,299
Pamukkale Üniversitesi,Endüstri Mühendisliği,Denizli,SAY,469.86,478.46,60,60,257
Pamukkale Üniversitesi,Kimya Mühendisliği,Denizli,SAY,459.99,474.43,60,60,337
Pamukkale Üniversitesi,Mekatronik Mühendisliği,Denizli,SAY,455.68,471.43,50,50,468
Pamukkale Üniversitesi,Yazılım Mühendisliği,Denizli,SAY,455.72,466.23,50,50,487
Pamukkale Üniversitesi,Biyomedikal Mühendisliği,Denizli,SAY,449.48,460.39,30,30,468
Pamukkale Üniversitesi,Çevre Mühendisliği,Denizli,SAY,443.23,453.29,50,50,675
Pamukkale Üniversitesi,Gıda Mühendisliği,Denizli,SAY,436.5,449.7,50,50,824
Pamukkale Üniversitesi,Jeoloji Mühendisliği,Denizli,SAY,425.45,433.77,30,30,1959
Pamukkale Üniversitesi,Maden Mühendisliği,Denizli,SAY,420.74,436.08,30,30,2272
Pamukkale Üniversitesi,Metalurji ve Malzeme Mühendisliği,Denizli,SAY,423.43,439.05,40,40,1975
Pamukkale Üniversitesi,Tekstil Mühendisliği,Denizli,SAY,414.04,424.14,40,40,5743
Pamukkale Üniversitesi,Fizik,Denizli,SAY,433.12,446.27,50,50,1180
Pamukkale Üniversitesi,Kimya,Denizli,SAY,429.73,437.79,50,50,1478
Pamukkale Üniversitesi,Matematik,Denizli,SAY,434.95,446.14,50,50,871
Pamukkale Üniversitesi,İstatistik,Denizli,SAY,434.01,442.76,60,60,1039
Pamukkale Üniversitesi,Biyoloji,Denizli,SAY,425.6,437.32,60,60,1533
Pamukkale Üniversitesi,Moleküler Biyoloji ve Genetik,Denizli,SAY,451.46,466.84,30,30,538
Pamukkale Üniversitesi,Tıp,Denizli,SAY,497.61,508.15,70,70,180
Pamukkale Üniversitesi,Veteriner,Denizli,SAY,456.61,468.42,30,30,391
Pamukkale Üniversitesi,Hemşirelik,Denizli,SAY,428.49,440.25,70,70,1504
Pamukkale Üniversitesi,Ebelik,Denizli,SAY,413.03,425.84,40,40,5692
Pamukkale Üniversitesi,Fizyoterapi ve Rehabilitasyon,Denizli,SAY,438.93,450.37,30,30,816
Pamukkale Üniversitesi,Beslenme ve Diyetetik,Denizli,SAY,436.45,452.07,30,30,978
Pamukkale Üniversitesi,Şehir ve Bölge Planlama,Denizli,SAY,440.57,449.24,30,30,665
Pamukkale Üniversitesi,Peyzaj Mimarlığı,Denizli,SAY,423.83,437.53,40,40,2213
Pamukkale Üniversitesi,Orman Mühendisliği,Denizli,SAY,416.86,426.94,30,30,4081
Pamukkale Üniversitesi,Ziraat Mühendisliği,Denizli,SAY,414.57,425.31,50,50,5195
Pamukkale Üniversitesi,Tarım Ekonomisi,Denizli,SAY,403.9,415.25,40,40,51407
Pamukkale Üniversitesi,İşletme,Denizli,EA,453.36,466.93,80,80,445
Pamukkale Üniversitesi,İktisat,Denizli,EA,450.13,458.21,80,80,566
Pamukkale Üniversitesi,Maliye,Denizli,EA,439.07,452.41,50,50,846
Pamukkale Üniversitesi,Kamu Yönetimi,Denizli,EA,439.92,455.43,60,60,844
Pamukkale Üniversitesi,Uluslararası İlişkiler,Denizli,EA,457.06,466.26,50,50,407
Pamukkale Üniversitesi,Hukuk,Denizli,EA,471.39,480.3,70,70,314
Pamukkale Üniversitesi,Siyaset Bilimi ve Kamu Yönetimi,Denizli,EA,449.08,457.11,60,60,533
Pamukkale Üniversitesi,Çalışma Ekonomisi ve Endüstri İlişkileri,Denizli,EA,430.15,441.74,30,30,1487
Pamukkale Üniversitesi,Uluslararası Ticaret ve Lojistik,Denizli,EA,438.07,453.9,60,60,836
Pamukkale Üniversitesi,Bankacılık ve Finans,Denizli,EA,441.44,452.46,70,70,701
Pamukkale Üniversitesi,Muhasebe ve Finansal Yönetim,Denizli,EA,433.39,446.0,60,60,926
Pamukkale Üniversitesi,Turizm İşletmeciliği,Denizli,EA,415.7,430.87,60,60,4224
Pamukkale Üniversitesi,Gastronomi ve Mutfak Sanatları,Denizli,EA,413.36,426.55,30,30,5570
Pamukkale Üniversitesi,Sosyoloji,Denizli,EA,424.15,436.49,60,60,1957
Pamukkale Üniversitesi,Psikoloji,Denizli,EA,455.84,465.25,50,50,420
Pamukkale Üniversitesi,Tarih,Denizli,EA,419.17,431.51,60,60,2842
Pamukkale Üniversitesi,Coğrafya,Denizli,EA,407.77,419.27,40,40,14001
Pamukkale Üniversitesi,Felsefe,Denizli,EA,425.75,440.61,40,40,1989
Pamukkale Üniversitesi,Arkeoloji,Denizli,EA,413.46,426.66,30,30,5764
Pamukkale Üniversitesi,Sanat Tarihi,Denizli,EA,412.14,426.15,30,30,7566
Pamukkale Üniversitesi,Sosyal Hizmet,Denizli,EA,424.7,437.35,50,50,1605
Pamukkale Üniversitesi,Türk Dili ve Edebiyatı,Denizli,SÖZ,424.56,434.34,50,50,1860
Pamukkale Üniversitesi,Türk Dili ve Edebiyatı Öğretmenliği,Denizli,SÖZ,428.73,440.49,40,40,1261
Pamukkale Üniversitesi,İngilizce Öğretmenliği,Denizli,SÖZ,439.48,450.78,40,40,879
Pamukkale Üniversitesi,Almanca Öğretmenliği,Denizli,SÖZ,420.05,428.11,20,20,2615
Pamukkale Üniversitesi,Fransızca Öğretmenliği,Denizli,SÖZ,414.54,429.58,30,30,4504
Pamukkale Üniversitesi,Rehberlik ve Psikolojik Danışmanlık,Denizli,SÖZ,443.37,454.69,40,40,624
Pamukkale Üniversitesi,Okul Öncesi Öğretmenliği,Denizli,SÖZ,424.53,432.65,50,50,1694
Pamukkale Üniversitesi,Sınıf Öğretmenliği,Denizli,SÖZ,432.46,447.02,50,50,1176
Pamukkale Üniversitesi,İlahiyat,Denizli,SÖZ,414.91,430.85,90,90,4274
Pamukkale Üniversitesi,Arap Dili ve Edebiyatı,Denizli,SÖZ,402.96,416.12,40,40,93464
Pamukkale Üniversitesi,İngiliz Dili ve Edebiyatı,Denizli,SÖZ,432.87,441.9,40,40,1161
Pamukkale Üniversitesi,Fransız Dili ve Edebiyatı,Denizli,SÖZ,412.04,427.27,20,20,6843
Pamukkale Üniversitesi,Alman Dili ve Edebiyatı,Denizli,SÖZ,409.76,424.17,30,30,9946
Pamukkale Üniversitesi,Japon Dili ve Edebiyatı,Denizli,SÖZ,423.07,437.81,20,20,2191
Pamukkale Üniversitesi,Çin Dili ve Edebiyatı,Denizli,SÖZ,418.92,434.51,20,20,2748
Pamukkale Üniversitesi,Gazetecilik,Denizli,SÖZ,427.42,440.45,40,40,1590
Pamukkale Üniversitesi,Radyo Televizyon ve Sinema,Denizli,SÖZ,426.29,441.65,50,50,1458
Pamukkale Üniversitesi,Halkla İlişkiler ve Tanıtım,Denizli,SÖZ,422.81,431.85,60,60,2125
Pamukkale Üniversitesi,İletişim Tasarımı,Denizli,SÖZ,422.35,432.27,30,30,2501
Muğla Sıtkı Koçman Üniversitesi,Bilgisayar Mühendisliği,Muğla,SAY,472.71,482.67,80,80,289
Muğla Sıtkı Koçman Üniversitesi,Elektrik-Elektronik Mühendisliği,Muğla,SAY,467.82,481.09,90,90,282
Muğla Sıtkı Koçman Üniversitesi,Makine Mühendisliği,Muğla,SAY,461.56,474.67,60,60,368
Muğla Sıtkı Koçman Üniversitesi,İnşaat Mühendisliği,Muğla,SAY,454.25,467.02,70,70,399
Muğla Sıtkı Koçman Üniversitesi,Endüstri Mühendisliği,Muğla,SAY,461.37,470.11,50,50,361
Muğla Sıtkı Koçman Üniversitesi,Kimya Mühendisliği,Muğla,SAY,452.03,463.16,40,40,486
Muğla Sıtkı Koçman Üniversitesi,Mekatronik Mühendisliği,Muğla,SAY,442.94,458.61,60,60,602
Muğla Sıtkı Koçman Üniversitesi,Yazılım Mühendisliği,Muğla,SAY,447.45,457.96,60,60,646
Muğla Sıtkı Koçman Üniversitesi,Biyomedikal Mühendisliği,Muğla,SAY,439.08,447.16,40,40,738
Muğla Sıtkı Koçman Üniversitesi,Çevre Mühendisliği,Muğla,SAY,432.64,440.89,70,70,1291
Muğla Sıtkı Koçman Üniversitesi,Gıda Mühendisliği,Muğla,SAY,424.7,437.61,50,50,1893
Muğla Sıtkı Koçman Üniversitesi,Jeoloji Mühendisliği,Muğla,SAY,417.25,432.66,30,30,3234
Muğla Sıtkı Koçman Üniversitesi,Maden Mühendisliği,Muğla,SAY,406.64,418.73,40,40,17799
Muğla Sıtkı Koçman Üniversitesi,Metalurji ve Malzeme Mühendisliği,Muğla,SAY,409.89,419.63,30,30,9198
Muğla Sıtkı Koçman Üniversitesi,Tekstil Mühendisliği,Muğla,SAY,406.37,421.89,30,30,19920
Muğla Sıtkı Koçman Üniversitesi,Fizik,Muğla,SAY,425.72,436.51,50,50,1762
Muğla Sıtkı Koçman Üniversitesi,Kimya,Muğla,SAY,419.97,431.94,50,50,2748
Muğla Sıtkı Koçman Üniversitesi,Matematik,Muğla,SAY,425.66,435.04,60,60,1840
Muğla Sıtkı Koçman Üniversitesi,İstatistik,Muğla,SAY,423.49,434.63,60,60,2095
Muğla Sıtkı Koçman Üniversitesi,Biyoloji,Muğla,SAY,412.87,427.22,50,50,6859
Muğla Sıtkı Koçman Üniversitesi,Moleküler Biyoloji ve Genetik,Muğla,SAY,441.5,452.89,40,40,787
Muğla Sıtkı Koçman Üniversitesi,Veteriner,Muğla,SAY,446.24,459.1,40,40,591
Muğla Sıtkı Koçman Üniversitesi,Hemşirelik,Muğla,SAY,420.44,433.5,60,60,2281
Muğla Sıtkı Koçman Üniversitesi,Ebelik,Muğla,SAY,404.0,416.09,30,30,50770
Muğla Sıtkı Koçman Üniversitesi,Fizyoterapi ve Rehabilitasyon,Muğla,SAY,432.16,445.32,30,30,1323
Muğla Sıtkı Koçman Üniversitesi,Beslenme ve Diyetetik,Muğla,SAY,421.98,431.42,40,40,2181
Muğla Sıtkı Koçman Üniversitesi,Şehir ve Bölge Planlama,Muğla,SAY,429.35,437.93,30,30,1433
Muğla Sıtkı Koçman Üniversitesi,Peyzaj Mimarlığı,Muğla,SAY,417.48,426.46,30,30,3289
Muğla Sıtkı Koçman Üniversitesi,Orman Mühendisliği,Muğla,SAY,405.77,417.49,40,40,27853
Muğla Sıtkı Koçman Üniversitesi,Ziraat Mühendisliği,Muğla,SAY,403.57,414.65,60,60,62576
Muğla Sıtkı Koçman Üniversitesi,Tarım Ekonomisi,Muğla,SAY,393.62,403.84,40,40,1032370
Muğla Sıtkı Koçman Üniversitesi,İşletme,Muğla,EA,447.66,456.26,70,70,639
Muğla Sıtkı Koçman Üniversitesi,İktisat,Muğla,EA,442.54,453.08,70,70,663
Muğla Sıtkı Koçman Üniversitesi,Maliye,Muğla,EA,433.82,445.81,50,50,1215
Muğla Sıtkı Koçman Üniversitesi,Kamu Yönetimi,Muğla,EA,425.24,434.61,50,50,1702
Muğla Sıtkı Koçman Üniversitesi,Uluslararası İlişkiler,Muğla,EA,448.66,458.94,60,60,574
Muğla Sıtkı Koçman Üniversitesi,Siyaset Bilimi ve Kamu Yönetimi,Muğla,EA,442.13,457.42,60,60,667
Muğla Sıtkı Koçman Üniversitesi,Çalışma Ekonomisi ve Endüstri İlişkileri,Muğla,EA,422.42,437.59,30,30,2501
Muğla Sıtkı Koçman Üniversitesi,Uluslararası Ticaret ve Lojistik,Muğla,EA,431.07,439.63,60,60,1084
Muğla Sıtkı Koçman Üniversitesi,Bankacılık ve Finans,Muğla,EA,435.14,445.34,50,50,1065
Muğla Sıtkı Koçman Üniversitesi,Muhasebe ve Finansal Yönetim,Muğla,EA,421.54,432.05,50,50,2469
Muğla Sıtkı Koçman Üniversitesi,Turizm İşletmeciliği,Muğla,EA,410.68,422.32,70,70,9330
Muğla Sıtkı Koçman Üniversitesi,Gastronomi ve Mutfak Sanatları,Muğla,EA,400.93,411.92,30,30,707924
Muğla Sıtkı Koçman Üniversitesi,Sosyoloji,Muğla,EA,413.09,421.17,50,50,5162
Muğla Sıtkı Koçman Üniversitesi,Psikoloji,Muğla,EA,449.33,460.82,50,50,483
Muğla Sıtkı Koçman Üniversitesi,Tarih,Muğla,EA,411.91,422.86,70,70,7781
Muğla Sıtkı Koçman Üniversitesi,Coğrafya,Muğla,EA,400.4,415.34,40,40,2896992
Muğla Sıtkı Koçman Üniversitesi,Felsefe,Muğla,EA,411.66,427.24,30,30,6292
Muğla Sıtkı Koçman Üniversitesi,Arkeoloji,Muğla,EA,407.48,421.98,30,30,14930
Muğla Sıtkı Koçman Üniversitesi,Sanat Tarihi,Muğla,EA,401.03,412.72,40,40,505127
Muğla Sıtkı Koçman Üniversitesi,Sosyal Hizmet,Muğla,EA,417.32,432.42,50,50,4032
Muğla Sıtkı Koçman Üniversitesi,Türk Dili ve Edebiyatı,Muğla,SÖZ,415.48,424.46,60,60,4365
Muğla Sıtkı Koçman Üniversitesi,Türk Dili ve Edebiyatı Öğretmenliği,Muğla,SÖZ,422.17,437.98,40,40,2146
Muğla Sıtkı Koçman Üniversitesi,İngilizce Öğretmenliği,Muğla,SÖZ,425.85,435.96,30,30,1614
Muğla Sıtkı Koçman Üniversitesi,Almanca Öğretmenliği,Muğla,SÖZ,409.85,424.83,30,30,10238
Muğla Sıtkı Koçman Üniversitesi,Fransızca Öğretmenliği,Muğla,SÖZ,405.04,413.66,20,20,37260
Muğla Sıtkı Koçman Üniversitesi,Rehberlik ve Psikolojik Danışmanlık,Muğla,SÖZ,429.08,438.81,30,30,1525
Muğla Sıtkı Koçman Üniversitesi,Okul Öncesi Öğretmenliği,Muğla,SÖZ,413.43,423.1,60,60,5743
Muğla Sıtkı Koçman Üniversitesi,Sınıf Öğretmenliği,Muğla,SÖZ,423.35,437.43,50,50,1949
Muğla Sıtkı Koçman Üniversitesi,İlahiyat,Muğla,SÖZ,401.12,413.16,70,70,550068
Muğla Sıtkı Koçman Üniversitesi,Arap Dili ve Edebiyatı,Muğla,SÖZ,395.18,410.98,40,40,1110356
Muğla Sıtkı Koçman Üniversitesi,İngiliz Dili ve Edebiyatı,Muğla,SÖZ,424.68,434.18,30,30,1745
Muğla Sıtkı Koçman Üniversitesi,Fransız Dili ve Edebiyatı,Muğla,SÖZ,403.84,418.8,20,20,55624
Muğla Sıtkı Koçman Üniversitesi,Alman Dili ve Edebiyatı,Muğla,SÖZ,405.46,419.42,30,30,26062
Muğla Sıtkı Koçman Üniversitesi,Japon Dili ve Edebiyatı,Muğla,SÖZ,410.32,418.55,20,20,9421
Muğla Sıtkı Koçman Üniversitesi,Çin Dili ve Edebiyatı,Muğla,SÖZ,408.09,423.51,20,20,12188
Muğla Sıtkı Koçman Üniversitesi,Gazetecilik,Muğla,SÖZ,416.4,428.42,40,40,3912
Muğla Sıtkı Koçman Üniversitesi,Radyo Televizyon ve Sinema,Muğla,SÖZ,414.44,423.22,60,60,5126
Muğla Sıtkı Koçman Üniversitesi,Halkla İlişkiler ve Tanıtım,Muğla,SÖZ,411.74,422.09,60,60,6916
Muğla Sıtkı Koçman Üniversitesi,İletişim Tasarımı,Muğla,SÖZ,414.18,426.13,40,40,4969
Gaziantep Üniversitesi,Bilgisayar Mühendisliği,Gaziantep,SAY,489.13,504.8,60,60,169
Gaziantep Üniversitesi,Elektrik-Elektronik Mühendisliği,Gaziantep,SAY,478.95,489.08,60,60,200
Gaziantep Üniversitesi,Makine Mühendisliği,Gaziantep,SAY,474.52,487.48,70,70,271
Gaziantep Üniversitesi,İnşaat Mühendisliği,Gaziantep,SAY,467.26,481.13,70,70,341
Gaziantep Üniversitesi,Endüstri Mühendisliği,Gaziantep,SAY,472.53,486.82,50,50,255
Gaziantep Üniversitesi,Kimya Mühendisliği,Gaziantep,SAY,465.58,479.45,60,60,282
Gaziantep Üniversitesi,Mekatronik Mühendisliği,Gaziantep,SAY,461.55,473.36,60,60,339
Gaziantep Üniversitesi,Yazılım Mühendisliği,Gaziantep,SAY,461.57,472.09,50,50,313
Gaziantep Üniversitesi,Biyomedikal Mühendisliği,Gaziantep,SAY,458.1,467.23,30,30,341
Gaziantep Üniversitesi,Çevre Mühendisliği,Gaziantep,SAY,445.4,454.82,40,40,579
Gaziantep Üniversitesi,Gıda Mühendisliği,Gaziantep,SAY,440.04,454.86,70,70,804
Gaziantep Üniversitesi,Jeoloji Mühendisliği,Gaziantep,SAY,430.16,442.07,30,30,1204
Gaziantep Üniversitesi,Maden Mühendisliği,Gaziantep,SAY,425.06,437.6,40,40,2086
Gaziantep Üniversitesi,Metalurji ve Malzeme Mühendisliği,Gaziantep,SAY,426.09,435.43,30,30,1512
Gaziantep Üniversitesi,Tekstil Mühendisliği,Gaziantep,SAY,417.33,431.22,40,40,3483
Gaziantep Üniversitesi,Fizik,Gaziantep,SAY,440.04,450.1,50,50,778
Gaziantep Üniversitesi,Kimya,Gaziantep,SAY,429.53,440.35,60,60,1439
Gaziantep Üniversitesi,Matematik,Gaziantep,SAY,443.4,458.26,60,60,758
Gaziantep Üniversitesi,İstatistik,Gaziantep,SAY,436.64,450.13,40,40,980
Gaziantep Üniversitesi,Biyoloji,Gaziantep,SAY,430.67,445.52,50,50,1324
Gaziantep Üniversitesi,Moleküler Biyoloji ve Genetik,Gaziantep,SAY,453.83,463.78,40,40,492
Gaziantep Üniversitesi,Tıp,Gaziantep,SAY,503.22,517.17,90,90,128
Gaziantep Üniversitesi,Veteriner,Gaziantep,SAY,461.18,476.9,40,40,405
Gaziantep Üniversitesi,Hemşirelik,Gaziantep,SAY,437.64,449.23,80,80,994
Gaziantep Üniversitesi,Ebelik,Gaziantep,SAY,418.95,432.38,30,30,3359
Gaziantep Üniversitesi,Fizyoterapi ve Rehabilitasyon,Gaziantep,SAY,444.04,459.99,30,30,621
Gaziantep Üniversitesi,Beslenme ve Diyetetik,Gaziantep,SAY,439.08,449.83,30,30,844
Gaziantep Üniversitesi,Şehir ve Bölge Planlama,Gaziantep,SAY,444.27,460.02,30,30,710
Gaziantep Üniversitesi,Peyzaj Mimarlığı,Gaziantep,SAY,432.48,444.47,30,30,1203
Gaziantep Üniversitesi,Orman Mühendisliği,Gaziantep,SAY,418.26,433.99,40,40,3335
Gaziantep Üniversitesi,Ziraat Mühendisliği,Gaziantep,SAY,415.46,425.77,40,40,4730
Gaziantep Üniversitesi,Tarım Ekonomisi,Gaziantep,SAY,406.45,416.71,30,30,21522
Gaziantep Üniversitesi,İşletme,Gaziantep,EA,459.18,470.62,60,60,405
Gaziantep Üniversitesi,İktisat,Gaziantep,EA,454.21,465.01,90,90,423
Gaziantep Üniversitesi,Maliye,Gaziantep,EA,447.39,461.54,50,50,517
Gaziantep Üniversitesi,Kamu Yönetimi,Gaziantep,EA,440.37,456.34,60,60,700
Gaziantep Üniversitesi,Uluslararası İlişkiler,Gaziantep,EA,460.62,470.37,50,50,368
Gaziantep Üniversitesi,Siyaset Bilimi ve Kamu Yönetimi,Gaziantep,EA,455.71,468.81,70,70,420
Gaziantep Üniversitesi,Çalışma Ekonomisi ve Endüstri İlişkileri,Gaziantep,EA,434.69,444.78,30,30,952
Gaziantep Üniversitesi,Uluslararası Ticaret ve Lojistik,Gaziantep,EA,444.92,458.35,60,60,602
Gaziantep Üniversitesi,Bankacılık ve Finans,Gaziantep,EA,449.36,458.96,60,60,478
Gaziantep Üniversitesi,Muhasebe ve Finansal Yönetim,Gaziantep,EA,434.05,442.73,60,60,1067
Gaziantep Üniversitesi,Turizm İşletmeciliği,Gaziantep,EA,423.42,434.43,50,50,2286
Gaziantep Üniversitesi,Gastronomi ve Mutfak Sanatları,Gaziantep,EA,414.47,426.01,40,40,4615
Gaziantep Üniversitesi,Sosyoloji,Gaziantep,EA,430.94,442.69,50,50,1217
Gaziantep Üniversitesi,Psikoloji,Gaziantep,EA,462.6,470.82,70,70,356
Gaziantep Üniversitesi,Tarih,Gaziantep,EA,422.68,436.73,50,50,2252
Gaziantep Üniversitesi,Coğrafya,Gaziantep,EA,409.52,421.62,40,40,9227
Gaziantep Üniversitesi,Felsefe,Gaziantep,EA,428.19,438.54,30,30,1584
Gaziantep Üniversitesi,Arkeoloji,Gaziantep,EA,419.78,427.83,40,40,3041
Gaziantep Üniversitesi,Sanat Tarihi,Gaziantep,EA,416.4,424.83,40,40,3381
Gaziantep Üniversitesi,Sosyal Hizmet,Gaziantep,EA,430.56,441.23,50,50,1119
Gaziantep Üniversitesi,Türk Dili ve Edebiyatı,Gaziantep,SÖZ,429.55,440.2,60,60,1173
Gaziantep Üniversitesi,Türk Dili ve Edebiyatı Öğretmenliği,Gaziantep,SÖZ,436.29,450.2,30,30,808
Gaziantep Üniversitesi,İngilizce Öğretmenliği,Gaziantep,SÖZ,439.61,453.53,30,30,796
Gaziantep Üniversitesi,Almanca Öğretmenliği,Gaziantep,SÖZ,424.2,439.02,20,20,1821
Gaziantep Üniversitesi,Fransızca Öğretmenliği,Gaziantep,SÖZ,423.29,431.34,30,30,2066
Gaziantep Üniversitesi,Rehberlik ve Psikolojik Danışmanlık,Gaziantep,SÖZ,444.09,452.09,30,30,678
Gaziantep Üniversitesi,Okul Öncesi Öğretmenliği,Gaziantep,SÖZ,427.24,436.87,60,60,1552
Gaziantep Üniversitesi,Sınıf Öğretmenliği,Gaziantep,SÖZ,434.9,443.35,50,50,888
Gaziantep Üniversitesi,İlahiyat,Gaziantep,SÖZ,419.54,434.1,80,80,3138
Gaziantep Üniversitesi,Arap Dili ve Edebiyatı,Gaziantep,SÖZ,411.13,424.58,40,40,8687
Gaziantep Üniversitesi,İngiliz Dili ve Edebiyatı,Gaziantep,SÖZ,436.69,449.78,40,40,829
Gaziantep Üniversitesi,Fransız Dili ve Edebiyatı,Gaziantep,SÖZ,419.44,428.81,30,30,3082
Gaziantep Üniversitesi,Alman Dili ve Edebiyatı,Gaziantep,SÖZ,416.5,426.82,30,30,4054
Gaziantep Üniversitesi,Japon Dili ve Edebiyatı,Gaziantep,SÖZ,425.9,439.24,30,30,1658
Gaziantep Üniversitesi,Çin Dili ve Edebiyatı,Gaziantep,SÖZ,420.79,432.13,20,20,2488
Gaziantep Üniversitesi,Gazetecilik,Gaziantep,SÖZ,432.19,444.7,50,50,988
Gaziantep Üniversitesi,Radyo Televizyon ve Sinema,Gaziantep,SÖZ,430.53,445.68,40,40,1320
Gaziantep Üniversitesi,Halkla İlişkiler ve Tanıtım,Gaziantep,SÖZ,428.38,444.08,60,60,1440
Gaziantep Üniversitesi,İletişim Tasarımı,Gaziantep,SÖZ,426.46,442.31,40,40,1579
Mersin Üniversitesi,Bilgisayar Mühendisliği,Mersin,SAY,483.02,493.81,70,70,222
Mersin Üniversitesi,Elektrik-Elektronik Mühendisliği,Mersin,SAY,473.94,487.19,80,80,247
Mersin Üniversitesi,Makine Mühendisliği,Mersin,SAY,470.08,483.8,70,70,309
Mersin Üniversitesi,İnşaat Mühendisliği,Mersin,SAY,466.18,476.6,90,90,305
Mersin Üniversitesi,Endüstri Mühendisliği,Mersin,SAY,470.07,481.08,60,60,282
Mersin Üniversitesi,Kimya Mühendisliği,Mersin,SAY,460.46,475.88,60,60,402
Mersin Üniversitesi,Mekatronik Mühendisliği,Mersin,SAY,453.18,463.77,50,50,533
Mersin Üniversitesi,Yazılım Mühendisliği,Mersin,SAY,458.86,470.09,60,60,337
Mersin Üniversitesi,Biyomedikal Mühendisliği,Mersin,SAY,448.76,457.53,40,40,484
Mersin Üniversitesi,Çevre Mühendisliği,Mersin,SAY,441.46,455.54,60,60,841
Mersin Üniversitesi,Gıda Mühendisliği,Mersin,SAY,435.64,445.53,50,50,1080
Mersin Üniversitesi,Jeoloji Mühendisliği,Mersin,SAY,427.39,441.44,30,30,1512
Mersin Üniversitesi,Maden Mühendisliği,Mersin,SAY,419.27,428.19,30,30,3222
Mersin Üniversitesi,Metalurji ve Malzeme Mühendisliği,Mersin,SAY,422.94,435.79,40,40,2351
Mersin Üniversitesi,Tekstil Mühendisliği,Mersin,SAY,412.93,426.52,40,40,5767
Mersin Üniversitesi,Fizik,Mersin,SAY,432.84,442.44,50,50,1034
Mersin Üniversitesi,Kimya,Mersin,SAY,426.52,436.13,60,60,1476
Mersin Üniversitesi,Matematik,Mersin,SAY,438.85,448.39,60,60,846
Mersin Üniversitesi,İstatistik,Mersin,SAY,435.25,444.88,60,60,1075
Mersin Üniversitesi,Biyoloji,Mersin,SAY,422.36,433.62,40,40,2265
Mersin Üniversitesi,Moleküler Biyoloji ve Genetik,Mersin,SAY,447.07,460.91,40,40,657
Mersin Üniversitesi,Tıp,Mersin,SAY,498.62,513.28,70,70,157
Mersin Üniversitesi,Veteriner,Mersin,SAY,454.51,467.46,30,30,456
Mersin Üniversitesi,Hemşirelik,Mersin,SAY,427.96,439.38,60,60,1438
Mersin Üniversitesi,Ebelik,Mersin,SAY,413.31,427.57,30,30,5338
Mersin Üniversitesi,Fizyoterapi ve Rehabilitasyon,Mersin,SAY,438.14,450.95,30,30,810
Mersin Üniversitesi,Beslenme ve Diyetetik,Mersin,SAY,436.88,452.26,40,40,839
Mersin Üniversitesi,Şehir ve Bölge Planlama,Mersin,SAY,437.17,452.14,30,30,1019
Mersin Üniversitesi,Peyzaj Mimarlığı,Mersin,SAY,425.49,440.32,40,40,1992
Mersin Üniversitesi,Orman Mühendisliği,Mersin,SAY,415.24,423.69,30,30,4717
Mersin Üniversitesi,Ziraat Mühendisliği,Mersin,SAY,411.99,427.33,40,40,6371
Mersin Üniversitesi,Tarım Ekonomisi,Mersin,SAY,403.83,413.92,40,40,50848
Mersin Üniversitesi,İşletme,Mersin,EA,453.24,465.62,90,90,500
Mersin Üniversitesi,İktisat,Mersin,EA,451.78,466.81,60,60,452
Mersin Üniversitesi,Maliye,Mersin,EA,444.29,459.52,60,60,691
Mersin Üniversitesi,Kamu Yönetimi,Mersin,EA,434.21,450.06,60,60,1179
Mersin Üniversitesi,Uluslararası İlişkiler,Mersin,EA,458.83,467.47,70,70,397
Mersin Üniversitesi,Siyaset Bilimi ve Kamu Yönetimi,Mersin,EA,447.58,455.91,60,60,493
Mersin Üniversitesi,Çalışma Ekonomisi ve Endüstri İlişkileri,Mersin,EA,433.3,444.75,40,40,1025
Mersin Üniversitesi,Uluslararası Ticaret ve Lojistik,Mersin,EA,442.59,450.76,60,60,606
Mersin Üniversitesi,Bankacılık ve Finans,Mersin,EA,445.31,457.58,60,60,693
Mersin Üniversitesi,Muhasebe ve Finansal Yönetim,Mersin,EA,431.99,444.41,60,60,1014
Mersin Üniversitesi,Turizm İşletmeciliği,Mersin,EA,419.77,431.21,50,50,2726
Mersin Üniversitesi,Gastronomi ve Mutfak Sanatları,Mersin,EA,411.79,426.97,30,30,8093
Mersin Üniversitesi,Sosyoloji,Mersin,EA,423.2,434.69,50,50,1812
Mersin Üniversitesi,Psikoloji,Mersin,EA,458.69,468.51,60,60,422
Mersin Üniversitesi,Tarih,Mersin,EA,420.36,432.9,40,40,3033
Mersin Üniversitesi,Coğrafya,Mersin,EA,407.96,422.46,30,30,12516
Mersin Üniversitesi,Felsefe,Mersin,EA,421.28,429.63,40,40,2331
Mersin Üniversitesi,Arkeoloji,Mersin,EA,414.31,424.65,30,30,5146
Mersin Üniversitesi,Sanat Tarihi,Mersin,EA,409.89,418.5,40,40,8973
Mersin Üniversitesi,Sosyal Hizmet,Mersin,EA,425.01,438.89,60,60,1747
Mersin Üniversitesi,Türk Dili ve Edebiyatı,Mersin,SÖZ,423.36,437.07,60,60,2337
Mersin Üniversitesi,Türk Dili ve Edebiyatı Öğretmenliği,Mersin,SÖZ,429.32,442.55,30,30,1382
Mersin Üniversitesi,İngilizce Öğretmenliği,Mersin,SÖZ,438.19,450.22,40,40,738
Mersin Üniversitesi,Almanca Öğretmenliği,Mersin,SÖZ,419.83,432.8,20,20,2589
Mersin Üniversitesi,Fransızca Öğretmenliği,Mersin,SÖZ,413.66,429.47,30,30,4985
Mersin Üniversitesi,Rehberlik ve Psikolojik Danışmanlık,Mersin,SÖZ,439.86,450.84,30,30,863
Mersin Üniversitesi,Okul Öncesi Öğretmenliği,Mersin,SÖZ,427.91,441.5,50,50,1565
Mersin Üniversitesi,Sınıf Öğretmenliği,Mersin,SÖZ,428.25,440.24,50,50,1260
Mersin Üniversitesi,İlahiyat,Mersin,SÖZ,411.47,426.09,70,70,6502
Mersin Üniversitesi,Arap Dili ve Edebiyatı,Mersin,SÖZ,405.46,417.42,30,30,31337
Mersin Üniversitesi,İngiliz Dili ve Edebiyatı,Mersin,SÖZ,429.67,439.32,30,30,1214
Mersin Üniversitesi,Fransız Dili ve Edebiyatı,Mersin,SÖZ,411.31,421.75,20,20,7713
Mersin Üniversitesi,Alman Dili ve Edebiyatı,Mersin,SÖZ,409.32,422.19,30,30,12067
Mersin Üniversitesi,Japon Dili ve Edebiyatı,Mersin,SÖZ,423.8,438.28,30,30,2050
Mersin Üniversitesi,Çin Dili ve Edebiyatı,Mersin,SÖZ,417.65,432.28,20,20,3351
Mersin Üniversitesi,Gazetecilik,Mersin,SÖZ,429.18,443.06,50,50,1199
Mersin Üniversitesi,Radyo Televizyon ve Sinema,Mersin,SÖZ,424.37,438.14,60,60,2015
Mersin Üniversitesi,Halkla İlişkiler ve Tanıtım,Mersin,SÖZ,423.99,435.7,60,60,2010
Mersin Üniversitesi,İletişim Tasarımı,Mersin,SÖZ,423.31,432.61,40,40,1998
Çanakkale Onsekiz Mart Üniversitesi,Bilgisayar Mühendisliği,Çanakkale,SAY,475.05,484.1,80,80,215
Çanakkale Onsekiz Mart Üniversitesi,Elektrik-Elektronik Mühendisliği,Çanakkale,SAY,468.91,477.59,80,80,271
Çanakkale Onsekiz Mart Üniversitesi,Makine Mühendisliği,Çanakkale,SAY,459.83,470.99,70,70,392
Çanakkale Onsekiz Mart Üniversitesi,İnşaat Mühendisliği,Çanakkale,SAY,455.46,469.72,80,80,475
Çanakkale Onsekiz Mart Üniversitesi,Endüstri Mühendisliği,Çanakkale,SAY,456.75,469.3,50,50,394
Çanakkale Onsekiz Mart Üniversitesi,Kimya Mühendisliği,Çanakkale,SAY,448.07,459.77,50,50,552
Çanakkale Onsekiz Mart Üniversitesi,Mekatronik Mühendisliği,Çanakkale,SAY,448.3,460.14,50,50,615
Çanakkale Onsekiz Mart Üniversitesi,Yazılım Mühendisliği,Çanakkale,SAY,445.55,461.06,60,60,578
Çanakkale Onsekiz Mart Üniversitesi,Biyomedikal Mühendisliği,Çanakkale,SAY,439.88,448.39,40,40,712
Çanakkale Onsekiz Mart Üniversitesi,Çevre Mühendisliği,Çanakkale,SAY,430.66,445.61,60,60,1123
Çanakkale Onsekiz Mart Üniversitesi,Gıda Mühendisliği,Çanakkale,SAY,422.68,435.62,50,50,1882
Çanakkale Onsekiz Mart Üniversitesi,Jeoloji Mühendisliği,Çanakkale,SAY,413.03,426.51,40,40,6543
Çanakkale Onsekiz Mart Üniversitesi,Maden Mühendisliği,Çanakkale,SAY,406.75,420.49,40,40,16751
Çanakkale Onsekiz Mart Üniversitesi,Metalurji ve Malzeme Mühendisliği,Çanakkale,SAY,410.75,420.81,40,40,8794
Çanakkale Onsekiz Mart Üniversitesi,Tekstil Mühendisliği,Çanakkale,SAY,404.12,417.87,30,30,48332
Çanakkale Onsekiz Mart Üniversitesi,Fizik,Çanakkale,SAY,420.46,432.01,50,50,2629
Çanakkale Onsekiz Mart Üniversitesi,Kimya,Çanakkale,SAY,417.45,428.42,50,50,3827
Çanakkale Onsekiz Mart Üniversitesi,Matematik,Çanakkale,SAY,428.35,443.36,50,50,1300
Çanakkale Onsekiz Mart Üniversitesi,İstatistik,Çanakkale,SAY,426.53,437.21,60,60,1596
Çanakkale Onsekiz Mart Üniversitesi,Biyoloji,Çanakkale,SAY,413.82,429.61,50,50,5505
Çanakkale Onsekiz Mart Üniversitesi,Moleküler Biyoloji ve Genetik,Çanakkale,SAY,436.47,451.91,30,30,1040
Çanakkale Onsekiz Mart Üniversitesi,Veteriner,Çanakkale,SAY,446.15,460.61,40,40,607
Çanakkale Onsekiz Mart Üniversitesi,Hemşirelik,Çanakkale,SAY,421.25,433.9,70,70,2333
Çanakkale Onsekiz Mart Üniversitesi,Ebelik,Çanakkale,SAY,408.78,417.04,30,30,12833
Çanakkale Onsekiz Mart Üniversitesi,Fizyoterapi ve Rehabilitasyon,Çanakkale,SAY,433.19,441.82,40,40,957
Çanakkale Onsekiz Mart Üniversitesi,Beslenme ve Diyetetik,Çanakkale,SAY,423.15,435.18,40,40,2144
Çanakkale Onsekiz Mart Üniversitesi,Şehir ve Bölge Planlama,Çanakkale,SAY,429.71,443.57,40,40,1478
Çanakkale Onsekiz Mart Üniversitesi,Peyzaj Mimarlığı,Çanakkale,SAY,413.11,424.89,30,30,5882
Çanakkale Onsekiz Mart Üniversitesi,Orman Mühendisliği,Çanakkale,SAY,405.42,420.11,30,30,26860
Çanakkale Onsekiz Mart Üniversitesi,Ziraat Mühendisliği,Çanakkale,SAY,401.66,415.8,50,50,230987
Çanakkale Onsekiz Mart Üniversitesi,Tarım Ekonomisi,Çanakkale,SAY,397.49,406.41,40,40,922313
Çanakkale Onsekiz Mart Üniversitesi,İşletme,Çanakkale,EA,447.78,458.68,80,80,543
Çanakkale Onsekiz Mart Üniversitesi,İktisat,Çanakkale,EA,443.49,456.72,70,70,695
Çanakkale Onsekiz Mart Üniversitesi,Maliye,Çanakkale,EA,431.51,444.06,50,50,1322
Çanakkale Onsekiz Mart Üniversitesi,Kamu Yönetimi,Çanakkale,EA,427.73,441.94,60,60,1473
Çanakkale Onsekiz Mart Üniversitesi,Uluslararası İlişkiler,Çanakkale,EA,446.03,456.11,50,50,570
Çanakkale Onsekiz Mart Üniversitesi,Siyaset Bilimi ve Kamu Yönetimi,Çanakkale,EA,436.69,448.06,60,60,1048
Çanakkale Onsekiz Mart Üniversitesi,Çalışma Ekonomisi ve Endüstri İlişkileri,Çanakkale,EA,423.8,437.98,40,40,2235
Çanakkale Onsekiz Mart Üniversitesi,Uluslararası Ticaret ve Lojistik,Çanakkale,EA,427.29,436.26,60,60,1449
Çanakkale Onsekiz Mart Üniversitesi,Bankacılık ve Finans,Çanakkale,EA,436.38,450.32,40,40,825
Çanakkale Onsekiz Mart Üniversitesi,Muhasebe ve Finansal Yönetim,Çanakkale,EA,420.79,434.31,50,50,2920
Çanakkale Onsekiz Mart Üniversitesi,Turizm İşletmeciliği,Çanakkale,EA,411.7,427.05,50,50,8037
Çanakkale Onsekiz Mart Üniversitesi,Gastronomi ve Mutfak Sanatları,Çanakkale,EA,402.61,415.07,30,30,113494
Çanakkale Onsekiz Mart Üniversitesi,Sosyoloji,Çanakkale,EA,418.18,433.37,60,60,3330
Çanakkale Onsekiz Mart Üniversitesi,Psikoloji,Çanakkale,EA,451.16,459.52,50,50,539
Çanakkale Onsekiz Mart Üniversitesi,Tarih,Çanakkale,EA,409.19,420.46,60,60,10903
Çanakkale Onsekiz Mart Üniversitesi,Coğrafya,Çanakkale,EA,396.54,408.36,30,30,890380
Çanakkale Onsekiz Mart Üniversitesi,Felsefe,Çanakkale,EA,415.6,430.93,30,30,4829
Çanakkale Onsekiz Mart Üniversitesi,Arkeoloji,Çanakkale,EA,409.17,421.92,40,40,10680
Çanakkale Onsekiz Mart Üniversitesi,Sanat Tarihi,Çanakkale,EA,402.48,413.99,40,40,117291
Çanakkale Onsekiz Mart Üniversitesi,Sosyal Hizmet,Çanakkale,EA,418.47,427.25,50,50,2959
Çanakkale Onsekiz Mart Üniversitesi,Türk Dili ve Edebiyatı,Çanakkale,SÖZ,416.18,431.36,60,60,4094
Çanakkale Onsekiz Mart Üniversitesi,Türk Dili ve Edebiyatı Öğretmenliği,Çanakkale,SÖZ,420.76,431.34,30,30,2414
Çanakkale Onsekiz Mart Üniversitesi,İngilizce Öğretmenliği,Çanakkale,SÖZ,425.36,439.87,40,40,1906
Çanakkale Onsekiz Mart Üniversitesi,Almanca Öğretmenliği,Çanakkale,SÖZ,407.76,419.91,30,30,15348
Çanakkale Onsekiz Mart Üniversitesi,Fransızca Öğretmenliği,Çanakkale,SÖZ,404.4,414.68,20,20,36910
Çanakkale Onsekiz Mart Üniversitesi,Rehberlik ve Psikolojik Danışmanlık,Çanakkale,SÖZ,431.63,446.71,40,40,1120
Çanakkale Onsekiz Mart Üniversitesi,Okul Öncesi Öğretmenliği,Çanakkale,SÖZ,418.73,432.76,60,60,3464
Çanakkale Onsekiz Mart Üniversitesi,Sınıf Öğretmenliği,Çanakkale,SÖZ,419.05,428.7,60,60,3282
Çanakkale Onsekiz Mart Üniversitesi,İlahiyat,Çanakkale,SÖZ,400.36,415.58,80,80,4294697
Çanakkale Onsekiz Mart Üniversitesi,Arap Dili ve Edebiyatı,Çanakkale,SÖZ,397.79,405.84,30,30,1099750
Çanakkale Onsekiz Mart Üniversitesi,İngiliz Dili ve Edebiyatı,Çanakkale,SÖZ,421.22,436.75,40,40,2506
Çanakkale Onsekiz Mart Üniversitesi,Fransız Dili ve Edebiyatı,Çanakkale,SÖZ,405.13,419.78,20,20,29672
Çanakkale Onsekiz Mart Üniversitesi,Alman Dili ve Edebiyatı,Çanakkale,SÖZ,404.44,419.2,20,20,40323
Çanakkale Onsekiz Mart Üniversitesi,Japon Dili ve Edebiyatı,Çanakkale,SÖZ,410.78,425.7,30,30,9534
Çanakkale Onsekiz Mart Üniversitesi,Çin Dili ve Edebiyatı,Çanakkale,SÖZ,407.2,418.03,30,30,15007
Çanakkale Onsekiz Mart Üniversitesi,Gazetecilik,Çanakkale,SÖZ,419.86,430.48,50,50,2770
Çanakkale Onsekiz Mart Üniversitesi,Radyo Televizyon ve Sinema,Çanakkale,SÖZ,416.58,428.68,60,60,4145
Çanakkale Onsekiz Mart Üniversitesi,Halkla İlişkiler ve Tanıtım,Çanakkale,SÖZ,411.09,426.49,70,70,7735
Çanakkale Onsekiz Mart Üniversitesi,İletişim Tasarımı,Çanakkale,SÖZ,415.77,426.31,40,40,4616
Trakya Üniversitesi,Bilgisayar Mühendisliği,Edirne,SAY,474.77,483.06,60,60,264
Trakya Üniversitesi,Elektrik-Elektronik Mühendisliği,Edirne,SAY,464.02,475.03,80,80,380
Trakya Üniversitesi,Makine Mühendisliği,Edirne,SAY,459.39,468.6,80,80,421
Trakya Üniversitesi,İnşaat Mühendisliği,Edirne,SAY,453.2,462.79,90,90,521
Trakya Üniversitesi,Endüstri Mühendisliği,Edirne,SAY,461.14,475.14,40,40,310
Trakya Üniversitesi,Kimya Mühendisliği,Edirne,SAY,450.35,460.02,50,50,467
Trakya Üniversitesi,Mekatronik Mühendisliği,Edirne,SAY,444.08,455.12,60,60,674
Trakya Üniversitesi,Yazılım Mühendisliği,Edirne,SAY,448.11,461.37,50,50,508
Trakya Üniversitesi,Biyomedikal Mühendisliği,Edirne,SAY,439.39,449.73,40,40,802
Trakya Üniversitesi,Çevre Mühendisliği,Edirne,SAY,431.35,442.21,50,50,1208
Trakya Üniversitesi,Gıda Mühendisliği,Edirne,SAY,422.47,437.52,50,50,2383
Trakya Üniversitesi,Jeoloji Mühendisliği,Edirne,SAY,418.62,429.22,30,30,3256
Trakya Üniversitesi,Maden Mühendisliği,Edirne,SAY,409.29,419.84,40,40,9598
Trakya Üniversitesi,Metalurji ve Malzeme Mühendisliği,Edirne,SAY,413.43,427.62,40,40,5564
Trakya Üniversitesi,Tekstil Mühendisliği,Edirne,SAY,404.94,416.24,30,30,31148
Trakya Üniversitesi,Fizik,Edirne,SAY,423.04,438.16,40,40,2295
Trakya Üniversitesi,Kimya,Edirne,SAY,420.13,430.22,50,50,2551
Trakya Üniversitesi,Matematik,Edirne,SAY,427.15,438.34,50,50,1769
Trakya Üniversitesi,İstatistik,Edirne,SAY,426.17,436.89,50,50,1843
Trakya Üniversitesi,Biyoloji,Edirne,SAY,413.46,426.04,50,50,5012
Trakya Üniversitesi,Moleküler Biyoloji ve Genetik,Edirne,SAY,439.95,455.53,30,30,811
Trakya Üniversitesi,Tıp,Edirne,SAY,488.43,496.59,80,80,200
Trakya Üniversitesi,Veteriner,Edirne,SAY,443.04,456.68,40,40,771
Trakya Üniversitesi,Hemşirelik,Edirne,SAY,421.52,434.76,70,70,2406
Trakya Üniversitesi,Ebelik,Edirne,SAY,404.99,414.25,40,40,33588
Trakya Üniversitesi,Fizyoterapi ve Rehabilitasyon,Edirne,SAY,428.58,442.99,30,30,1612
Trakya Üniversitesi,Beslenme ve Diyetetik,Edirne,SAY,423.09,436.96,30,30,2386
Trakya Üniversitesi,Şehir ve Bölge Planlama,Edirne,SAY,427.32,442.84,30,30,1371
Trakya Üniversitesi,Peyzaj Mimarlığı,Edirne,SAY,415.71,424.97,30,30,3965
Trakya Üniversitesi,Orman Mühendisliği,Edirne,SAY,408.43,418.41,30,30,12048
Trakya Üniversitesi,Ziraat Mühendisliği,Edirne,SAY,404.9,418.14,60,60,30539
Trakya Üniversitesi,Tarım Ekonomisi,Edirne,SAY,394.62,403.3,40,40,872166
Trakya Üniversitesi,İşletme,Edirne,EA,447.07,458.39,90,90,499
Trakya Üniversitesi,İktisat,Edirne,EA,441.63,450.84,80,80,780
Trakya Üniversitesi,Maliye,Edirne,EA,430.17,443.02,50,50,1228
Trakya Üniversitesi,Kamu Yönetimi,Edirne,EA,427.57,435.76,50,50,1428
Trakya Üniversitesi,Uluslararası İlişkiler,Edirne,EA,446.79,460.04,50,50,585
Trakya Üniversitesi,Hukuk,Edirne,EA,456.56,472.3,70,70,427
Trakya Üniversitesi,Siyaset Bilimi ve Kamu Yönetimi,Edirne,EA,441.65,453.92,40,40,673
Trakya Üniversitesi,Çalışma Ekonomisi ve Endüstri İlişkileri,Edirne,EA,422.98,434.13,40,40,2044
Trakya Üniversitesi,Uluslararası Ticaret ve Lojistik,Edirne,EA,427.85,437.64,50,50,1718
Trakya Üniversitesi,Bankacılık ve Finans,Edirne,EA,432.19,443.15,60,60,1180
Trakya Üniversitesi,Muhasebe ve Finansal Yönetim,Edirne,EA,420.19,434.67,50,50,3067
Trakya Üniversitesi,Turizm İşletmeciliği,Edirne,EA,407.52,422.44,50,50,15834
Trakya Üniversitesi,Gastronomi ve Mutfak Sanatları,Edirne,EA,401.05,413.98,40,40,545187
Trakya Üniversitesi,Sosyoloji,Edirne,EA,416.2,426.06,50,50,4310
Trakya Üniversitesi,Psikoloji,Edirne,EA,447.07,457.77,50,50,523
Trakya Üniversitesi,Tarih,Edirne,EA,409.89,421.14,60,60,8261
Trakya Üniversitesi,Coğrafya,Edirne,EA,399.33,413.69,30,30,1013675
Trakya Üniversitesi,Felsefe,Edirne,EA,414.91,425.48,40,40,4923
Trakya Üniversitesi,Arkeoloji,Edirne,EA,408.95,424.89,30,30,10153
Trakya Üniversitesi,Sanat Tarihi,Edirne,EA,404.4,415.41,30,30,44892
Trakya Üniversitesi,Sosyal Hizmet,Edirne,EA,417.29,426.62,70,70,3482
Trakya Üniversitesi,Türk Dili ve Edebiyatı,Edirne,SÖZ,413.03,424.42,60,60,5321
Trakya Üniversitesi,Türk Dili ve Edebiyatı Öğretmenliği,Edirne,SÖZ,421.12,435.11,30,30,2509
Trakya Üniversitesi,İngilizce Öğretmenliği,Edirne,SÖZ,426.28,437.76,40,40,1566
Trakya Üniversitesi,Almanca Öğretmenliği,Edirne,SÖZ,410.56,422.74,20,20,8917
Trakya Üniversitesi,Fransızca Öğretmenliği,Edirne,SÖZ,407.7,416.83,20,20,15327
Trakya Üniversitesi,Rehberlik ve Psikolojik Danışmanlık,Edirne,SÖZ,432.68,446.4,30,30,1134
Trakya Üniversitesi,Okul Öncesi Öğretmenliği,Edirne,SÖZ,415.58,431.07,60,60,4828
Trakya Üniversitesi,Sınıf Öğretmenliği,Edirne,SÖZ,423.31,432.39,60,60,2087
Trakya Üniversitesi,İlahiyat,Edirne,SÖZ,400.26,411.59,60,60,6068383
Trakya Üniversitesi,Arap Dili ve Edebiyatı,Edirne,SÖZ,398.86,409.35,40,40,906301
Trakya Üniversitesi,İngiliz Dili ve Edebiyatı,Edirne,SÖZ,423.23,433.88,30,30,1810
Trakya Üniversitesi,Fransız Dili ve Edebiyatı,Edirne,SÖZ,402.94,413.74,20,20,87652
Trakya Üniversitesi,Alman Dili ve Edebiyatı,Edirne,SÖZ,403.97,419.39,30,30,46764
Trakya Üniversitesi,Japon Dili ve Edebiyatı,Edirne,SÖZ,414.41,427.09,30,30,4638
Trakya Üniversitesi,Çin Dili ve Edebiyatı,Edirne,SÖZ,408.92,418.96,30,30,11824
Trakya Üniversitesi,Gazetecilik,Edirne,SÖZ,415.96,425.18,50,50,4382
Trakya Üniversitesi,Radyo Televizyon ve Sinema,Edirne,SÖZ,414.38,423.2,60,60,5385
Trakya Üniversitesi,Halkla İlişkiler ve Tanıtım,Edirne,SÖZ,413.8,424.44,60,60,5759
Trakya Üniversitesi,İletişim Tasarımı,Edirne,SÖZ,412.66,427.12,40,40,6911
Balıkesir Üniversitesi,Bilgisayar Mühendisliği,Balıkesir,SAY,477.59,486.93,90,90,257
Balıkesir Üniversitesi,Elektrik-Elektronik Mühendisliği,Balıkesir,SAY,468.93,483.36,60,60,262
Balıkesir Üniversitesi,Makine Mühendisliği,Balıkesir,SAY,468.17,478.76,60,60,335
Balıkesir Üniversitesi,İnşaat Mühendisliği,Balıkesir,SAY,459.62,471.14,70,70,400
Balıkesir Üniversitesi,Endüstri Mühendisliği,Balıkesir,SAY,464.1,473.04,50,50,341
Balıkesir Üniversitesi,Kimya Mühendisliği,Balıkesir,SAY,454.31,466.11,60,60,426
Balıkesir Üniversitesi,Mekatronik Mühendisliği,Balıkesir,SAY,450.63,465.7,70,70,565
Balıkesir Üniversitesi,Yazılım Mühendisliği,Balıkesir,SAY,455.85,470.52,60,60,457
Balıkesir Üniversitesi,Biyomedikal Mühendisliği,Balıkesir,SAY,446.26,458.18,40,40,655
Balıkesir Üniversitesi,Çevre Mühendisliği,Balıkesir,SAY,437.15,448.63,40,40,854
Balıkesir Üniversitesi,Gıda Mühendisliği,Balıkesir,SAY,428.71,440.44,60,60,1496
Balıkesir Üniversitesi,Jeoloji Mühendisliği,Balıkesir,SAY,418.7,431.18,40,40,3542
Balıkesir Üniversitesi,Maden Mühendisliği,Balıkesir,SAY,413.34,422.77,30,30,6080
Balıkesir Üniversitesi,Metalurji ve Malzeme Mühendisliği,Balıkesir,SAY,416.43,428.64,30,30,3313
Balıkesir Üniversitesi,Tekstil Mühendisliği,Balıkesir,SAY,407.06,418.01,40,40,16480
Balıkesir Üniversitesi,Fizik,Balıkesir,SAY,428.34,436.61,50,50,1359
Balıkesir Üniversitesi,Kimya,Balıkesir,SAY,420.41,433.97,60,60,2436
Balıkesir Üniversitesi,Matematik,Balıkesir,SAY,435.08,449.67,70,70,1101
Balıkesir Üniversitesi,İstatistik,Balıkesir,SAY,432.5,445.56,50,50,1135
Balıkesir Üniversitesi,Biyoloji,Balıkesir,SAY,420.85,434.85,40,40,2766
Balıkesir Üniversitesi,Moleküler Biyoloji ve Genetik,Balıkesir,SAY,441.25,456.4,40,40,663
Balıkesir Üniversitesi,Tıp,Balıkesir,SAY,495.45,504.5,90,90,159
Balıkesir Üniversitesi,Veteriner,Balıkesir,SAY,447.79,460.89,30,30,494
Balıkesir Üniversitesi,Hemşirelik,Balıkesir,SAY,426.14,442.01,80,80,1531
Balıkesir Üniversitesi,Ebelik,Balıkesir,SAY,408.42,423.12,30,30,14312
Balıkesir Üniversitesi,Fizyoterapi ve Rehabilitasyon,Balıkesir,SAY,436.24,451.49,40,40,960
Balıkesir Üniversitesi,Beslenme ve Diyetetik,Balıkesir,SAY,429.62,445.14,40,40,1306
Balıkesir Üniversitesi,Şehir ve Bölge Planlama,Balıkesir,SAY,436.0,444.52,40,40,1039
Balıkesir Üniversitesi,Peyzaj Mimarlığı,Balıkesir,SAY,421.79,430.46,30,30,2300
Balıkesir Üniversitesi,Orman Mühendisliği,Balıkesir,SAY,409.51,421.55,40,40,9387
Balıkesir Üniversitesi,Ziraat Mühendisliği,Balıkesir,SAY,409.71,417.74,50,50,9345
Balıkesir Üniversitesi,Tarım Ekonomisi,Balıkesir,SAY,399.45,412.0,40,40,1058886
Balıkesir Üniversitesi,İşletme,Balıkesir,EA,450.23,459.16,80,80,456
Balıkesir Üniversitesi,İktisat,Balıkesir,EA,444.01,456.74,80,80,752
Balıkesir Üniversitesi,Maliye,Balıkesir,EA,438.53,448.27,40,40,806
Balıkesir Üniversitesi,Kamu Yönetimi,Balıkesir,EA,433.6,443.57,60,60,1181
Balıkesir Üniversitesi,Uluslararası İlişkiler,Balıkesir,EA,455.59,465.12,50,50,466
Balıkesir Üniversitesi,Siyaset Bilimi ve Kamu Yönetimi,Balıkesir,EA,441.4,455.05,50,50,665
Balıkesir Üniversitesi,Çalışma Ekonomisi ve Endüstri İlişkileri,Balıkesir,EA,426.59,436.4,40,40,1482
Balıkesir Üniversitesi,Uluslararası Ticaret ve Lojistik,Balıkesir,EA,433.04,443.4,50,50,1171
Balıkesir Üniversitesi,Bankacılık ve Finans,Balıkesir,EA,438.56,451.19,60,60,799
Balıkesir Üniversitesi,Muhasebe ve Finansal Yönetim,Balıkesir,EA,425.58,438.63,40,40,1927
Balıkesir Üniversitesi,Turizm İşletmeciliği,Balıkesir,EA,416.06,427.15,50,50,4099
Balıkesir Üniversitesi,Gastronomi ve Mutfak Sanatları,Balıkesir,EA,408.89,419.67,40,40,12848
Balıkesir Üniversitesi,Sosyoloji,Balıkesir,EA,418.66,432.26,60,60,3096
Balıkesir Üniversitesi,Psikoloji,Balıkesir,EA,454.95,463.68,50,50,478
Balıkesir Üniversitesi,Tarih,Balıkesir,EA,413.86,422.11,60,60,4674
Balıkesir Üniversitesi,Coğrafya,Balıkesir,EA,400.34,409.46,30,30,4291963
Balıkesir Üniversitesi,Felsefe,Balıkesir,EA,417.87,430.58,40,40,2876
Balıkesir Üniversitesi,Arkeoloji,Balıkesir,EA,412.1,427.05,30,30,5750
Balıkesir Üniversitesi,Sanat Tarihi,Balıkesir,EA,406.69,419.87,40,40,17253
Balıkesir Üniversitesi,Sosyal Hizmet,Balıkesir,EA,419.26,430.99,40,40,2646
Balıkesir Üniversitesi,Türk Dili ve Edebiyatı,Balıkesir,SÖZ,422.28,433.93,50,50,2299
Balıkesir Üniversitesi,Türk Dili ve Edebiyatı Öğretmenliği,Balıkesir,SÖZ,425.28,439.95,30,30,1658
Balıkesir Üniversitesi,İngilizce Öğretmenliği,Balıkesir,SÖZ,431.28,444.71,40,40,1146
Balıkesir Üniversitesi,Almanca Öğretmenliği,Balıkesir,SÖZ,416.31,430.42,30,30,4416
Balıkesir Üniversitesi,Fransızca Öğretmenliği,Balıkesir,SÖZ,410.85,425.04,20,20,9328
Balıkesir Üniversitesi,Rehberlik ve Psikolojik Danışmanlık,Balıkesir,SÖZ,433.97,446.07,40,40,1185
Balıkesir Üniversitesi,Okul Öncesi Öğretmenliği,Balıkesir,SÖZ,423.21,438.75,70,70,1899
Balıkesir Üniversitesi,Sınıf Öğretmenliği,Balıkesir,SÖZ,427.39,436.43,70,70,1472
Balıkesir Üniversitesi,İlahiyat,Balıkesir,SÖZ,410.5,420.97,80,80,9403
Balıkesir Üniversitesi,Arap Dili ve Edebiyatı,Balıkesir,SÖZ,400.15,409.47,30,30,15514405
Balıkesir Üniversitesi,İngiliz Dili ve Edebiyatı,Balıkesir,SÖZ,430.0,440.41,30,30,1150
Balıkesir Üniversitesi,Fransız Dili ve Edebiyatı,Balıkesir,SÖZ,407.72,416.44,30,30,13989
Balıkesir Üniversitesi,Alman Dili ve Edebiyatı,Balıkesir,SÖZ,409.75,420.74,20,20,9884
Balıkesir Üniversitesi,Japon Dili ve Edebiyatı,Balıkesir,SÖZ,416.6,430.09,30,30,4046
Balıkesir Üniversitesi,Çin Dili ve Edebiyatı,Balıkesir,SÖZ,415.06,429.71,30,30,4831
Balıkesir Üniversitesi,Gazetecilik,Balıkesir,SÖZ,420.72,429.75,50,50,2764
Balıkesir Üniversitesi,Radyo Televizyon ve Sinema,Balıkesir,SÖZ,422.06,437.24,60,60,2508
Balıkesir Üniversitesi,Halkla İlişkiler ve Tanıtım,Balıkesir,SÖZ,416.33,427.48,50,50,3427
Balıkesir Üniversitesi,İletişim Tasarımı,Balıkesir,SÖZ,420.04,432.73,40,40,2493
Karabük Üniversitesi,Bilgisayar Mühendisliği,Karabük,SAY,463.61,474.56,90,90,323
Karabük Üniversitesi,Elektrik-Elektronik Mühendisliği,Karabük,SAY,456.5,470.51,80,80,473
Karabük Üniversitesi,Makine Mühendisliği,Karabük,SAY,450,459.5,70,70,478
Karabük Üniversitesi,İnşaat Mühendisliği,Karabük,SAY,445,458.23,70,70,619
Karabük Üniversitesi,Endüstri Mühendisliği,Karabük,SAY,448.12,462.69,70,70,483
Karabük Üniversitesi,Kimya Mühendisliği,Karabük,SAY,440,449.31,60,60,826
Karabük Üniversitesi,Mekatronik Mühendisliği,Karabük,SAY,438,446.66,50,50,908
Karabük Üniversitesi,Yazılım Mühendisliği,Karabük,SAY,442,456.43,50,50,612
Karabük Üniversitesi,Biyomedikal Mühendisliği,Karabük,SAY,435,446.07,30,30,983
Karabük Üniversitesi,Çevre Mühendisliği,Karabük,SAY,428,439.21,50,50,1611
Karabük Üniversitesi,Gıda Mühendisliği,Karabük,SAY,420,433.07,60,60,2814
Karabük Üniversitesi,Jeoloji Mühendisliği,Karabük,SAY,412,422.98,30,30,6793
Karabük Üniversitesi,Maden Mühendisliği,Karabük,SAY,405,415.92,40,40,35949
Karabük Üniversitesi,Metalurji ve Malzeme Mühendisliği,Karabük,SAY,408,419.07,30,30,14953
Karabük Üniversitesi,Tekstil Mühendisliği,Karabük,SAY,400,415.47,30,30,1027044
Karabük Üniversitesi,Fizik,Karabük,SAY,418,431.82,40,40,3256
Karabük Üniversitesi,Kimya,Karabük,SAY,413,421.97,50,50,5910
Karabük Üniversitesi,Matematik,Karabük,SAY,422,435.49,50,50,2129
Karabük Üniversitesi,İstatistik,Karabük,SAY,420,434.55,50,50,2765
Karabük Üniversitesi,Biyoloji,Karabük,SAY,410,418.14,60,60,9008
Karabük Üniversitesi,Moleküler Biyoloji ve Genetik,Karabük,SAY,433,443.86,40,40,953
Karabük Üniversitesi,Veteriner,Karabük,SAY,438,446.67,40,40,755
Karabük Üniversitesi,Hemşirelik,Karabük,SAY,415,426.45,90,90,4273
Karabük Üniversitesi,Ebelik,Karabük,SAY,402,411.95,40,40,189133
Karabük Üniversitesi,Fizyoterapi ve Rehabilitasyon,Karabük,SAY,425,437.19,30,30,1804
Karabük Üniversitesi,Beslenme ve Diyetetik,Karabük,SAY,420,429.17,40,40,3120
Karabük Üniversitesi,Şehir ve Bölge Planlama,Karabük,SAY,425,436.06,30,30,2090
Karabük Üniversitesi,Peyzaj Mimarlığı,Karabük,SAY,412,425.99,30,30,6688
Karabük Üniversitesi,Orman Mühendisliği,Karabük,SAY,402,412.05,40,40,180207
Karabük Üniversitesi,Ziraat Mühendisliği,Karabük,SAY,398,409.47,50,50,884926
Karabük Üniversitesi,Tarım Ekonomisi,Karabük,SAY,390,400.43,40,40,1004210
Karabük Üniversitesi,İşletme,Karabük,EA,438,452.39,70,70,827
Karabük Üniversitesi,İktisat,Karabük,EA,435,446.5,80,80,1070
Karabük Üniversitesi,Maliye,Karabük,EA,428,441.37,60,60,1536
Karabük Üniversitesi,Kamu Yönetimi,Karabük,EA,422,432.18,40,40,2235
Karabük Üniversitesi,Uluslararası İlişkiler,Karabük,EA,442,451.04,60,60,667
Karabük Üniversitesi,Siyaset Bilimi ve Kamu Yönetimi,Karabük,EA,433,443.55,40,40,1015
Karabük Üniversitesi,Çalışma Ekonomisi ve Endüstri İlişkileri,Karabük,EA,418,426.51,40,40,3090
Karabük Üniversitesi,Uluslararası Ticaret ve Lojistik,Karabük,EA,425,437.7,50,50,1900
Karabük Üniversitesi,Bankacılık ve Finans,Karabük,EA,428,443.44,50,50,1272
Karabük Üniversitesi,Muhasebe ve Finansal Yönetim,Karabük,EA,415,426.56,60,60,4530
Karabük Üniversitesi,Turizm İşletmeciliği,Karabük,EA,405,418.58,50,50,34831
Karabük Üniversitesi,Gastronomi ve Mutfak Sanatları,Karabük,EA,398,412.82,40,40,1140315
Karabük Üniversitesi,Sosyoloji,Karabük,EA,412,422.76,70,70,6247
Karabük Üniversitesi,Psikoloji,Karabük,EA,442,452.33,60,60,678
Karabük Üniversitesi,Tarih,Karabük,EA,405,418.0,50,50,29802
Karabük Üniversitesi,Coğrafya,Karabük,EA,392,407.97,40,40,857021
Karabük Üniversitesi,Felsefe,Karabük,EA,410,421.93,40,40,8752
Karabük Üniversitesi,Arkeoloji,Karabük,EA,402,414.86,30,30,190378
Karabük Üniversitesi,Sanat Tarihi,Karabük,EA,398,413.94,30,30,1021222
Karabük Üniversitesi,Sosyal Hizmet,Karabük,EA,412,426.22,50,50,7329
Karabük Üniversitesi,Türk Dili ve Edebiyatı,Karabük,SÖZ,412,426.01,60,60,6679
Karabük Üniversitesi,Türk Dili ve Edebiyatı Öğretmenliği,Karabük,SÖZ,415,425.91,40,40,4040
Karabük Üniversitesi,İngilizce Öğretmenliği,Karabük,SÖZ,422,436.09,40,40,2174
Karabük Üniversitesi,Almanca Öğretmenliği,Karabük,SÖZ,405,419.87,20,20,33061
Karabük Üniversitesi,Fransızca Öğretmenliği,Karabük,SÖZ,402,413.6,20,20,194216
Karabük Üniversitesi,Rehberlik ve Psikolojik Danışmanlık,Karabük,SÖZ,428,440.26,30,30,1415
Karabük Üniversitesi,Okul Öncesi Öğretmenliği,Karabük,SÖZ,412,427.26,60,60,6608
Karabük Üniversitesi,Sınıf Öğretmenliği,Karabük,SÖZ,415,426.28,60,60,4770
Karabük Üniversitesi,İlahiyat,Karabük,SÖZ,398,410.96,80,80,1149671
Karabük Üniversitesi,Arap Dili ve Edebiyatı,Karabük,SÖZ,390,405.56,30,30,947505
Karabük Üniversitesi,İngiliz Dili ve Edebiyatı,Karabük,SÖZ,418,429.78,30,30,2895
Karabük Üniversitesi,Fransız Dili ve Edebiyatı,Karabük,SÖZ,400,415.07,30,30,1046233
Karabük Üniversitesi,Alman Dili ve Edebiyatı,Karabük,SÖZ,398,412.8,20,20,898412
Karabük Üniversitesi,Japon Dili ve Edebiyatı,Karabük,SÖZ,408,417.4,30,30,16072
Karabük Üniversitesi,Çin Dili ve Edebiyatı,Karabük,SÖZ,405,415.34,20,20,37031
Karabük Üniversitesi,Gazetecilik,Karabük,SÖZ,413,422.96,70,70,6112
Karabük Üniversitesi,Radyo Televizyon ve Sinema,Karabük,SÖZ,412,427.78,50,50,6848
Karabük Üniversitesi,Halkla İlişkiler ve Tanıtım,Karabük,SÖZ,408,418.65,50,50,15999
Karabük Üniversitesi,İletişim Tasarımı,Karabük,SÖZ,410,425.7,30,30,8102
Zonguldak Bülent Ecevit Üniversitesi,Bilgisayar Mühendisliği,Zonguldak,SAY,463.06,478.0,90,90,396
Zonguldak Bülent Ecevit Üniversitesi,Elektrik-Elektronik Mühendisliği,Zonguldak,SAY,455,466.34,80,80,410
Zonguldak Bülent Ecevit Üniversitesi,Makine Mühendisliği,Zonguldak,SAY,450,464.21,80,80,547
Zonguldak Bülent Ecevit Üniversitesi,İnşaat Mühendisliği,Zonguldak,SAY,445,456.85,70,70,676
Zonguldak Bülent Ecevit Üniversitesi,Endüstri Mühendisliği,Zonguldak,SAY,448.19,462.77,50,50,605
Zonguldak Bülent Ecevit Üniversitesi,Kimya Mühendisliği,Zonguldak,SAY,441.3,453.39,50,50,773
Zonguldak Bülent Ecevit Üniversitesi,Mekatronik Mühendisliği,Zonguldak,SAY,438,447.17,60,60,798
Zonguldak Bülent Ecevit Üniversitesi,Yazılım Mühendisliği,Zonguldak,SAY,442,450.89,50,50,646
Zonguldak Bülent Ecevit Üniversitesi,Biyomedikal Mühendisliği,Zonguldak,SAY,435,450.3,30,30,1085
Zonguldak Bülent Ecevit Üniversitesi,Çevre Mühendisliği,Zonguldak,SAY,428,441.14,60,60,1299
Zonguldak Bülent Ecevit Üniversitesi,Gıda Mühendisliği,Zonguldak,SAY,420,429.96,50,50,2533
Zonguldak Bülent Ecevit Üniversitesi,Jeoloji Mühendisliği,Zonguldak,SAY,412,426.3,40,40,7257
Zonguldak Bülent Ecevit Üniversitesi,Maden Mühendisliği,Zonguldak,SAY,405,419.09,30,30,29616
Zonguldak Bülent Ecevit Üniversitesi,Metalurji ve Malzeme Mühendisliği,Zonguldak,SAY,408,418.97,30,30,13623
Zonguldak Bülent Ecevit Üniversitesi,Tekstil Mühendisliği,Zonguldak,SAY,400,409.27,30,30,1040167
Zonguldak Bülent Ecevit Üniversitesi,Fizik,Zonguldak,SAY,418,428.36,60,60,3542
Zonguldak Bülent Ecevit Üniversitesi,Kimya,Zonguldak,SAY,413,423.34,60,60,5723
Zonguldak Bülent Ecevit Üniversitesi,Matematik,Zonguldak,SAY,422,431.69,60,60,2164
Zonguldak Bülent Ecevit Üniversitesi,İstatistik,Zonguldak,SAY,420,433.77,70,70,2931
Zonguldak Bülent Ecevit Üniversitesi,Biyoloji,Zonguldak,SAY,410,422.95,50,50,8568
Zonguldak Bülent Ecevit Üniversitesi,Moleküler Biyoloji ve Genetik,Zonguldak,SAY,433,447.82,30,30,1046
Zonguldak Bülent Ecevit Üniversitesi,Veteriner,Zonguldak,SAY,438,449.88,40,40,774
Zonguldak Bülent Ecevit Üniversitesi,Hemşirelik,Zonguldak,SAY,415,430.18,90,90,3915
Zonguldak Bülent Ecevit Üniversitesi,Ebelik,Zonguldak,SAY,402,412.47,30,30,158053
Zonguldak Bülent Ecevit Üniversitesi,Fizyoterapi ve Rehabilitasyon,Zonguldak,SAY,425,439.31,30,30,1909
Zonguldak Bülent Ecevit Üniversitesi,Beslenme ve Diyetetik,Zonguldak,SAY,420,435.3,40,40,3062
Zonguldak Bülent Ecevit Üniversitesi,Şehir ve Bölge Planlama,Zonguldak,SAY,425,439.26,30,30,1840
Zonguldak Bülent Ecevit Üniversitesi,Peyzaj Mimarlığı,Zonguldak,SAY,412,425.31,30,30,6639
Zonguldak Bülent Ecevit Üniversitesi,Orman Mühendisliği,Zonguldak,SAY,402,410.54,40,40,175058
Zonguldak Bülent Ecevit Üniversitesi,Ziraat Mühendisliği,Zonguldak,SAY,398,412.98,40,40,1141130
Zonguldak Bülent Ecevit Üniversitesi,Tarım Ekonomisi,Zonguldak,SAY,390,399.98,40,40,926820
Zonguldak Bülent Ecevit Üniversitesi,İşletme,Zonguldak,EA,438,451.21,80,80,794
Zonguldak Bülent Ecevit Üniversitesi,İktisat,Zonguldak,EA,435,443.32,80,80,1029
Zonguldak Bülent Ecevit Üniversitesi,Maliye,Zonguldak,EA,428,437.52,40,40,1637
Zonguldak Bülent Ecevit Üniversitesi,Kamu Yönetimi,Zonguldak,EA,422,434.18,50,50,1996
Zonguldak Bülent Ecevit Üniversitesi,Uluslararası İlişkiler,Zonguldak,EA,442,454.65,60,60,710
Zonguldak Bülent Ecevit Üniversitesi,Siyaset Bilimi ve Kamu Yönetimi,Zonguldak,EA,433,443.55,50,50,1152
Zonguldak Bülent Ecevit Üniversitesi,Çalışma Ekonomisi ve Endüstri İlişkileri,Zonguldak,EA,418,426.67,40,40,3001
Zonguldak Bülent Ecevit Üniversitesi,Uluslararası Ticaret ve Lojistik,Zonguldak,EA,425,436.9,60,60,1864
Zonguldak Bülent Ecevit Üniversitesi,Bankacılık ve Finans,Zonguldak,EA,428,436.89,60,60,1662
Zonguldak Bülent Ecevit Üniversitesi,Muhasebe ve Finansal Yönetim,Zonguldak,EA,415,429.45,50,50,4740
Zonguldak Bülent Ecevit Üniversitesi,Turizm İşletmeciliği,Zonguldak,EA,405,419.04,50,50,34119
Zonguldak Bülent Ecevit Üniversitesi,Gastronomi ve Mutfak Sanatları,Zonguldak,EA,398,410.06,40,40,1004259
Zonguldak Bülent Ecevit Üniversitesi,Sosyoloji,Zonguldak,EA,412,426.94,50,50,6332
Zonguldak Bülent Ecevit Üniversitesi,Psikoloji,Zonguldak,EA,442,452.47,70,70,705
Zonguldak Bülent Ecevit Üniversitesi,Tarih,Zonguldak,EA,405,416.9,70,70,31317
Zonguldak Bülent Ecevit Üniversitesi,Coğrafya,Zonguldak,EA,392,401.31,30,30,869666
Zonguldak Bülent Ecevit Üniversitesi,Felsefe,Zonguldak,EA,410,425.4,40,40,9346
Zonguldak Bülent Ecevit Üniversitesi,Arkeoloji,Zonguldak,EA,402,411.46,40,40,186715
Zonguldak Bülent Ecevit Üniversitesi,Sanat Tarihi,Zonguldak,EA,398,410.01,40,40,946003
Zonguldak Bülent Ecevit Üniversitesi,Sosyal Hizmet,Zonguldak,EA,412,422.4,60,60,7073
Zonguldak Bülent Ecevit Üniversitesi,Türk Dili ve Edebiyatı,Zonguldak,SÖZ,412,421.25,60,60,7395
Zonguldak Bülent Ecevit Üniversitesi,Türk Dili ve Edebiyatı Öğretmenliği,Zonguldak,SÖZ,415,427.88,40,40,4111
Zonguldak Bülent Ecevit Üniversitesi,İngilizce Öğretmenliği,Zonguldak,SÖZ,422,435.23,40,40,2499
Zonguldak Bülent Ecevit Üniversitesi,Almanca Öğretmenliği,Zonguldak,SÖZ,405,420.46,30,30,32834
Zonguldak Bülent Ecevit Üniversitesi,Fransızca Öğretmenliği,Zonguldak,SÖZ,402,411.16,20,20,163708
Zonguldak Bülent Ecevit Üniversitesi,Rehberlik ve Psikolojik Danışmanlık,Zonguldak,SÖZ,428,439.6,30,30,1456
Zonguldak Bülent Ecevit Üniversitesi,Okul Öncesi Öğretmenliği,Zonguldak,SÖZ,412,426.1,70,70,6650
Zonguldak Bülent Ecevit Üniversitesi,Sınıf Öğretmenliği,Zonguldak,SÖZ,415,429.44,60,60,5236
Zonguldak Bülent Ecevit Üniversitesi,İlahiyat,Zonguldak,SÖZ,398,411.63,80,80,912581
Zonguldak Bülent Ecevit Üniversitesi,Arap Dili ve Edebiyatı,Zonguldak,SÖZ,390,400.99,40,40,946552
Zonguldak Bülent Ecevit Üniversitesi,İngiliz Dili ve Edebiyatı,Zonguldak,SÖZ,418,430.48,30,30,3003
Zonguldak Bülent Ecevit Üniversitesi,Fransız Dili ve Edebiyatı,Zonguldak,SÖZ,400,414.85,20,20,882049
Zonguldak Bülent Ecevit Üniversitesi,Alman Dili ve Edebiyatı,Zonguldak,SÖZ,398,409.84,20,20,1066378
Zonguldak Bülent Ecevit Üniversitesi,Japon Dili ve Edebiyatı,Zonguldak,SÖZ,408,416.37,30,30,14888
Zonguldak Bülent Ecevit Üniversitesi,Çin Dili ve Edebiyatı,Zonguldak,SÖZ,405,416.9,30,30,30928
Zonguldak Bülent Ecevit Üniversitesi,Gazetecilik,Zonguldak,SÖZ,413,421.81,50,50,6177
Zonguldak Bülent Ecevit Üniversitesi,Radyo Televizyon ve Sinema,Zonguldak,SÖZ,412,427.39,50,50,6048
Zonguldak Bülent Ecevit Üniversitesi,Halkla İlişkiler ve Tanıtım,Zonguldak,SÖZ,408,418.6,50,50,15382
Zonguldak Bülent Ecevit Üniversitesi,İletişim Tasarımı,Zonguldak,SÖZ,410,419.2,30,30,8935
Kastamonu Üniversitesi,Bilgisayar Mühendisliği,Kastamonu,SAY,460,469.96,80,80,385
Kastamonu Üniversitesi,Elektrik-Elektronik Mühendisliği,Kastamonu,SAY,455,467.25,60,60,414
Kastamonu Üniversitesi,Makine Mühendisliği,Kastamonu,SAY,450,458.54,80,80,568
Kastamonu Üniversitesi,İnşaat Mühendisliği,Kastamonu,SAY,445,459.83,70,70,711
Kastamonu Üniversitesi,Endüstri Mühendisliği,Kastamonu,SAY,448,457.47,50,50,558
Kastamonu Üniversitesi,Kimya Mühendisliği,Kastamonu,SAY,440,453.42,50,50,831
Kastamonu Üniversitesi,Mekatronik Mühendisliği,Kastamonu,SAY,438,446.19,50,50,761
Kastamonu Üniversitesi,Yazılım Mühendisliği,Kastamonu,SAY,442,453.89,60,60,620
Kastamonu Üniversitesi,Biyomedikal Mühendisliği,Kastamonu,SAY,435,447.1,30,30,852
Kastamonu Üniversitesi,Çevre Mühendisliği,Kastamonu,SAY,428,440.03,60,60,1623
Kastamonu Üniversitesi,Gıda Mühendisliği,Kastamonu,SAY,420,432.6,60,60,2840
Kastamonu Üniversitesi,Jeoloji Mühendisliği,Kastamonu,SAY,412,427.79,40,40,7424
Kastamonu Üniversitesi,Maden Mühendisliği,Kastamonu,SAY,405,419.77,40,40,29017
Kastamonu Üniversitesi,Metalurji ve Malzeme Mühendisliği,Kastamonu,SAY,408,423.94,40,40,15282
Kastamonu Üniversitesi,Tekstil Mühendisliği,Kastamonu,SAY,400,410.21,40,40,985385
Kastamonu Üniversitesi,Fizik,Kastamonu,SAY,418,431.2,60,60,2878
Kastamonu Üniversitesi,Kimya,Kastamonu,SAY,413,425.22,60,60,6271
Kastamonu Üniversitesi,Matematik,Kastamonu,SAY,422,430.17,40,40,2351
Kastamonu Üniversitesi,İstatistik,Kastamonu,SAY,420,428.15,50,50,2504
Kastamonu Üniversitesi,Biyoloji,Kastamonu,SAY,410,419.78,50,50,10006
Kastamonu Üniversitesi,Moleküler Biyoloji ve Genetik,Kastamonu,SAY,433,446.32,40,40,1197
Kastamonu Üniversitesi,Veteriner,Kastamonu,SAY,438,453.04,30,30,954
Kastamonu Üniversitesi,Hemşirelik,Kastamonu,SAY,415,424.65,60,60,4145
Kastamonu Üniversitesi,Ebelik,Kastamonu,SAY,402,416.76,40,40,186749
Kastamonu Üniversitesi,Fizyoterapi ve Rehabilitasyon,Kastamonu,SAY,425,435.62,30,30,1725
Kastamonu Üniversitesi,Beslenme ve Diyetetik,Kastamonu,SAY,420,430.42,30,30,2667
Kastamonu Üniversitesi,Şehir ve Bölge Planlama,Kastamonu,SAY,425,434.74,30,30,1747
Kastamonu Üniversitesi,Peyzaj Mimarlığı,Kastamonu,SAY,412,423.52,30,30,7534
Kastamonu Üniversitesi,Orman Mühendisliği,Kastamonu,SAY,402,415.95,30,30,184705
Kastamonu Üniversitesi,Ziraat Mühendisliği,Kastamonu,SAY,398,409.19,50,50,911688
Kastamonu Üniversitesi,Tarım Ekonomisi,Kastamonu,SAY,390,398.74,40,40,902528
Kastamonu Üniversitesi,İşletme,Kastamonu,EA,438,446.97,60,60,926
Kastamonu Üniversitesi,İktisat,Kastamonu,EA,435,447.84,70,70,1071
Kastamonu Üniversitesi,Maliye,Kastamonu,EA,428,443.88,50,50,1624
Kastamonu Üniversitesi,Kamu Yönetimi,Kastamonu,EA,422,430.9,40,40,2270
Kastamonu Üniversitesi,Uluslararası İlişkiler,Kastamonu,EA,442,453.2,50,50,795
Kastamonu Üniversitesi,Siyaset Bilimi ve Kamu Yönetimi,Kastamonu,EA,433,447.69,60,60,1086
Kastamonu Üniversitesi,Çalışma Ekonomisi ve Endüstri İlişkileri,Kastamonu,EA,418,434.0,40,40,2889
Kastamonu Üniversitesi,Uluslararası Ticaret ve Lojistik,Kastamonu,EA,425,436.77,50,50,2074
Kastamonu Üniversitesi,Bankacılık ve Finans,Kastamonu,EA,428,438.59,50,50,1329
Kastamonu Üniversitesi,Muhasebe ve Finansal Yönetim,Kastamonu,EA,415,424.02,60,60,4109
Kastamonu Üniversitesi,Turizm İşletmeciliği,Kastamonu,EA,405,413.49,60,60,36116
Kastamonu Üniversitesi,Gastronomi ve Mutfak Sanatları,Kastamonu,EA,398,408.97,30,30,974461
Kastamonu Üniversitesi,Sosyoloji,Kastamonu,EA,412,427.49,60,60,7803
Kastamonu Üniversitesi,Psikoloji,Kastamonu,EA,442,451.45,50,50,799
Kastamonu Üniversitesi,Tarih,Kastamonu,EA,405,416.98,60,60,31186
Kastamonu Üniversitesi,Coğrafya,Kastamonu,EA,392,402.12,40,40,946320
Kastamonu Üniversitesi,Felsefe,Kastamonu,EA,410,425.11,40,40,8180
Kastamonu Üniversitesi,Arkeoloji,Kastamonu,EA,402,410.37,40,40,165947
Kastamonu Üniversitesi,Sanat Tarihi,Kastamonu,EA,398,407.27,40,40,854480
Kastamonu Üniversitesi,Sosyal Hizmet,Kastamonu,EA,412,427.91,50,50,6051
Kastamonu Üniversitesi,Türk Dili ve Edebiyatı,Kastamonu,SÖZ,412,426.85,50,50,6923
Kastamonu Üniversitesi,Türk Dili ve Edebiyatı Öğretmenliği,Kastamonu,SÖZ,415,428.09,30,30,4323
Kastamonu Üniversitesi,İngilizce Öğretmenliği,Kastamonu,SÖZ,422,431.03,30,30,2407
Kastamonu Üniversitesi,Almanca Öğretmenliği,Kastamonu,SÖZ,405,418.73,30,30,32892
Kastamonu Üniversitesi,Fransızca Öğretmenliği,Kastamonu,SÖZ,402,411.57,20,20,157794
Kastamonu Üniversitesi,Rehberlik ve Psikolojik Danışmanlık,Kastamonu,SÖZ,428,437.8,30,30,1303
Kastamonu Üniversitesi,Okul Öncesi Öğretmenliği,Kastamonu,SÖZ,412,427.1,50,50,6036
Kastamonu Üniversitesi,Sınıf Öğretmenliği,Kastamonu,SÖZ,415,428.27,70,70,4347
Kastamonu Üniversitesi,İlahiyat,Kastamonu,SÖZ,398,410.16,90,90,1023149
Kastamonu Üniversitesi,Arap Dili ve Edebiyatı,Kastamonu,SÖZ,390,399.05,40,40,976605
Kastamonu Üniversitesi,İngiliz Dili ve Edebiyatı,Kastamonu,SÖZ,418,433.48,40,40,2839
Kastamonu Üniversitesi,Fransız Dili ve Edebiyatı,Kastamonu,SÖZ,400,408.38,20,20,909367
Kastamonu Üniversitesi,Alman Dili ve Edebiyatı,Kastamonu,SÖZ,398,406.27,20,20,1088430
Kastamonu Üniversitesi,Japon Dili ve Edebiyatı,Kastamonu,SÖZ,408,420.58,20,20,14140
Kastamonu Üniversitesi,Çin Dili ve Edebiyatı,Kastamonu,SÖZ,405,419.54,20,20,33879
Kastamonu Üniversitesi,Gazetecilik,Kastamonu,SÖZ,413,425.97,50,50,6010
Kastamonu Üniversitesi,Radyo Televizyon ve Sinema,Kastamonu,SÖZ,412,426.15,50,50,7718
Kastamonu Üniversitesi,Halkla İlişkiler ve Tanıtım,Kastamonu,SÖZ,408,418.04,50,50,15517
Kastamonu Üniversitesi,İletişim Tasarımı,Kastamonu,SÖZ,410,423.31,30,30,9988
Sinop Üniversitesi,Bilgisayar Mühendisliği,Sinop,SAY,460,468.5,80,80,361
Sinop Üniversitesi,Elektrik-Elektronik Mühendisliği,Sinop,SAY,455,464.01,70,70,405
Sinop Üniversitesi,Makine Mühendisliği,Sinop,SAY,450,462.4,90,90,491
Sinop Üniversitesi,İnşaat Mühendisliği,Sinop,SAY,445,456.49,60,60,726
Sinop Üniversitesi,Endüstri Mühendisliği,Sinop,SAY,448,460.04,70,70,546
Sinop Üniversitesi,Kimya Mühendisliği,Sinop,SAY,440,449.56,50,50,863
Sinop Üniversitesi,Mekatronik Mühendisliği,Sinop,SAY,438,451.87,60,60,822
Sinop Üniversitesi,Yazılım Mühendisliği,Sinop,SAY,442,456.88,60,60,723
Sinop Üniversitesi,Biyomedikal Mühendisliği,Sinop,SAY,435,444.84,40,40,1130
Sinop Üniversitesi,Çevre Mühendisliği,Sinop,SAY,428,436.8,60,60,1340
Sinop Üniversitesi,Gıda Mühendisliği,Sinop,SAY,420,434.75,50,50,2935
Sinop Üniversitesi,Jeoloji Mühendisliği,Sinop,SAY,412,424.88,30,30,7584
Sinop Üniversitesi,Maden Mühendisliği,Sinop,SAY,405,420.59,40,40,31091
Sinop Üniversitesi,Metalurji ve Malzeme Mühendisliği,Sinop,SAY,408,423.15,30,30,14072
Sinop Üniversitesi,Tekstil Mühendisliği,Sinop,SAY,400,408.0,40,40,925397
Sinop Üniversitesi,Fizik,Sinop,SAY,418,433.38,70,70,3413
Sinop Üniversitesi,Kimya,Sinop,SAY,413,424.28,60,60,5295
Sinop Üniversitesi,Matematik,Sinop,SAY,422,436.46,50,50,2611
Sinop Üniversitesi,İstatistik,Sinop,SAY,420,433.17,50,50,2640
Sinop Üniversitesi,Biyoloji,Sinop,SAY,410,418.56,50,50,10830
Sinop Üniversitesi,Moleküler Biyoloji ve Genetik,Sinop,SAY,433,441.99,40,40,1187
Sinop Üniversitesi,Veteriner,Sinop,SAY,438,449.55,40,40,904
Sinop Üniversitesi,Hemşirelik,Sinop,SAY,415,423.94,60,60,4323
Sinop Üniversitesi,Ebelik,Sinop,SAY,402,413.77,30,30,180596
Sinop Üniversitesi,Fizyoterapi ve Rehabilitasyon,Sinop,SAY,425,438.94,30,30,1801
Sinop Üniversitesi,Beslenme ve Diyetetik,Sinop,SAY,420,435.28,30,30,2600
Sinop Üniversitesi,Şehir ve Bölge Planlama,Sinop,SAY,425,436.05,30,30,2041
Sinop Üniversitesi,Peyzaj Mimarlığı,Sinop,SAY,412,424.68,40,40,7620
Sinop Üniversitesi,Orman Mühendisliği,Sinop,SAY,402,416.07,30,30,158069
Sinop Üniversitesi,Ziraat Mühendisliği,Sinop,SAY,398,410.83,50,50,1029713
Sinop Üniversitesi,Tarım Ekonomisi,Sinop,SAY,390,403.32,40,40,1101011
Sinop Üniversitesi,İşletme,Sinop,EA,438,451.1,70,70,954
Sinop Üniversitesi,İktisat,Sinop,EA,435,445.21,80,80,922
Sinop Üniversitesi,Maliye,Sinop,EA,428,442.69,40,40,1705
Sinop Üniversitesi,Kamu Yönetimi,Sinop,EA,422,436.45,50,50,2122
Sinop Üniversitesi,Uluslararası İlişkiler,Sinop,EA,442,455.33,60,60,632
Sinop Üniversitesi,Siyaset Bilimi ve Kamu Yönetimi,Sinop,EA,433,445.49,50,50,1220
Sinop Üniversitesi,Çalışma Ekonomisi ve Endüstri İlişkileri,Sinop,EA,418,433.4,40,40,3184
Sinop Üniversitesi,Uluslararası Ticaret ve Lojistik,Sinop,EA,425,439.35,60,60,2075
Sinop Üniversitesi,Bankacılık ve Finans,Sinop,EA,428,442.11,60,60,1427
Sinop Üniversitesi,Muhasebe ve Finansal Yönetim,Sinop,EA,415,426.37,60,60,4436
Sinop Üniversitesi,Turizm İşletmeciliği,Sinop,EA,405,419.31,60,60,36612
Sinop Üniversitesi,Gastronomi ve Mutfak Sanatları,Sinop,EA,398,413.52,40,40,1093947
Sinop Üniversitesi,Sosyoloji,Sinop,EA,412,425.35,60,60,5873
Sinop Üniversitesi,Psikoloji,Sinop,EA,442,457.57,70,70,631
Sinop Üniversitesi,Tarih,Sinop,EA,405,418.83,50,50,36584
Sinop Üniversitesi,Coğrafya,Sinop,EA,392,402.75,30,30,1142072
Sinop Üniversitesi,Felsefe,Sinop,EA,410,418.38,40,40,9389
Sinop Üniversitesi,Arkeoloji,Sinop,EA,402,416.35,40,40,157281
Sinop Üniversitesi,Sanat Tarihi,Sinop,EA,398,408.58,30,30,970395
Sinop Üniversitesi,Sosyal Hizmet,Sinop,EA,412,426.76,50,50,7580
Sinop Üniversitesi,Türk Dili ve Edebiyatı,Sinop,SÖZ,412,425.92,50,50,7538
Sinop Üniversitesi,Türk Dili ve Edebiyatı Öğretmenliği,Sinop,SÖZ,415,423.81,40,40,4888
Sinop Üniversitesi,İngilizce Öğretmenliği,Sinop,SÖZ,422,433.98,30,30,2083
Sinop Üniversitesi,Almanca Öğretmenliği,Sinop,SÖZ,405,418.66,30,30,31628
Sinop Üniversitesi,Fransızca Öğretmenliği,Sinop,SÖZ,402,416.04,20,20,196046
Sinop Üniversitesi,Rehberlik ve Psikolojik Danışmanlık,Sinop,SÖZ,428,440.65,40,40,1672
Sinop Üniversitesi,Okul Öncesi Öğretmenliği,Sinop,SÖZ,412,426.05,50,50,6926
Sinop Üniversitesi,Sınıf Öğretmenliği,Sinop,SÖZ,415,424.59,60,60,4020
Sinop Üniversitesi,İlahiyat,Sinop,SÖZ,398,409.24,80,80,929010
Sinop Üniversitesi,Arap Dili ve Edebiyatı,Sinop,SÖZ,390,401.17,30,30,1126376
Sinop Üniversitesi,İngiliz Dili ve Edebiyatı,Sinop,SÖZ,418,432.52,30,30,3684
Sinop Üniversitesi,Fransız Dili ve Edebiyatı,Sinop,SÖZ,400,408.66,20,20,1149830
Sinop Üniversitesi,Alman Dili ve Edebiyatı,Sinop,SÖZ,398,410.38,20,20,1050255
Sinop Üniversitesi,Japon Dili ve Edebiyatı,Sinop,SÖZ,408,422.67,20,20,16269
Sinop Üniversitesi,Çin Dili ve Edebiyatı,Sinop,SÖZ,405,418.18,20,20,30291
Sinop Üniversitesi,Gazetecilik,Sinop,SÖZ,413,421.17,60,60,6128
Sinop Üniversitesi,Radyo Televizyon ve Sinema,Sinop,SÖZ,412,424.41,50,50,6987
Sinop Üniversitesi,Halkla İlişkiler ve Tanıtım,Sinop,SÖZ,408,420.65,60,60,14751
Sinop Üniversitesi,İletişim Tasarımı,Sinop,SÖZ,410,423.97,40,40,10098
Giresun Üniversitesi,Bilgisayar Mühendisliği,Giresun,SAY,460,470.11,90,90,362
Giresun Üniversitesi,Elektrik-Elektronik Mühendisliği,Giresun,SAY,455,465.56,90,90,423
Giresun Üniversitesi,Makine Mühendisliği,Giresun,SAY,450,464.88,70,70,600
Giresun Üniversitesi,İnşaat Mühendisliği,Giresun,SAY,445,454.03,80,80,725
Giresun Üniversitesi,Endüstri Mühendisliği,Giresun,SAY,448,459.81,60,60,532
Giresun Üniversitesi,Kimya Mühendisliği,Giresun,SAY,440,453.76,60,60,835
Giresun Üniversitesi,Mekatronik Mühendisliği,Giresun,SAY,438,453.88,60,60,851
Giresun Üniversitesi,Yazılım Mühendisliği,Giresun,SAY,442,454.95,50,50,717
Giresun Üniversitesi,Biyomedikal Mühendisliği,Giresun,SAY,435,444.37,40,40,1014
Giresun Üniversitesi,Çevre Mühendisliği,Giresun,SAY,428,438.78,50,50,1654
Giresun Üniversitesi,Gıda Mühendisliği,Giresun,SAY,420,428.52,60,60,2909
Giresun Üniversitesi,Jeoloji Mühendisliği,Giresun,SAY,412,425.82,30,30,7286
Giresun Üniversitesi,Maden Mühendisliği,Giresun,SAY,405,420.54,30,30,37942
Giresun Üniversitesi,Metalurji ve Malzeme Mühendisliği,Giresun,SAY,408,420.31,30,30,14953
Giresun Üniversitesi,Tekstil Mühendisliği,Giresun,SAY,400,415.01,30,30,1133879
Giresun Üniversitesi,Fizik,Giresun,SAY,418,431.45,40,40,3117
Giresun Üniversitesi,Kimya,Giresun,SAY,413,426.7,50,50,5677
Giresun Üniversitesi,Matematik,Giresun,SAY,422,434.91,60,60,2320
Giresun Üniversitesi,İstatistik,Giresun,SAY,420,429.99,60,60,2813
Giresun Üniversitesi,Biyoloji,Giresun,SAY,410,419.45,50,50,9935
Giresun Üniversitesi,Moleküler Biyoloji ve Genetik,Giresun,SAY,433,441.71,40,40,1256
Giresun Üniversitesi,Veteriner,Giresun,SAY,438,449.1,40,40,836
Giresun Üniversitesi,Hemşirelik,Giresun,SAY,415,425.75,70,70,4027
Giresun Üniversitesi,Ebelik,Giresun,SAY,402,417.03,30,30,172287
Giresun Üniversitesi,Fizyoterapi ve Rehabilitasyon,Giresun,SAY,425,434.81,40,40,2093
Giresun Üniversitesi,Beslenme ve Diyetetik,Giresun,SAY,420,434.01,30,30,2749
Giresun Üniversitesi,Şehir ve Bölge Planlama,Giresun,SAY,425,440.86,30,30,1585
Giresun Üniversitesi,Peyzaj Mimarlığı,Giresun,SAY,412,427.71,30,30,6907
Giresun Üniversitesi,Orman Mühendisliği,Giresun,SAY,402,410.22,40,40,193246
Giresun Üniversitesi,Ziraat Mühendisliği,Giresun,SAY,398,413.65,60,60,906543
Giresun Üniversitesi,Tarım Ekonomisi,Giresun,SAY,390,399.75,40,40,953573
Giresun Üniversitesi,İşletme,Giresun,EA,438,450.8,90,90,879
Giresun Üniversitesi,İktisat,Giresun,EA,435,450.04,60,60,900
Giresun Üniversitesi,Maliye,Giresun,EA,428,436.24,60,60,1283
Giresun Üniversitesi,Kamu Yönetimi,Giresun,EA,422,437.53,50,50,2511
Giresun Üniversitesi,Uluslararası İlişkiler,Giresun,EA,442,452.79,60,60,649
Giresun Üniversitesi,Siyaset Bilimi ve Kamu Yönetimi,Giresun,EA,433,444.98,70,70,1142
Giresun Üniversitesi,Çalışma Ekonomisi ve Endüstri İlişkileri,Giresun,EA,418,433.5,40,40,3725
Giresun Üniversitesi,Uluslararası Ticaret ve Lojistik,Giresun,EA,425,436.58,60,60,1616
Giresun Üniversitesi,Bankacılık ve Finans,Giresun,EA,428,438.93,60,60,1373
Giresun Üniversitesi,Muhasebe ve Finansal Yönetim,Giresun,EA,415,426.23,60,60,4388
Giresun Üniversitesi,Turizm İşletmeciliği,Giresun,EA,405,419.49,60,60,37182
Giresun Üniversitesi,Gastronomi ve Mutfak Sanatları,Giresun,EA,398,406.79,40,40,1005952
Giresun Üniversitesi,Sosyoloji,Giresun,EA,412,424.22,60,60,7002
Giresun Üniversitesi,Psikoloji,Giresun,EA,442,454.37,50,50,653
Giresun Üniversitesi,Tarih,Giresun,EA,405,414.58,50,50,37526
Giresun Üniversitesi,Coğrafya,Giresun,EA,392,400.66,30,30,857149
Giresun Üniversitesi,Felsefe,Giresun,EA,410,422.88,40,40,8955
Giresun Üniversitesi,Arkeoloji,Giresun,EA,402,416.17,40,40,182585
Giresun Üniversitesi,Sanat Tarihi,Giresun,EA,398,413.57,40,40,942135
Giresun Üniversitesi,Sosyal Hizmet,Giresun,EA,412,424.34,60,60,7137
Giresun Üniversitesi,Türk Dili ve Edebiyatı,Giresun,SÖZ,412,420.38,50,50,6443
Giresun Üniversitesi,Türk Dili ve Edebiyatı Öğretmenliği,Giresun,SÖZ,415,423.42,40,40,5030
Giresun Üniversitesi,İngilizce Öğretmenliği,Giresun,SÖZ,422,434.19,30,30,2078
Giresun Üniversitesi,Almanca Öğretmenliği,Giresun,SÖZ,405,420.29,30,30,29126
Giresun Üniversitesi,Fransızca Öğretmenliği,Giresun,SÖZ,402,415.7,20,20,150229
Giresun Üniversitesi,Rehberlik ve Psikolojik Danışmanlık,Giresun,SÖZ,428,441.12,40,40,1273
Giresun Üniversitesi,Okul Öncesi Öğretmenliği,Giresun,SÖZ,412,425.52,40,40,7719
Giresun Üniversitesi,Sınıf Öğretmenliği,Giresun,SÖZ,415,429.51,70,70,5038
Giresun Üniversitesi,İlahiyat,Giresun,SÖZ,398,412.61,90,90,961534
Giresun Üniversitesi,Arap Dili ve Edebiyatı,Giresun,SÖZ,390,399.13,40,40,923851
Giresun Üniversitesi,İngiliz Dili ve Edebiyatı,Giresun,SÖZ,418,429.38,40,40,3370
Giresun Üniversitesi,Fransız Dili ve Edebiyatı,Giresun,SÖZ,400,409.64,30,30,1113603
Giresun Üniversitesi,Alman Dili ve Edebiyatı,Giresun,SÖZ,398,411.52,20,20,974765
Giresun Üniversitesi,Japon Dili ve Edebiyatı,Giresun,SÖZ,408,423.21,20,20,15559
Giresun Üniversitesi,Çin Dili ve Edebiyatı,Giresun,SÖZ,405,418.01,30,30,32074
Giresun Üniversitesi,Gazetecilik,Giresun,SÖZ,413,426.3,60,60,5436
Giresun Üniversitesi,Radyo Televizyon ve Sinema,Giresun,SÖZ,412,427.22,50,50,6824
Giresun Üniversitesi,Halkla İlişkiler ve Tanıtım,Giresun,SÖZ,408,423.55,60,60,13171
Giresun Üniversitesi,İletişim Tasarımı,Giresun,SÖZ,410,421.19,30,30,9612
Ordu Üniversitesi,Bilgisayar Mühendisliği,Ordu,SAY,460,468.87,90,90,333
Ordu Üniversitesi,Elektrik-Elektronik Mühendisliği,Ordu,SAY,455,470.6,70,70,449
Ordu Üniversitesi,Makine Mühendisliği,Ordu,SAY,450,465.96,60,60,519
Ordu Üniversitesi,İnşaat Mühendisliği,Ordu,SAY,445,459.66,80,80,573
Ordu Üniversitesi,Endüstri Mühendisliği,Ordu,SAY,448,457.93,50,50,583
Ordu Üniversitesi,Kimya Mühendisliği,Ordu,SAY,440,452.78,70,70,676
Ordu Üniversitesi,Mekatronik Mühendisliği,Ordu,SAY,438,447.51,50,50,785
Ordu Üniversitesi,Yazılım Mühendisliği,Ordu,SAY,442,457.59,70,70,683
Ordu Üniversitesi,Biyomedikal Mühendisliği,Ordu,SAY,435,445.8,40,40,907
Ordu Üniversitesi,Çevre Mühendisliği,Ordu,SAY,428,437.22,40,40,1396
Ordu Üniversitesi,Gıda Mühendisliği,Ordu,SAY,420,429.55,50,50,2859
Ordu Üniversitesi,Jeoloji Mühendisliği,Ordu,SAY,412,420.56,40,40,6325
Ordu Üniversitesi,Maden Mühendisliği,Ordu,SAY,405,414.15,30,30,37724
Ordu Üniversitesi,Metalurji ve Malzeme Mühendisliği,Ordu,SAY,408,419.28,40,40,14355
Ordu Üniversitesi,Tekstil Mühendisliği,Ordu,SAY,400,415.46,30,30,961110
Ordu Üniversitesi,Fizik,Ordu,SAY,418,427.87,60,60,3183
Ordu Üniversitesi,Kimya,Ordu,SAY,413,427.15,50,50,5252
Ordu Üniversitesi,Matematik,Ordu,SAY,422,434.51,60,60,2006
Ordu Üniversitesi,İstatistik,Ordu,SAY,420,435.5,50,50,2848
Ordu Üniversitesi,Biyoloji,Ordu,SAY,410,421.6,60,60,10216
Ordu Üniversitesi,Moleküler Biyoloji ve Genetik,Ordu,SAY,433,443.76,30,30,1270
Ordu Üniversitesi,Veteriner,Ordu,SAY,438,447.23,30,30,869
Ordu Üniversitesi,Hemşirelik,Ordu,SAY,415,428.1,90,90,4135
Ordu Üniversitesi,Ebelik,Ordu,SAY,402,417.06,30,30,165484
Ordu Üniversitesi,Fizyoterapi ve Rehabilitasyon,Ordu,SAY,425,434.15,40,40,1805
Ordu Üniversitesi,Beslenme ve Diyetetik,Ordu,SAY,420,429.82,40,40,2649
Ordu Üniversitesi,Şehir ve Bölge Planlama,Ordu,SAY,425,440.54,30,30,1783
Ordu Üniversitesi,Peyzaj Mimarlığı,Ordu,SAY,412,423.55,30,30,6618
Ordu Üniversitesi,Orman Mühendisliği,Ordu,SAY,402,413.19,30,30,183847
Ordu Üniversitesi,Ziraat Mühendisliği,Ordu,SAY,398,407.53,60,60,908379
Ordu Üniversitesi,Tarım Ekonomisi,Ordu,SAY,390,402.95,40,40,1120105
Ordu Üniversitesi,İşletme,Ordu,EA,438,449.27,70,70,897
Ordu Üniversitesi,İktisat,Ordu,EA,435,443.87,70,70,1042
Ordu Üniversitesi,Maliye,Ordu,EA,428,442.2,40,40,1545
Ordu Üniversitesi,Kamu Yönetimi,Ordu,EA,422,434.41,50,50,2063
Ordu Üniversitesi,Uluslararası İlişkiler,Ordu,EA,442,451.44,60,60,705
Ordu Üniversitesi,Siyaset Bilimi ve Kamu Yönetimi,Ordu,EA,433,446.34,60,60,1032
Ordu Üniversitesi,Çalışma Ekonomisi ve Endüstri İlişkileri,Ordu,EA,418,427.25,40,40,3203
Ordu Üniversitesi,Uluslararası Ticaret ve Lojistik,Ordu,EA,425,436.29,60,60,1809
Ordu Üniversitesi,Bankacılık ve Finans,Ordu,EA,428,443.45,70,70,1407
Ordu Üniversitesi,Muhasebe ve Finansal Yönetim,Ordu,EA,415,428.88,60,60,5099
Ordu Üniversitesi,Turizm İşletmeciliği,Ordu,EA,405,413.69,60,60,28232
Ordu Üniversitesi,Gastronomi ve Mutfak Sanatları,Ordu,EA,398,412.82,40,40,943987
Ordu Üniversitesi,Sosyoloji,Ordu,EA,412,421.2,60,60,6258
Ordu Üniversitesi,Psikoloji,Ordu,EA,442,457.27,60,60,735
Ordu Üniversitesi,Tarih,Ordu,EA,405,418.63,50,50,31024
Ordu Üniversitesi,Coğrafya,Ordu,EA,392,407.21,30,30,895604
Ordu Üniversitesi,Felsefe,Ordu,EA,410,422.95,40,40,8534
Ordu Üniversitesi,Arkeoloji,Ordu,EA,402,417.87,40,40,182123
Ordu Üniversitesi,Sanat Tarihi,Ordu,EA,398,411.31,30,30,893992
Ordu Üniversitesi,Sosyal Hizmet,Ordu,EA,412,421.08,50,50,6603
Ordu Üniversitesi,Türk Dili ve Edebiyatı,Ordu,SÖZ,412,420.16,60,60,7234
Ordu Üniversitesi,Türk Dili ve Edebiyatı Öğretmenliği,Ordu,SÖZ,415,427.68,40,40,4145
Ordu Üniversitesi,İngilizce Öğretmenliği,Ordu,SÖZ,422,437.57,40,40,2346
Ordu Üniversitesi,Almanca Öğretmenliği,Ordu,SÖZ,405,420.09,20,20,28830
Ordu Üniversitesi,Fransızca Öğretmenliği,Ordu,SÖZ,402,413.15,30,30,154185
Ordu Üniversitesi,Rehberlik ve Psikolojik Danışmanlık,Ordu,SÖZ,428,441.35,30,30,1696
Ordu Üniversitesi,Okul Öncesi Öğretmenliği,Ordu,SÖZ,412,427.59,60,60,5991
Ordu Üniversitesi,Sınıf Öğretmenliği,Ordu,SÖZ,415,423.13,50,50,5120
Ordu Üniversitesi,İlahiyat,Ordu,SÖZ,398,412.81,70,70,907606
Ordu Üniversitesi,Arap Dili ve Edebiyatı,Ordu,SÖZ,390,405.33,40,40,996881
Ordu Üniversitesi,İngiliz Dili ve Edebiyatı,Ordu,SÖZ,418,427.91,30,30,3109
Ordu Üniversitesi,Fransız Dili ve Edebiyatı,Ordu,SÖZ,400,408.32,30,30,1074998
Ordu Üniversitesi,Alman Dili ve Edebiyatı,Ordu,SÖZ,398,406.64,20,20,1015381
Ordu Üniversitesi,Japon Dili ve Edebiyatı,Ordu,SÖZ,408,420.99,20,20,15209
Ordu Üniversitesi,Çin Dili ve Edebiyatı,Ordu,SÖZ,405,420.24,20,20,31921
Ordu Üniversitesi,Gazetecilik,Ordu,SÖZ,413,426.57,60,60,5636
Ordu Üniversitesi,Radyo Televizyon ve Sinema,Ordu,SÖZ,412,426.27,50,50,6657
Ordu Üniversitesi,Halkla İlişkiler ve Tanıtım,Ordu,SÖZ,408,421.75,50,50,14432
Ordu Üniversitesi,İletişim Tasarımı,Ordu,SÖZ,410,425.31,30,30,10703
Rize Recep Tayyip Erdoğan Üniversitesi,Bilgisayar Mühendisliği,Rize,SAY,460,470.55,60,60,377
Rize Recep Tayyip Erdoğan Üniversitesi,Elektrik-Elektronik Mühendisliği,Rize,SAY,455,469.45,60,60,389
Rize Recep Tayyip Erdoğan Üniversitesi,Makine Mühendisliği,Rize,SAY,450,459.23,80,80,571
Rize Recep Tayyip Erdoğan Üniversitesi,İnşaat Mühendisliği,Rize,SAY,445,453.08,80,80,541
Rize Recep Tayyip Erdoğan Üniversitesi,Endüstri Mühendisliği,Rize,SAY,448,460.94,60,60,505
Rize Recep Tayyip Erdoğan Üniversitesi,Kimya Mühendisliği,Rize,SAY,440,451.69,60,60,871
Rize Recep Tayyip Erdoğan Üniversitesi,Mekatronik Mühendisliği,Rize,SAY,438,446.98,50,50,912
Rize Recep Tayyip Erdoğan Üniversitesi,Yazılım Mühendisliği,Rize,SAY,442,450.65,70,70,630
Rize Recep Tayyip Erdoğan Üniversitesi,Biyomedikal Mühendisliği,Rize,SAY,435,449.33,30,30,917
Rize Recep Tayyip Erdoğan Üniversitesi,Çevre Mühendisliği,Rize,SAY,428,438.56,50,50,1503
Rize Recep Tayyip Erdoğan Üniversitesi,Gıda Mühendisliği,Rize,SAY,420,435.9,50,50,2816
Rize Recep Tayyip Erdoğan Üniversitesi,Jeoloji Mühendisliği,Rize,SAY,412,425.41,30,30,7597
Rize Recep Tayyip Erdoğan Üniversitesi,Maden Mühendisliği,Rize,SAY,405,413.05,30,30,29892
Rize Recep Tayyip Erdoğan Üniversitesi,Metalurji ve Malzeme Mühendisliği,Rize,SAY,408,420.34,40,40,16224
Rize Recep Tayyip Erdoğan Üniversitesi,Tekstil Mühendisliği,Rize,SAY,400,408.61,30,30,906113
Rize Recep Tayyip Erdoğan Üniversitesi,Fizik,Rize,SAY,418,427.3,60,60,3434
Rize Recep Tayyip Erdoğan Üniversitesi,Kimya,Rize,SAY,413,425.05,50,50,5547
Rize Recep Tayyip Erdoğan Üniversitesi,Matematik,Rize,SAY,422,435.88,60,60,2321
Rize Recep Tayyip Erdoğan Üniversitesi,İstatistik,Rize,SAY,420,430.01,40,40,2938
Rize Recep Tayyip Erdoğan Üniversitesi,Biyoloji,Rize,SAY,410,420.75,60,60,10173
Rize Recep Tayyip Erdoğan Üniversitesi,Moleküler Biyoloji ve Genetik,Rize,SAY,433,441.64,40,40,1195
Rize Recep Tayyip Erdoğan Üniversitesi,Veteriner,Rize,SAY,438,451.95,40,40,753
Rize Recep Tayyip Erdoğan Üniversitesi,Hemşirelik,Rize,SAY,415,425.89,80,80,4831
Rize Recep Tayyip Erdoğan Üniversitesi,Ebelik,Rize,SAY,402,412.1,30,30,189864
Rize Recep Tayyip Erdoğan Üniversitesi,Fizyoterapi ve Rehabilitasyon,Rize,SAY,425,436.84,40,40,1826
Rize Recep Tayyip Erdoğan Üniversitesi,Beslenme ve Diyetetik,Rize,SAY,420,435.99,40,40,2476
Rize Recep Tayyip Erdoğan Üniversitesi,Şehir ve Bölge Planlama,Rize,SAY,425,435.82,30,30,1807
Rize Recep Tayyip Erdoğan Üniversitesi,Peyzaj Mimarlığı,Rize,SAY,412,426.77,30,30,7818
Rize Recep Tayyip Erdoğan Üniversitesi,Orman Mühendisliği,Rize,SAY,402,413.62,40,40,153802
Rize Recep Tayyip Erdoğan Üniversitesi,Ziraat Mühendisliği,Rize,SAY,398,406.2,50,50,891828
Rize Recep Tayyip Erdoğan Üniversitesi,Tarım Ekonomisi,Rize,SAY,390,403.06,30,30,969824
Rize Recep Tayyip Erdoğan Üniversitesi,İşletme,Rize,EA,438,451.29,80,80,775
Rize Recep Tayyip Erdoğan Üniversitesi,İktisat,Rize,EA,435,443.76,60,60,964
Rize Recep Tayyip Erdoğan Üniversitesi,Maliye,Rize,EA,428,436.17,50,50,1441
Rize Recep Tayyip Erdoğan Üniversitesi,Kamu Yönetimi,Rize,EA,422,434.39,50,50,2112
Rize Recep Tayyip Erdoğan Üniversitesi,Uluslararası İlişkiler,Rize,EA,442,453.46,50,50,814
Rize Recep Tayyip Erdoğan Üniversitesi,Siyaset Bilimi ve Kamu Yönetimi,Rize,EA,433,441.48,40,40,1261
Rize Recep Tayyip Erdoğan Üniversitesi,Çalışma Ekonomisi ve Endüstri İlişkileri,Rize,EA,418,429.81,30,30,3092
Rize Recep Tayyip Erdoğan Üniversitesi,Uluslararası Ticaret ve Lojistik,Rize,EA,425,439.43,40,40,1781
Rize Recep Tayyip Erdoğan Üniversitesi,Bankacılık ve Finans,Rize,EA,428,437.27,60,60,1548
Rize Recep Tayyip Erdoğan Üniversitesi,Muhasebe ve Finansal Yönetim,Rize,EA,415,423.97,50,50,4073
Rize Recep Tayyip Erdoğan Üniversitesi,Turizm İşletmeciliği,Rize,EA,405,419.46,50,50,36729
Rize Recep Tayyip Erdoğan Üniversitesi,Gastronomi ve Mutfak Sanatları,Rize,EA,398,406.5,30,30,984122
Rize Recep Tayyip Erdoğan Üniversitesi,Sosyoloji,Rize,EA,412,422.61,60,60,6300
Rize Recep Tayyip Erdoğan Üniversitesi,Psikoloji,Rize,EA,442,457.33,60,60,819
Rize Recep Tayyip Erdoğan Üniversitesi,Tarih,Rize,EA,405,417.62,50,50,31434
Rize Recep Tayyip Erdoğan Üniversitesi,Coğrafya,Rize,EA,392,402.57,40,40,1039803
Rize Recep Tayyip Erdoğan Üniversitesi,Felsefe,Rize,EA,410,422.74,40,40,8758
Rize Recep Tayyip Erdoğan Üniversitesi,Arkeoloji,Rize,EA,402,413.76,40,40,147461
Rize Recep Tayyip Erdoğan Üniversitesi,Sanat Tarihi,Rize,EA,398,412.0,30,30,1037081
Rize Recep Tayyip Erdoğan Üniversitesi,Sosyal Hizmet,Rize,EA,412,424.82,70,70,7651
Rize Recep Tayyip Erdoğan Üniversitesi,Türk Dili ve Edebiyatı,Rize,SÖZ,412,423.6,60,60,7417
Rize Recep Tayyip Erdoğan Üniversitesi,Türk Dili ve Edebiyatı Öğretmenliği,Rize,SÖZ,415,424.14,30,30,5061
Rize Recep Tayyip Erdoğan Üniversitesi,İngilizce Öğretmenliği,Rize,SÖZ,422,435.06,40,40,2180
Rize Recep Tayyip Erdoğan Üniversitesi,Almanca Öğretmenliği,Rize,SÖZ,405,414.17,20,20,30855
Rize Recep Tayyip Erdoğan Üniversitesi,Fransızca Öğretmenliği,Rize,SÖZ,402,414.84,30,30,174180
Rize Recep Tayyip Erdoğan Üniversitesi,Rehberlik ve Psikolojik Danışmanlık,Rize,SÖZ,428,443.66,30,30,1533
Rize Recep Tayyip Erdoğan Üniversitesi,Okul Öncesi Öğretmenliği,Rize,SÖZ,412,425.88,60,60,6221
Rize Recep Tayyip Erdoğan Üniversitesi,Sınıf Öğretmenliği,Rize,SÖZ,415,429.33,60,60,4477
Rize Recep Tayyip Erdoğan Üniversitesi,İlahiyat,Rize,SÖZ,398,408.09,60,60,893216
Rize Recep Tayyip Erdoğan Üniversitesi,Arap Dili ve Edebiyatı,Rize,SÖZ,390,404.1,30,30,873612
Rize Recep Tayyip Erdoğan Üniversitesi,İngiliz Dili ve Edebiyatı,Rize,SÖZ,418,427.18,40,40,3425
Rize Recep Tayyip Erdoğan Üniversitesi,Fransız Dili ve Edebiyatı,Rize,SÖZ,400,414.07,20,20,882322
Rize Recep Tayyip Erdoğan Üniversitesi,Alman Dili ve Edebiyatı,Rize,SÖZ,398,411.65,20,20,985999
Rize Recep Tayyip Erdoğan Üniversitesi,Japon Dili ve Edebiyatı,Rize,SÖZ,408,423.65,30,30,12605
Rize Recep Tayyip Erdoğan Üniversitesi,Çin Dili ve Edebiyatı,Rize,SÖZ,405,415.95,30,30,31277
Rize Recep Tayyip Erdoğan Üniversitesi,Gazetecilik,Rize,SÖZ,413,426.03,50,50,6189
Rize Recep Tayyip Erdoğan Üniversitesi,Radyo Televizyon ve Sinema,Rize,SÖZ,412,426.69,50,50,5891
Rize Recep Tayyip Erdoğan Üniversitesi,Halkla İlişkiler ve Tanıtım,Rize,SÖZ,408,420.55,40,40,15842
Rize Recep Tayyip Erdoğan Üniversitesi,İletişim Tasarımı,Rize,SÖZ,410,419.05,30,30,8264
Artvin Çoruh Üniversitesi,Bilgisayar Mühendisliği,Artvin,SAY,460,472.18,70,70,426
Artvin Çoruh Üniversitesi,Elektrik-Elektronik Mühendisliği,Artvin,SAY,455,470.78,70,70,420
Artvin Çoruh Üniversitesi,Makine Mühendisliği,Artvin,SAY,450,461.94,80,80,531
Artvin Çoruh Üniversitesi,İnşaat Mühendisliği,Artvin,SAY,445,456.17,90,90,568
Artvin Çoruh Üniversitesi,Endüstri Mühendisliği,Artvin,SAY,448,459.59,60,60,498
Artvin Çoruh Üniversitesi,Kimya Mühendisliği,Artvin,SAY,440,449.91,60,60,818
Artvin Çoruh Üniversitesi,Mekatronik Mühendisliği,Artvin,SAY,438,452.74,40,40,789
Artvin Çoruh Üniversitesi,Yazılım Mühendisliği,Artvin,SAY,442,451.86,60,60,643
Artvin Çoruh Üniversitesi,Biyomedikal Mühendisliği,Artvin,SAY,435,445.58,40,40,1073
Artvin Çoruh Üniversitesi,Çevre Mühendisliği,Artvin,SAY,428,442.12,60,60,1486
Artvin Çoruh Üniversitesi,Gıda Mühendisliği,Artvin,SAY,420,432.4,60,60,2353
Artvin Çoruh Üniversitesi,Jeoloji Mühendisliği,Artvin,SAY,412,424.66,40,40,5835
Artvin Çoruh Üniversitesi,Maden Mühendisliği,Artvin,SAY,405,415.94,30,30,37072
Artvin Çoruh Üniversitesi,Metalurji ve Malzeme Mühendisliği,Artvin,SAY,408,420.29,40,40,15978
Artvin Çoruh Üniversitesi,Tekstil Mühendisliği,Artvin,SAY,400,412.45,30,30,1003262
Artvin Çoruh Üniversitesi,Fizik,Artvin,SAY,418,430.86,50,50,3137
Artvin Çoruh Üniversitesi,Kimya,Artvin,SAY,413,421.95,40,40,5547
Artvin Çoruh Üniversitesi,Matematik,Artvin,SAY,422,435.21,50,50,2308
Artvin Çoruh Üniversitesi,İstatistik,Artvin,SAY,420,428.33,60,60,2979
Artvin Çoruh Üniversitesi,Biyoloji,Artvin,SAY,410,419.6,60,60,9709
Artvin Çoruh Üniversitesi,Moleküler Biyoloji ve Genetik,Artvin,SAY,433,446.39,40,40,1236
Artvin Çoruh Üniversitesi,Veteriner,Artvin,SAY,438,446.43,40,40,892
Artvin Çoruh Üniversitesi,Hemşirelik,Artvin,SAY,415,425.02,70,70,4598
Artvin Çoruh Üniversitesi,Ebelik,Artvin,SAY,402,411.45,30,30,163719
Artvin Çoruh Üniversitesi,Fizyoterapi ve Rehabilitasyon,Artvin,SAY,425,438.76,30,30,1803
Artvin Çoruh Üniversitesi,Beslenme ve Diyetetik,Artvin,SAY,420,435.37,40,40,2713
Artvin Çoruh Üniversitesi,Şehir ve Bölge Planlama,Artvin,SAY,425,438.34,30,30,2066
Artvin Çoruh Üniversitesi,Peyzaj Mimarlığı,Artvin,SAY,412,420.0,30,30,5884
Artvin Çoruh Üniversitesi,Orman Mühendisliği,Artvin,SAY,402,412.19,30,30,146458
Artvin Çoruh Üniversitesi,Ziraat Mühendisliği,Artvin,SAY,398,413.69,50,50,879168
Artvin Çoruh Üniversitesi,Tarım Ekonomisi,Artvin,SAY,390,405.77,30,30,1072552
Artvin Çoruh Üniversitesi,İşletme,Artvin,EA,438,451.23,60,60,807
Artvin Çoruh Üniversitesi,İktisat,Artvin,EA,435,444.13,90,90,984
Artvin Çoruh Üniversitesi,Maliye,Artvin,EA,428,443.32,60,60,1320
Artvin Çoruh Üniversitesi,Kamu Yönetimi,Artvin,EA,422,436.34,70,70,2562
Artvin Çoruh Üniversitesi,Uluslararası İlişkiler,Artvin,EA,442,450.9,50,50,766
Artvin Çoruh Üniversitesi,Siyaset Bilimi ve Kamu Yönetimi,Artvin,EA,433,446.56,40,40,1032
Artvin Çoruh Üniversitesi,Çalışma Ekonomisi ve Endüstri İlişkileri,Artvin,EA,418,426.51,30,30,3490
Artvin Çoruh Üniversitesi,Uluslararası Ticaret ve Lojistik,Artvin,EA,425,436.02,50,50,1573
Artvin Çoruh Üniversitesi,Bankacılık ve Finans,Artvin,EA,428,437.4,60,60,1272
Artvin Çoruh Üniversitesi,Muhasebe ve Finansal Yönetim,Artvin,EA,415,430.68,60,60,5100
Artvin Çoruh Üniversitesi,Turizm İşletmeciliği,Artvin,EA,405,414.62,60,60,30801
Artvin Çoruh Üniversitesi,Gastronomi ve Mutfak Sanatları,Artvin,EA,398,407.5,40,40,1056901
Artvin Çoruh Üniversitesi,Sosyoloji,Artvin,EA,412,420.35,60,60,6977
Artvin Çoruh Üniversitesi,Psikoloji,Artvin,EA,442,455.62,60,60,780
Artvin Çoruh Üniversitesi,Tarih,Artvin,EA,405,415.29,50,50,29024
Artvin Çoruh Üniversitesi,Coğrafya,Artvin,EA,392,404.36,40,40,961979
Artvin Çoruh Üniversitesi,Felsefe,Artvin,EA,410,422.33,40,40,8997
Artvin Çoruh Üniversitesi,Arkeoloji,Artvin,EA,402,414.64,40,40,165693
Artvin Çoruh Üniversitesi,Sanat Tarihi,Artvin,EA,398,407.18,40,40,1051796
Artvin Çoruh Üniversitesi,Sosyal Hizmet,Artvin,EA,412,423.26,50,50,7795
Artvin Çoruh Üniversitesi,Türk Dili ve Edebiyatı,Artvin,SÖZ,412,421.1,60,60,7720
Artvin Çoruh Üniversitesi,Türk Dili ve Edebiyatı Öğretmenliği,Artvin,SÖZ,415,427.31,40,40,4830
Artvin Çoruh Üniversitesi,İngilizce Öğretmenliği,Artvin,SÖZ,422,437.35,30,30,2633
Artvin Çoruh Üniversitesi,Almanca Öğretmenliği,Artvin,SÖZ,405,418.06,30,30,35544
Artvin Çoruh Üniversitesi,Fransızca Öğretmenliği,Artvin,SÖZ,402,417.82,30,30,187412
Artvin Çoruh Üniversitesi,Rehberlik ve Psikolojik Danışmanlık,Artvin,SÖZ,428,442.59,40,40,1660
Artvin Çoruh Üniversitesi,Okul Öncesi Öğretmenliği,Artvin,SÖZ,412,424.16,50,50,7003
Artvin Çoruh Üniversitesi,Sınıf Öğretmenliği,Artvin,SÖZ,415,430.54,60,60,4912
Artvin Çoruh Üniversitesi,İlahiyat,Artvin,SÖZ,398,409.91,90,90,947645
Artvin Çoruh Üniversitesi,Arap Dili ve Edebiyatı,Artvin,SÖZ,390,405.5,40,40,1006935
Artvin Çoruh Üniversitesi,İngiliz Dili ve Edebiyatı,Artvin,SÖZ,418,428.81,40,40,3209
Artvin Çoruh Üniversitesi,Fransız Dili ve Edebiyatı,Artvin,SÖZ,400,413.12,30,30,986095
Artvin Çoruh Üniversitesi,Alman Dili ve Edebiyatı,Artvin,SÖZ,398,407.51,30,30,850177
Artvin Çoruh Üniversitesi,Gazetecilik,Artvin,SÖZ,413,421.86,40,40,5296
Artvin Çoruh Üniversitesi,Radyo Televizyon ve Sinema,Artvin,SÖZ,412,421.93,60,60,6655
Artvin Çoruh Üniversitesi,Halkla İlişkiler ve Tanıtım,Artvin,SÖZ,408,416.77,40,40,15549
Artvin Çoruh Üniversitesi,İletişim Tasarımı,Artvin,SÖZ,410,418.97,40,40,8612
Atatürk Üniversitesi,Bilgisayar Mühendisliği,Erzurum,SAY,469.93,479.96,70,70,324
Atatürk Üniversitesi,Elektrik-Elektronik Mühendisliği,Erzurum,SAY,465.35,476.57,70,70,343
Atatürk Üniversitesi,Makine Mühendisliği,Erzurum,SAY,460.13,469.8,80,80,367
Atatürk Üniversitesi,İnşaat Mühendisliği,Erzurum,SAY,454.37,467.29,70,70,389
Atatürk Üniversitesi,Endüstri Mühendisliği,Erzurum,SAY,456.19,466.75,60,60,365
Atatürk Üniversitesi,Kimya Mühendisliği,Erzurum,SAY,452.17,463.24,50,50,491
Atatürk Üniversitesi,Mekatronik Mühendisliği,Erzurum,SAY,446.63,459.59,70,70,568
Atatürk Üniversitesi,Yazılım Mühendisliği,Erzurum,SAY,448.14,456.36,50,50,483
Atatürk Üniversitesi,Biyomedikal Mühendisliği,Erzurum,SAY,443.44,455.24,30,30,684
Atatürk Üniversitesi,Çevre Mühendisliği,Erzurum,SAY,433.35,447.07,50,50,1224
Atatürk Üniversitesi,Gıda Mühendisliği,Erzurum,SAY,426.29,436.22,40,40,1911
Atatürk Üniversitesi,Jeoloji Mühendisliği,Erzurum,SAY,414.66,428.88,30,30,5284
Atatürk Üniversitesi,Maden Mühendisliği,Erzurum,SAY,408.96,417.04,40,40,10295
Atatürk Üniversitesi,Metalurji ve Malzeme Mühendisliği,Erzurum,SAY,413.89,429.37,40,40,5175
Atatürk Üniversitesi,Tekstil Mühendisliği,Erzurum,SAY,404.78,418.36,40,40,34702
Atatürk Üniversitesi,Fizik,Erzurum,SAY,423.92,432.31,60,60,2028
Atatürk Üniversitesi,Kimya,Erzurum,SAY,418.45,433.67,50,50,2961
Atatürk Üniversitesi,Matematik,Erzurum,SAY,426.24,436.89,50,50,1478
Atatürk Üniversitesi,İstatistik,Erzurum,SAY,426.82,436.41,40,40,1603
Atatürk Üniversitesi,Biyoloji,Erzurum,SAY,415.65,430.1,60,60,4762
Atatürk Üniversitesi,Moleküler Biyoloji ve Genetik,Erzurum,SAY,436.46,445.92,40,40,881
Atatürk Üniversitesi,Tıp,Erzurum,SAY,489.87,499.7,80,80,178
Atatürk Üniversitesi,Diş Hekimliği,Erzurum,SAY,477.67,486.48,40,40,211
Atatürk Üniversitesi,Eczacılık,Erzurum,SAY,468.88,481.38,30,30,288
Atatürk Üniversitesi,Veteriner,Erzurum,SAY,446.69,454.85,40,40,597
Atatürk Üniversitesi,Hemşirelik,Erzurum,SAY,422.01,430.86,70,70,2279
Atatürk Üniversitesi,Ebelik,Erzurum,SAY,407.14,418.52,30,30,15162
Atatürk Üniversitesi,Fizyoterapi ve Rehabilitasyon,Erzurum,SAY,432.89,443.75,40,40,1081
Atatürk Üniversitesi,Beslenme ve Diyetetik,Erzurum,SAY,427.24,442.24,30,30,1387
Atatürk Üniversitesi,Şehir ve Bölge Planlama,Erzurum,SAY,430.62,443.94,40,40,1247
Atatürk Üniversitesi,Peyzaj Mimarlığı,Erzurum,SAY,415.04,425.14,40,40,3968
Atatürk Üniversitesi,Orman Mühendisliği,Erzurum,SAY,404.91,416.22,30,30,34826
Atatürk Üniversitesi,Ziraat Mühendisliği,Erzurum,SAY,401.08,410.15,40,40,553955
Atatürk Üniversitesi,Tarım Ekonomisi,Erzurum,SAY,393.36,407.66,40,40,883824
Atatürk Üniversitesi,İşletme,Erzurum,EA,446.01,454.08,60,60,678
Atatürk Üniversitesi,İktisat,Erzurum,EA,443.52,458.4,70,70,733
Atatürk Üniversitesi,Maliye,Erzurum,EA,431.85,443.68,50,50,1038
Atatürk Üniversitesi,Kamu Yönetimi,Erzurum,EA,428.3,440.63,50,50,1594
Atatürk Üniversitesi,Uluslararası İlişkiler,Erzurum,EA,445.96,458.04,40,40,676
Atatürk Üniversitesi,Hukuk,Erzurum,EA,459.08,474.98,70,70,395
Atatürk Üniversitesi,Siyaset Bilimi ve Kamu Yönetimi,Erzurum,EA,440.72,455.44,50,50,727
Atatürk Üniversitesi,Çalışma Ekonomisi ve Endüstri İlişkileri,Erzurum,EA,421.57,430.05,40,40,2334
Atatürk Üniversitesi,Uluslararası Ticaret ve Lojistik,Erzurum,EA,431.88,440.1,70,70,1239
Atatürk Üniversitesi,Bankacılık ve Finans,Erzurum,EA,433.14,445.99,60,60,1221
Atatürk Üniversitesi,Muhasebe ve Finansal Yönetim,Erzurum,EA,418.96,431.88,60,60,3267
Atatürk Üniversitesi,Turizm İşletmeciliği,Erzurum,EA,410.38,424.42,60,60,7976
Atatürk Üniversitesi,Gastronomi ve Mutfak Sanatları,Erzurum,EA,401.93,416.11,30,30,180009
Atatürk Üniversitesi,Sosyoloji,Erzurum,EA,413.2,421.88,50,50,6446
Atatürk Üniversitesi,Psikoloji,Erzurum,EA,449.05,460.01,50,50,525
Atatürk Üniversitesi,Tarih,Erzurum,EA,411.34,426.68,60,60,7135
Atatürk Üniversitesi,Coğrafya,Erzurum,EA,396.76,407.23,40,40,1134547
Atatürk Üniversitesi,Felsefe,Erzurum,EA,413.32,428.29,40,40,5996
Atatürk Üniversitesi,Arkeoloji,Erzurum,EA,409.34,422.18,40,40,11271
Atatürk Üniversitesi,Sanat Tarihi,Erzurum,EA,403.02,411.75,30,30,81806
Atatürk Üniversitesi,Sosyal Hizmet,Erzurum,EA,415.9,428.95,50,50,3819
Atatürk Üniversitesi,Türk Dili ve Edebiyatı,Erzurum,SÖZ,414.43,424.74,50,50,4933
Atatürk Üniversitesi,Türk Dili ve Edebiyatı Öğretmenliği,Erzurum,SÖZ,423.63,438.89,30,30,2062
Atatürk Üniversitesi,İngilizce Öğretmenliği,Erzurum,SÖZ,426.34,440.95,30,30,1671
Atatürk Üniversitesi,Almanca Öğretmenliği,Erzurum,SÖZ,408.08,419.47,30,30,14623
Atatürk Üniversitesi,Fransızca Öğretmenliği,Erzurum,SÖZ,409.14,418.25,20,20,12085
Atatürk Üniversitesi,Rehberlik ve Psikolojik Danışmanlık,Erzurum,SÖZ,433.12,444.01,30,30,1115
Atatürk Üniversitesi,Okul Öncesi Öğretmenliği,Erzurum,SÖZ,417.59,430.24,60,60,3102
Atatürk Üniversitesi,Sınıf Öğretmenliği,Erzurum,SÖZ,423.46,436.57,60,60,1868
Atatürk Üniversitesi,İlahiyat,Erzurum,SÖZ,405.18,414.64,70,70,32445
Atatürk Üniversitesi,Arap Dili ve Edebiyatı,Erzurum,SÖZ,394.47,406.34,40,40,931221
Atatürk Üniversitesi,İngiliz Dili ve Edebiyatı,Erzurum,SÖZ,423.22,432.39,30,30,2153
Atatürk Üniversitesi,Fransız Dili ve Edebiyatı,Erzurum,SÖZ,407.8,422.3,20,20,17030
Atatürk Üniversitesi,Alman Dili ve Edebiyatı,Erzurum,SÖZ,401.33,416.8,20,20,405189
Atatürk Üniversitesi,Japon Dili ve Edebiyatı,Erzurum,SÖZ,415.15,427.82,30,30,4200
Atatürk Üniversitesi,Çin Dili ve Edebiyatı,Erzurum,SÖZ,407.7,416.11,30,30,14890
Atatürk Üniversitesi,Gazetecilik,Erzurum,SÖZ,419.07,430.88,50,50,2874
Atatürk Üniversitesi,Radyo Televizyon ve Sinema,Erzurum,SÖZ,413.89,424.78,40,40,5738
Atatürk Üniversitesi,Halkla İlişkiler ve Tanıtım,Erzurum,SÖZ,414.28,424.5,50,50,5079
Atatürk Üniversitesi,İletişim Tasarımı,Erzurum,SÖZ,415.7,431.11,30,30,4458
İnönü Üniversitesi,Bilgisayar Mühendisliği,Malatya,SAY,464.35,476.88,70,70,284
İnönü Üniversitesi,Elektrik-Elektronik Mühendisliği,Malatya,SAY,456.59,466.81,70,70,410
İnönü Üniversitesi,Makine Mühendisliği,Malatya,SAY,451.27,463.83,80,80,465
İnönü Üniversitesi,İnşaat Mühendisliği,Malatya,SAY,446.44,455.65,70,70,608
İnönü Üniversitesi,Endüstri Mühendisliği,Malatya,SAY,448,462.45,50,50,619
İnönü Üniversitesi,Kimya Mühendisliği,Malatya,SAY,440.7,456.34,60,60,666
İnönü Üniversitesi,Mekatronik Mühendisliği,Malatya,SAY,438.47,448.63,50,50,837
İnönü Üniversitesi,Yazılım Mühendisliği,Malatya,SAY,442,451.77,50,50,709
İnönü Üniversitesi,Biyomedikal Mühendisliği,Malatya,SAY,435,444.76,30,30,879
İnönü Üniversitesi,Çevre Mühendisliği,Malatya,SAY,428,440.64,50,50,1534
İnönü Üniversitesi,Gıda Mühendisliği,Malatya,SAY,420,428.8,60,60,2387
İnönü Üniversitesi,Jeoloji Mühendisliği,Malatya,SAY,412,425.91,40,40,6610
İnönü Üniversitesi,Maden Mühendisliği,Malatya,SAY,405,417.33,40,40,30845
İnönü Üniversitesi,Metalurji ve Malzeme Mühendisliği,Malatya,SAY,408,422.32,30,30,14311
İnönü Üniversitesi,Tekstil Mühendisliği,Malatya,SAY,400,412.93,40,40,1101464
İnönü Üniversitesi,Fizik,Malatya,SAY,418,431.63,60,60,3400
İnönü Üniversitesi,Kimya,Malatya,SAY,413,427.3,50,50,5408
İnönü Üniversitesi,Matematik,Malatya,SAY,422,431.99,50,50,2155
İnönü Üniversitesi,İstatistik,Malatya,SAY,420,431.76,70,70,2340
İnönü Üniversitesi,Biyoloji,Malatya,SAY,410,423.58,60,60,9372
İnönü Üniversitesi,Moleküler Biyoloji ve Genetik,Malatya,SAY,433,443.76,30,30,1068
İnönü Üniversitesi,Tıp,Malatya,SAY,478.31,493.58,70,70,205
İnönü Üniversitesi,Eczacılık,Malatya,SAY,455,465.93,30,30,507
İnönü Üniversitesi,Veteriner,Malatya,SAY,438,452.83,40,40,897
İnönü Üniversitesi,Hemşirelik,Malatya,SAY,415,429.77,70,70,5241
İnönü Üniversitesi,Ebelik,Malatya,SAY,402,410.72,30,30,193799
İnönü Üniversitesi,Fizyoterapi ve Rehabilitasyon,Malatya,SAY,425,433.4,40,40,1596
İnönü Üniversitesi,Beslenme ve Diyetetik,Malatya,SAY,420,430.35,30,30,3023
İnönü Üniversitesi,Şehir ve Bölge Planlama,Malatya,SAY,425,434.83,40,40,1723
İnönü Üniversitesi,Peyzaj Mimarlığı,Malatya,SAY,412,420.74,40,40,5927
İnönü Üniversitesi,Orman Mühendisliği,Malatya,SAY,402,417.63,30,30,195126
İnönü Üniversitesi,Ziraat Mühendisliği,Malatya,SAY,398,413.54,50,50,1118475
İnönü Üniversitesi,Tarım Ekonomisi,Malatya,SAY,390,399.56,30,30,1063757
İnönü Üniversitesi,İşletme,Malatya,EA,438,452.54,60,60,777
İnönü Üniversitesi,İktisat,Malatya,EA,435,449.09,60,60,1063
İnönü Üniversitesi,Maliye,Malatya,EA,428,437.97,60,60,1270
İnönü Üniversitesi,Kamu Yönetimi,Malatya,EA,422,434.11,60,60,1969
İnönü Üniversitesi,Uluslararası İlişkiler,Malatya,EA,442,451.08,50,50,620
İnönü Üniversitesi,Hukuk,Malatya,EA,448,462.89,80,80,620
İnönü Üniversitesi,Siyaset Bilimi ve Kamu Yönetimi,Malatya,EA,433,442.97,50,50,1000
İnönü Üniversitesi,Çalışma Ekonomisi ve Endüstri İlişkileri,Malatya,EA,418,431.12,30,30,3553
İnönü Üniversitesi,Uluslararası Ticaret ve Lojistik,Malatya,EA,425,433.0,60,60,1805
İnönü Üniversitesi,Bankacılık ve Finans,Malatya,EA,428,439.16,50,50,1508
İnönü Üniversitesi,Muhasebe ve Finansal Yönetim,Malatya,EA,415,430.7,50,50,5192
İnönü Üniversitesi,Turizm İşletmeciliği,Malatya,EA,405,418.75,60,60,35589
İnönü Üniversitesi,Gastronomi ve Mutfak Sanatları,Malatya,EA,398,409.26,30,30,1000944
İnönü Üniversitesi,Sosyoloji,Malatya,EA,412,421.66,50,50,7053
İnönü Üniversitesi,Psikoloji,Malatya,EA,442,454.84,50,50,699
İnönü Üniversitesi,Tarih,Malatya,EA,405,415.52,40,40,30119
İnönü Üniversitesi,Coğrafya,Malatya,EA,392,405.11,40,40,894150
İnönü Üniversitesi,Felsefe,Malatya,EA,410,423.99,30,30,9934
İnönü Üniversitesi,Arkeoloji,Malatya,EA,402,410.13,30,30,158195
İnönü Üniversitesi,Sanat Tarihi,Malatya,EA,398,409.73,40,40,989560
İnönü Üniversitesi,Sosyal Hizmet,Malatya,EA,412,423.33,70,70,5926
İnönü Üniversitesi,Türk Dili ve Edebiyatı,Malatya,SÖZ,412,427.38,40,40,6427
İnönü Üniversitesi,Türk Dili ve Edebiyatı Öğretmenliği,Malatya,SÖZ,415,426.09,30,30,4793
İnönü Üniversitesi,İngilizce Öğretmenliği,Malatya,SÖZ,422,432.84,30,30,2308
İnönü Üniversitesi,Almanca Öğretmenliği,Malatya,SÖZ,405,419.95,20,20,32908
İnönü Üniversitesi,Fransızca Öğretmenliği,Malatya,SÖZ,402,417.38,30,30,155036
İnönü Üniversitesi,Rehberlik ve Psikolojik Danışmanlık,Malatya,SÖZ,428,441.69,30,30,1387
İnönü Üniversitesi,Okul Öncesi Öğretmenliği,Malatya,SÖZ,412,424.17,50,50,5870
İnönü Üniversitesi,Sınıf Öğretmenliği,Malatya,SÖZ,415,426.68,50,50,4750
İnönü Üniversitesi,İlahiyat,Malatya,SÖZ,398,410.14,70,70,886988
İnönü Üniversitesi,Arap Dili ve Edebiyatı,Malatya,SÖZ,390,404.11,40,40,860845
İnönü Üniversitesi,İngiliz Dili ve Edebiyatı,Malatya,SÖZ,418,430.53,40,40,2872
İnönü Üniversitesi,Fransız Dili ve Edebiyatı,Malatya,SÖZ,400,411.02,20,20,1048183
İnönü Üniversitesi,Alman Dili ve Edebiyatı,Malatya,SÖZ,398,408.14,30,30,892662
İnönü Üniversitesi,Japon Dili ve Edebiyatı,Malatya,SÖZ,408,419.07,20,20,13758
İnönü Üniversitesi,Çin Dili ve Edebiyatı,Malatya,SÖZ,405,420.63,30,30,30078
İnönü Üniversitesi,Gazetecilik,Malatya,SÖZ,413,427.61,60,60,5309
İnönü Üniversitesi,Radyo Televizyon ve Sinema,Malatya,SÖZ,412,427.33,40,40,5821
İnönü Üniversitesi,Halkla İlişkiler ve Tanıtım,Malatya,SÖZ,408,418.12,40,40,14135
İnönü Üniversitesi,İletişim Tasarımı,Malatya,SÖZ,410,425.85,30,30,10720
Fırat Üniversitesi,Bilgisayar Mühendisliği,Elazığ,SAY,460,471.68,80,80,422
Fırat Üniversitesi,Elektrik-Elektronik Mühendisliği,Elazığ,SAY,458.72,473.52,70,70,445
Fırat Üniversitesi,Makine Mühendisliği,Elazığ,SAY,450.91,466.02,70,70,555
Fırat Üniversitesi,İnşaat Mühendisliği,Elazığ,SAY,445.39,457.6,90,90,655
Fırat Üniversitesi,Endüstri Mühendisliği,Elazığ,SAY,449.34,462.8,60,60,586
Fırat Üniversitesi,Kimya Mühendisliği,Elazığ,SAY,440,454.52,50,50,768
Fırat Üniversitesi,Mekatronik Mühendisliği,Elazığ,SAY,438.24,448.64,70,70,970
Fırat Üniversitesi,Yazılım Mühendisliği,Elazığ,SAY,442,454.73,50,50,782
Fırat Üniversitesi,Biyomedikal Mühendisliği,Elazığ,SAY,435,447.44,30,30,1100
Fırat Üniversitesi,Çevre Mühendisliği,Elazığ,SAY,428,439.71,50,50,1335
Fırat Üniversitesi,Gıda Mühendisliği,Elazığ,SAY,420,430.9,50,50,2928
Fırat Üniversitesi,Jeoloji Mühendisliği,Elazığ,SAY,412,420.65,30,30,6154
Fırat Üniversitesi,Maden Mühendisliği,Elazığ,SAY,405,413.53,40,40,31264
Fırat Üniversitesi,Metalurji ve Malzeme Mühendisliği,Elazığ,SAY,408,422.52,30,30,12734
Fırat Üniversitesi,Tekstil Mühendisliği,Elazığ,SAY,400,415.5,30,30,885467
Fırat Üniversitesi,Fizik,Elazığ,SAY,418,429.93,60,60,3754
Fırat Üniversitesi,Kimya,Elazığ,SAY,413,427.8,60,60,5549
Fırat Üniversitesi,Matematik,Elazığ,SAY,422,431.27,50,50,2180
Fırat Üniversitesi,İstatistik,Elazığ,SAY,420,428.66,40,40,2972
Fırat Üniversitesi,Biyoloji,Elazığ,SAY,410,421.94,70,70,8345
Fırat Üniversitesi,Moleküler Biyoloji ve Genetik,Elazığ,SAY,433,446.18,30,30,1271
Fırat Üniversitesi,Tıp,Elazığ,SAY,475.03,484.1,70,70,288
Fırat Üniversitesi,Veteriner,Elazığ,SAY,438,452.61,40,40,823
Fırat Üniversitesi,Hemşirelik,Elazığ,SAY,415,430.14,60,60,4349
Fırat Üniversitesi,Ebelik,Elazığ,SAY,402,417.91,40,40,178215
Fırat Üniversitesi,Fizyoterapi ve Rehabilitasyon,Elazığ,SAY,425,434.36,40,40,1767
Fırat Üniversitesi,Beslenme ve Diyetetik,Elazığ,SAY,420,432.75,40,40,2824
Fırat Üniversitesi,Şehir ve Bölge Planlama,Elazığ,SAY,425,435.28,40,40,1588
Fırat Üniversitesi,Peyzaj Mimarlığı,Elazığ,SAY,412,425.15,30,30,7258
Fırat Üniversitesi,Orman Mühendisliği,Elazığ,SAY,402,415.51,40,40,148114
Fırat Üniversitesi,Ziraat Mühendisliği,Elazığ,SAY,398,411.56,50,50,1093080
Fırat Üniversitesi,Tarım Ekonomisi,Elazığ,SAY,390,400.35,30,30,1061696
Fırat Üniversitesi,İşletme,Elazığ,EA,438,447.88,70,70,985
Fırat Üniversitesi,İktisat,Elazığ,EA,435,444.93,60,60,891
Fırat Üniversitesi,Maliye,Elazığ,EA,428,440.7,50,50,1319
Fırat Üniversitesi,Kamu Yönetimi,Elazığ,EA,422,431.19,60,60,2005
Fırat Üniversitesi,Uluslararası İlişkiler,Elazığ,EA,442,454.63,50,50,765
Fırat Üniversitesi,Hukuk,Elazığ,EA,448,461.15,80,80,638
Fırat Üniversitesi,Siyaset Bilimi ve Kamu Yönetimi,Elazığ,EA,433,448.5,50,50,1011
Fırat Üniversitesi,Çalışma Ekonomisi ve Endüstri İlişkileri,Elazığ,EA,418,427.25,30,30,2995
Fırat Üniversitesi,Uluslararası Ticaret ve Lojistik,Elazığ,EA,425,439.82,50,50,1691
Fırat Üniversitesi,Bankacılık ve Finans,Elazığ,EA,428,441.27,60,60,1444
Fırat Üniversitesi,Muhasebe ve Finansal Yönetim,Elazığ,EA,415,424.06,70,70,4345
Fırat Üniversitesi,Turizm İşletmeciliği,Elazığ,EA,405,415.52,60,60,37240
Fırat Üniversitesi,Gastronomi ve Mutfak Sanatları,Elazığ,EA,398,406.06,40,40,1084960
Fırat Üniversitesi,Sosyoloji,Elazığ,EA,412,423.9,50,50,7851
Fırat Üniversitesi,Psikoloji,Elazığ,EA,442,451.92,70,70,740
Fırat Üniversitesi,Tarih,Elazığ,EA,405,418.77,60,60,32297
Fırat Üniversitesi,Coğrafya,Elazığ,EA,392,405.69,30,30,1090061
Fırat Üniversitesi,Felsefe,Elazığ,EA,410,421.86,40,40,10434
Fırat Üniversitesi,Arkeoloji,Elazığ,EA,402,412.66,40,40,180505
Fırat Üniversitesi,Sanat Tarihi,Elazığ,EA,398,410.25,40,40,1116874
Fırat Üniversitesi,Sosyal Hizmet,Elazığ,EA,412,424.9,70,70,6714
Fırat Üniversitesi,Türk Dili ve Edebiyatı,Elazığ,SÖZ,412,423.64,60,60,7298
Fırat Üniversitesi,Türk Dili ve Edebiyatı Öğretmenliği,Elazığ,SÖZ,415,429.05,30,30,3956
Fırat Üniversitesi,İngilizce Öğretmenliği,Elazığ,SÖZ,422,435.02,30,30,2501
Fırat Üniversitesi,Almanca Öğretmenliği,Elazığ,SÖZ,405,420.43,30,30,37226
Fırat Üniversitesi,Fransızca Öğretmenliği,Elazığ,SÖZ,402,412.52,20,20,177002
Fırat Üniversitesi,Rehberlik ve Psikolojik Danışmanlık,Elazığ,SÖZ,428,441.22,30,30,1283
Fırat Üniversitesi,Okul Öncesi Öğretmenliği,Elazığ,SÖZ,412,422.03,60,60,6365
Fırat Üniversitesi,Sınıf Öğretmenliği,Elazığ,SÖZ,415,430.62,50,50,4513
Fırat Üniversitesi,İlahiyat,Elazığ,SÖZ,398,413.67,70,70,1090716
Fırat Üniversitesi,Arap Dili ve Edebiyatı,Elazığ,SÖZ,390,402.37,40,40,975025
Fırat Üniversitesi,İngiliz Dili ve Edebiyatı,Elazığ,SÖZ,418,432.36,30,30,3439
Fırat Üniversitesi,Fransız Dili ve Edebiyatı,Elazığ,SÖZ,400,408.41,20,20,1146659
Fırat Üniversitesi,Alman Dili ve Edebiyatı,Elazığ,SÖZ,398,408.3,20,20,884760
Fırat Üniversitesi,Japon Dili ve Edebiyatı,Elazığ,SÖZ,408,420.49,30,30,13478
Fırat Üniversitesi,Çin Dili ve Edebiyatı,Elazığ,SÖZ,405,418.48,30,30,28937
Fırat Üniversitesi,Gazetecilik,Elazığ,SÖZ,413,421.17,60,60,5270
Fırat Üniversitesi,Radyo Televizyon ve Sinema,Elazığ,SÖZ,412,425.26,50,50,7200
Fırat Üniversitesi,Halkla İlişkiler ve Tanıtım,Elazığ,SÖZ,408,417.63,50,50,12776
Fırat Üniversitesi,İletişim Tasarımı,Elazığ,SÖZ,410,420.48,40,40,9629
Dicle Üniversitesi,Bilgisayar Mühendisliği,Diyarbakır,SAY,460,475.86,90,90,419
Dicle Üniversitesi,Elektrik-Elektronik Mühendisliği,Diyarbakır,SAY,455,464.92,80,80,478
Dicle Üniversitesi,Makine Mühendisliği,Diyarbakır,SAY,450,465.72,70,70,463
Dicle Üniversitesi,İnşaat Mühendisliği,Diyarbakır,SAY,445,459.13,70,70,687
Dicle Üniversitesi,Endüstri Mühendisliği,Diyarbakır,SAY,448,461.34,40,40,526
Dicle Üniversitesi,Kimya Mühendisliği,Diyarbakır,SAY,440,450.83,50,50,757
Dicle Üniversitesi,Mekatronik Mühendisliği,Diyarbakır,SAY,438,451.8,60,60,966
Dicle Üniversitesi,Yazılım Mühendisliği,Diyarbakır,SAY,442,456.13,50,50,824
Dicle Üniversitesi,Biyomedikal Mühendisliği,Diyarbakır,SAY,435,447.18,30,30,1053
Dicle Üniversitesi,Çevre Mühendisliği,Diyarbakır,SAY,428,442.06,50,50,1423
Dicle Üniversitesi,Gıda Mühendisliği,Diyarbakır,SAY,420,434.05,60,60,2405
Dicle Üniversitesi,Jeoloji Mühendisliği,Diyarbakır,SAY,412,421.7,40,40,6211
Dicle Üniversitesi,Maden Mühendisliği,Diyarbakır,SAY,405,418.98,40,40,28810
Dicle Üniversitesi,Metalurji ve Malzeme Mühendisliği,Diyarbakır,SAY,408,421.26,30,30,15968
Dicle Üniversitesi,Tekstil Mühendisliği,Diyarbakır,SAY,400,411.1,30,30,1042757
Dicle Üniversitesi,Fizik,Diyarbakır,SAY,418,429.62,50,50,2809
Dicle Üniversitesi,Kimya,Diyarbakır,SAY,413,428.47,50,50,6193
Dicle Üniversitesi,Matematik,Diyarbakır,SAY,422,437.76,50,50,2549
Dicle Üniversitesi,İstatistik,Diyarbakır,SAY,420,432.76,50,50,2780
Dicle Üniversitesi,Biyoloji,Diyarbakır,SAY,410,421.95,60,60,10924
Dicle Üniversitesi,Moleküler Biyoloji ve Genetik,Diyarbakır,SAY,433,446.0,40,40,952
Dicle Üniversitesi,Tıp,Diyarbakır,SAY,475,485.5,70,70,276
Dicle Üniversitesi,Veteriner,Diyarbakır,SAY,438,446.44,40,40,808
Dicle Üniversitesi,Hemşirelik,Diyarbakır,SAY,415,425.07,60,60,4417
Dicle Üniversitesi,Ebelik,Diyarbakır,SAY,402,413.3,40,40,150304
Dicle Üniversitesi,Fizyoterapi ve Rehabilitasyon,Diyarbakır,SAY,425,435.47,30,30,1717
Dicle Üniversitesi,Beslenme ve Diyetetik,Diyarbakır,SAY,420,430.62,40,40,2903
Dicle Üniversitesi,Şehir ve Bölge Planlama,Diyarbakır,SAY,425,437.82,30,30,2019
Dicle Üniversitesi,Peyzaj Mimarlığı,Diyarbakır,SAY,412,422.11,40,40,6506
Dicle Üniversitesi,Orman Mühendisliği,Diyarbakır,SAY,402,411.7,30,30,187830
Dicle Üniversitesi,Ziraat Mühendisliği,Diyarbakır,SAY,398,412.73,60,60,1015061
Dicle Üniversitesi,Tarım Ekonomisi,Diyarbakır,SAY,390,404.49,40,40,1014679
Dicle Üniversitesi,İşletme,Diyarbakır,EA,438,448.38,70,70,873
Dicle Üniversitesi,İktisat,Diyarbakır,EA,435,449.02,90,90,859
Dicle Üniversitesi,Maliye,Diyarbakır,EA,428,441.26,40,40,1386
Dicle Üniversitesi,Kamu Yönetimi,Diyarbakır,EA,422,437.59,50,50,2360
Dicle Üniversitesi,Uluslararası İlişkiler,Diyarbakır,EA,442,453.75,60,60,688
Dicle Üniversitesi,Hukuk,Diyarbakır,EA,448,460.73,80,80,574
Dicle Üniversitesi,Siyaset Bilimi ve Kamu Yönetimi,Diyarbakır,EA,433,442.35,60,60,1157
Dicle Üniversitesi,Çalışma Ekonomisi ve Endüstri İlişkileri,Diyarbakır,EA,418,431.05,30,30,2822
Dicle Üniversitesi,Uluslararası Ticaret ve Lojistik,Diyarbakır,EA,425,434.35,60,60,2077
Dicle Üniversitesi,Bankacılık ve Finans,Diyarbakır,EA,428,443.92,60,60,1268
Dicle Üniversitesi,Muhasebe ve Finansal Yönetim,Diyarbakır,EA,415,429.36,50,50,4962
Dicle Üniversitesi,Turizm İşletmeciliği,Diyarbakır,EA,405,413.47,60,60,30242
Dicle Üniversitesi,Gastronomi ve Mutfak Sanatları,Diyarbakır,EA,398,410.22,30,30,953279
Dicle Üniversitesi,Sosyoloji,Diyarbakır,EA,412,427.29,50,50,6411
Dicle Üniversitesi,Psikoloji,Diyarbakır,EA,442,451.0,60,60,700
Dicle Üniversitesi,Tarih,Diyarbakır,EA,405,420.82,50,50,32174
Dicle Üniversitesi,Coğrafya,Diyarbakır,EA,392,401.03,40,40,905306
Dicle Üniversitesi,Felsefe,Diyarbakır,EA,410,423.37,30,30,8460
Dicle Üniversitesi,Arkeoloji,Diyarbakır,EA,402,415.96,40,40,184257
Dicle Üniversitesi,Sanat Tarihi,Diyarbakır,EA,398,407.75,40,40,1137818
Dicle Üniversitesi,Sosyal Hizmet,Diyarbakır,EA,412,425.74,40,40,7525
Dicle Üniversitesi,Türk Dili ve Edebiyatı,Diyarbakır,SÖZ,412,421.65,60,60,6117
Dicle Üniversitesi,Türk Dili ve Edebiyatı Öğretmenliği,Diyarbakır,SÖZ,415,429.95,30,30,4342
Dicle Üniversitesi,İngilizce Öğretmenliği,Diyarbakır,SÖZ,422,435.44,30,30,2260
Dicle Üniversitesi,Almanca Öğretmenliği,Diyarbakır,SÖZ,405,414.65,30,30,31654
Dicle Üniversitesi,Fransızca Öğretmenliği,Diyarbakır,SÖZ,402,415.3,30,30,171782
Dicle Üniversitesi,Rehberlik ve Psikolojik Danışmanlık,Diyarbakır,SÖZ,428,438.02,30,30,1460
Dicle Üniversitesi,Okul Öncesi Öğretmenliği,Diyarbakır,SÖZ,412,426.67,60,60,7358
Dicle Üniversitesi,Sınıf Öğretmenliği,Diyarbakır,SÖZ,415,423.88,50,50,4290
Dicle Üniversitesi,İlahiyat,Diyarbakır,SÖZ,398,412.15,80,80,991969
Dicle Üniversitesi,Arap Dili ve Edebiyatı,Diyarbakır,SÖZ,390,401.64,30,30,940957
Dicle Üniversitesi,İngiliz Dili ve Edebiyatı,Diyarbakır,SÖZ,418,432.91,40,40,3637
Dicle Üniversitesi,Fransız Dili ve Edebiyatı,Diyarbakır,SÖZ,400,411.84,20,20,981437
Dicle Üniversitesi,Alman Dili ve Edebiyatı,Diyarbakır,SÖZ,398,411.16,30,30,965373
Dicle Üniversitesi,Japon Dili ve Edebiyatı,Diyarbakır,SÖZ,408,421.14,20,20,12694
Dicle Üniversitesi,Çin Dili ve Edebiyatı,Diyarbakır,SÖZ,405,415.04,30,30,29127
Dicle Üniversitesi,Gazetecilik,Diyarbakır,SÖZ,413,423.48,40,40,5757
Dicle Üniversitesi,Radyo Televizyon ve Sinema,Diyarbakır,SÖZ,412,420.86,50,50,7667
Dicle Üniversitesi,Halkla İlişkiler ve Tanıtım,Diyarbakır,SÖZ,408,423.66,60,60,16047
Dicle Üniversitesi,İletişim Tasarımı,Diyarbakır,SÖZ,410,425.4,40,40,10712
Harran Üniversitesi,Bilgisayar Mühendisliği,Şanlıurfa,SAY,460,468.03,70,70,428
Harran Üniversitesi,Elektrik-Elektronik Mühendisliği,Şanlıurfa,SAY,455,467.43,60,60,451
Harran Üniversitesi,Makine Mühendisliği,Şanlıurfa,SAY,450,458.87,80,80,493
Harran Üniversitesi,İnşaat Mühendisliği,Şanlıurfa,SAY,445,459.44,80,80,650
Harran Üniversitesi,Endüstri Mühendisliği,Şanlıurfa,SAY,448,463.69,50,50,575
Harran Üniversitesi,Kimya Mühendisliği,Şanlıurfa,SAY,440,453.0,50,50,875
Harran Üniversitesi,Mekatronik Mühendisliği,Şanlıurfa,SAY,438,448.86,60,60,926
Harran Üniversitesi,Yazılım Mühendisliği,Şanlıurfa,SAY,442,453.45,60,60,731
Harran Üniversitesi,Biyomedikal Mühendisliği,Şanlıurfa,SAY,435,450.17,40,40,916
Harran Üniversitesi,Çevre Mühendisliği,Şanlıurfa,SAY,428,439.3,40,40,1711
Harran Üniversitesi,Gıda Mühendisliği,Şanlıurfa,SAY,420,435.81,50,50,2681
Harran Üniversitesi,Jeoloji Mühendisliği,Şanlıurfa,SAY,412,421.75,30,30,6019
Harran Üniversitesi,Maden Mühendisliği,Şanlıurfa,SAY,405,416.27,40,40,37993
Harran Üniversitesi,Metalurji ve Malzeme Mühendisliği,Şanlıurfa,SAY,408,423.14,40,40,12476
Harran Üniversitesi,Tekstil Mühendisliği,Şanlıurfa,SAY,400,408.75,40,40,925094
Harran Üniversitesi,Fizik,Şanlıurfa,SAY,418,433.51,50,50,3044
Harran Üniversitesi,Kimya,Şanlıurfa,SAY,413,422.34,60,60,6386
Harran Üniversitesi,Matematik,Şanlıurfa,SAY,422,433.92,60,60,2639
Harran Üniversitesi,İstatistik,Şanlıurfa,SAY,420,428.8,50,50,2733
Harran Üniversitesi,Biyoloji,Şanlıurfa,SAY,410,418.0,70,70,10069
Harran Üniversitesi,Moleküler Biyoloji ve Genetik,Şanlıurfa,SAY,433,445.45,40,40,996
Harran Üniversitesi,Tıp,Şanlıurfa,SAY,475,487.57,70,70,264
Harran Üniversitesi,Veteriner,Şanlıurfa,SAY,438,447.87,30,30,742
Harran Üniversitesi,Hemşirelik,Şanlıurfa,SAY,415,424.58,60,60,4301
Harran Üniversitesi,Ebelik,Şanlıurfa,SAY,402,414.95,40,40,148086
Harran Üniversitesi,Fizyoterapi ve Rehabilitasyon,Şanlıurfa,SAY,425,435.93,40,40,1967
Harran Üniversitesi,Beslenme ve Diyetetik,Şanlıurfa,SAY,420,431.45,40,40,2883
Harran Üniversitesi,Şehir ve Bölge Planlama,Şanlıurfa,SAY,425,436.02,30,30,1646
Harran Üniversitesi,Peyzaj Mimarlığı,Şanlıurfa,SAY,412,426.74,30,30,6684
Harran Üniversitesi,Orman Mühendisliği,Şanlıurfa,SAY,402,410.59,30,30,167912
Harran Üniversitesi,Ziraat Mühendisliği,Şanlıurfa,SAY,398,407.33,60,60,1064108
Harran Üniversitesi,Tarım Ekonomisi,Şanlıurfa,SAY,390,402.25,40,40,1120273
Harran Üniversitesi,İşletme,Şanlıurfa,EA,438,450.68,70,70,816
Harran Üniversitesi,İktisat,Şanlıurfa,EA,435,447.75,70,70,1045
Harran Üniversitesi,Maliye,Şanlıurfa,EA,428,437.38,50,50,1640
Harran Üniversitesi,Kamu Yönetimi,Şanlıurfa,EA,422,434.85,60,60,2594
Harran Üniversitesi,Uluslararası İlişkiler,Şanlıurfa,EA,442,451.57,60,60,673
Harran Üniversitesi,Siyaset Bilimi ve Kamu Yönetimi,Şanlıurfa,EA,433,441.73,60,60,1135
Harran Üniversitesi,Çalışma Ekonomisi ve Endüstri İlişkileri,Şanlıurfa,EA,418,426.43,40,40,3535
Harran Üniversitesi,Uluslararası Ticaret ve Lojistik,Şanlıurfa,EA,425,437.48,60,60,1769
Harran Üniversitesi,Bankacılık ve Finans,Şanlıurfa,EA,428,442.53,50,50,1290
Harran Üniversitesi,Muhasebe ve Finansal Yönetim,Şanlıurfa,EA,415,429.39,40,40,4226
Harran Üniversitesi,Turizm İşletmeciliği,Şanlıurfa,EA,405,417.35,60,60,28882
Harran Üniversitesi,Gastronomi ve Mutfak Sanatları,Şanlıurfa,EA,398,410.2,30,30,878060
Harran Üniversitesi,Sosyoloji,Şanlıurfa,EA,412,426.62,50,50,5911
Harran Üniversitesi,Psikoloji,Şanlıurfa,EA,442,451.12,60,60,780
Harran Üniversitesi,Tarih,Şanlıurfa,EA,405,414.18,50,50,32540
Harran Üniversitesi,Coğrafya,Şanlıurfa,EA,392,400.64,30,30,1078040
Harran Üniversitesi,Felsefe,Şanlıurfa,EA,410,425.94,30,30,9045
Harran Üniversitesi,Arkeoloji,Şanlıurfa,EA,402,410.22,30,30,180826
Harran Üniversitesi,Sanat Tarihi,Şanlıurfa,EA,398,406.24,40,40,946748
Harran Üniversitesi,Sosyal Hizmet,Şanlıurfa,EA,412,424.69,50,50,5990
Harran Üniversitesi,Türk Dili ve Edebiyatı,Şanlıurfa,SÖZ,412,420.79,60,60,7430
Harran Üniversitesi,Türk Dili ve Edebiyatı Öğretmenliği,Şanlıurfa,SÖZ,415,429.3,40,40,4924
Harran Üniversitesi,İngilizce Öğretmenliği,Şanlıurfa,SÖZ,422,437.91,40,40,2170
Harran Üniversitesi,Almanca Öğretmenliği,Şanlıurfa,SÖZ,405,417.03,20,20,31025
Harran Üniversitesi,Fransızca Öğretmenliği,Şanlıurfa,SÖZ,402,414.37,30,30,154105
Harran Üniversitesi,Rehberlik ve Psikolojik Danışmanlık,Şanlıurfa,SÖZ,428,438.3,40,40,1499
Harran Üniversitesi,Okul Öncesi Öğretmenliği,Şanlıurfa,SÖZ,412,426.59,60,60,6414
Harran Üniversitesi,Sınıf Öğretmenliği,Şanlıurfa,SÖZ,415,426.04,50,50,3951
Harran Üniversitesi,İlahiyat,Şanlıurfa,SÖZ,398,410.79,70,70,850837
Harran Üniversitesi,Arap Dili ve Edebiyatı,Şanlıurfa,SÖZ,390,400.76,30,30,952445
Harran Üniversitesi,İngiliz Dili ve Edebiyatı,Şanlıurfa,SÖZ,418,430.24,40,40,3207
Harran Üniversitesi,Fransız Dili ve Edebiyatı,Şanlıurfa,SÖZ,400,409.19,20,20,930821
Harran Üniversitesi,Alman Dili ve Edebiyatı,Şanlıurfa,SÖZ,398,411.29,30,30,959862
Harran Üniversitesi,Japon Dili ve Edebiyatı,Şanlıurfa,SÖZ,408,419.0,30,30,12256
Harran Üniversitesi,Çin Dili ve Edebiyatı,Şanlıurfa,SÖZ,405,413.42,20,20,30211
Harran Üniversitesi,Gazetecilik,Şanlıurfa,SÖZ,413,425.47,60,60,6139
Harran Üniversitesi,Radyo Televizyon ve Sinema,Şanlıurfa,SÖZ,412,425.0,70,70,7127
Harran Üniversitesi,Halkla İlişkiler ve Tanıtım,Şanlıurfa,SÖZ,408,417.48,50,50,12352
Harran Üniversitesi,İletişim Tasarımı,Şanlıurfa,SÖZ,410,418.98,40,40,9199
Gaziosmanpaşa Üniversitesi,Bilgisayar Mühendisliği,Tokat,SAY,460,472.45,60,60,380
Gaziosmanpaşa Üniversitesi,Elektrik-Elektronik Mühendisliği,Tokat,SAY,455,465.07,60,60,489
Gaziosmanpaşa Üniversitesi,Makine Mühendisliği,Tokat,SAY,450,461.99,80,80,591
Gaziosmanpaşa Üniversitesi,İnşaat Mühendisliği,Tokat,SAY,445,459.11,60,60,639
Gaziosmanpaşa Üniversitesi,Endüstri Mühendisliği,Tokat,SAY,448,457.24,60,60,490
Gaziosmanpaşa Üniversitesi,Kimya Mühendisliği,Tokat,SAY,440,450.36,60,60,706
Gaziosmanpaşa Üniversitesi,Mekatronik Mühendisliği,Tokat,SAY,438,451.84,50,50,836
Gaziosmanpaşa Üniversitesi,Yazılım Mühendisliği,Tokat,SAY,442,453.36,50,50,764
Gaziosmanpaşa Üniversitesi,Biyomedikal Mühendisliği,Tokat,SAY,435,447.23,30,30,911
Gaziosmanpaşa Üniversitesi,Çevre Mühendisliği,Tokat,SAY,428,436.66,60,60,1656
Gaziosmanpaşa Üniversitesi,Gıda Mühendisliği,Tokat,SAY,420,435.86,50,50,2639
Gaziosmanpaşa Üniversitesi,Jeoloji Mühendisliği,Tokat,SAY,412,426.06,30,30,7600
Gaziosmanpaşa Üniversitesi,Maden Mühendisliği,Tokat,SAY,405,414.83,30,30,34858
Gaziosmanpaşa Üniversitesi,Metalurji ve Malzeme Mühendisliği,Tokat,SAY,408,418.35,40,40,16166
Gaziosmanpaşa Üniversitesi,Tekstil Mühendisliği,Tokat,SAY,400,408.68,30,30,963180
Gaziosmanpaşa Üniversitesi,Fizik,Tokat,SAY,418,428.32,60,60,3375
Gaziosmanpaşa Üniversitesi,Kimya,Tokat,SAY,413,428.34,60,60,6412
Gaziosmanpaşa Üniversitesi,Matematik,Tokat,SAY,422,434.45,50,50,2300
Gaziosmanpaşa Üniversitesi,İstatistik,Tokat,SAY,420,430.65,50,50,3116
Gaziosmanpaşa Üniversitesi,Biyoloji,Tokat,SAY,410,418.49,40,40,10046
Gaziosmanpaşa Üniversitesi,Moleküler Biyoloji ve Genetik,Tokat,SAY,433,441.46,30,30,1225
Gaziosmanpaşa Üniversitesi,Veteriner,Tokat,SAY,438,447.67,30,30,928
Gaziosmanpaşa Üniversitesi,Hemşirelik,Tokat,SAY,415,425.06,80,80,4328
Gaziosmanpaşa Üniversitesi,Ebelik,Tokat,SAY,402,411.78,30,30,153768
Gaziosmanpaşa Üniversitesi,Fizyoterapi ve Rehabilitasyon,Tokat,SAY,425,437.8,40,40,1841
Gaziosmanpaşa Üniversitesi,Beslenme ve Diyetetik,Tokat,SAY,420,432.36,30,30,2817
Gaziosmanpaşa Üniversitesi,Şehir ve Bölge Planlama,Tokat,SAY,425,438.05,30,30,1661
Gaziosmanpaşa Üniversitesi,Peyzaj Mimarlığı,Tokat,SAY,412,422.58,40,40,6284
Gaziosmanpaşa Üniversitesi,Orman Mühendisliği,Tokat,SAY,402,415.79,40,40,195886
Gaziosmanpaşa Üniversitesi,Ziraat Mühendisliği,Tokat,SAY,398,410.04,50,50,1077518
Gaziosmanpaşa Üniversitesi,Tarım Ekonomisi,Tokat,SAY,390,401.69,30,30,1000204
Gaziosmanpaşa Üniversitesi,İşletme,Tokat,EA,438,452.91,60,60,961
Gaziosmanpaşa Üniversitesi,İktisat,Tokat,EA,435,449.56,60,60,1145
Gaziosmanpaşa Üniversitesi,Maliye,Tokat,EA,428,442.23,50,50,1316
Gaziosmanpaşa Üniversitesi,Kamu Yönetimi,Tokat,EA,422,437.39,50,50,2123
Gaziosmanpaşa Üniversitesi,Uluslararası İlişkiler,Tokat,EA,442,455.62,50,50,667
Gaziosmanpaşa Üniversitesi,Siyaset Bilimi ve Kamu Yönetimi,Tokat,EA,433,441.96,50,50,1182
Gaziosmanpaşa Üniversitesi,Çalışma Ekonomisi ve Endüstri İlişkileri,Tokat,EA,418,430.97,30,30,3017
Gaziosmanpaşa Üniversitesi,Uluslararası Ticaret ve Lojistik,Tokat,EA,425,434.07,50,50,1584
Gaziosmanpaşa Üniversitesi,Bankacılık ve Finans,Tokat,EA,428,436.99,60,60,1501
Gaziosmanpaşa Üniversitesi,Muhasebe ve Finansal Yönetim,Tokat,EA,415,427.31,50,50,4206
Gaziosmanpaşa Üniversitesi,Turizm İşletmeciliği,Tokat,EA,405,419.7,60,60,33972
Gaziosmanpaşa Üniversitesi,Gastronomi ve Mutfak Sanatları,Tokat,EA,398,407.36,40,40,1066885
Gaziosmanpaşa Üniversitesi,Sosyoloji,Tokat,EA,412,424.05,50,50,5971
Gaziosmanpaşa Üniversitesi,Psikoloji,Tokat,EA,442,453.35,70,70,630
Gaziosmanpaşa Üniversitesi,Tarih,Tokat,EA,405,419.86,60,60,31066
Gaziosmanpaşa Üniversitesi,Coğrafya,Tokat,EA,392,405.98,40,40,1098873
Gaziosmanpaşa Üniversitesi,Felsefe,Tokat,EA,410,420.7,30,30,9487
Gaziosmanpaşa Üniversitesi,Arkeoloji,Tokat,EA,402,416.33,40,40,148854
Gaziosmanpaşa Üniversitesi,Sanat Tarihi,Tokat,EA,398,407.03,30,30,1084090
Gaziosmanpaşa Üniversitesi,Sosyal Hizmet,Tokat,EA,412,421.54,60,60,7855
Gaziosmanpaşa Üniversitesi,Türk Dili ve Edebiyatı,Tokat,SÖZ,412,423.12,50,50,7637
Gaziosmanpaşa Üniversitesi,Türk Dili ve Edebiyatı Öğretmenliği,Tokat,SÖZ,415,423.22,30,30,4107
Gaziosmanpaşa Üniversitesi,İngilizce Öğretmenliği,Tokat,SÖZ,422,435.96,30,30,2023
Gaziosmanpaşa Üniversitesi,Almanca Öğretmenliği,Tokat,SÖZ,405,420.18,30,30,31680
Gaziosmanpaşa Üniversitesi,Fransızca Öğretmenliği,Tokat,SÖZ,402,411.47,20,20,176027
Gaziosmanpaşa Üniversitesi,Rehberlik ve Psikolojik Danışmanlık,Tokat,SÖZ,428,439.4,40,40,1517
Gaziosmanpaşa Üniversitesi,Okul Öncesi Öğretmenliği,Tokat,SÖZ,412,427.87,50,50,7528
Gaziosmanpaşa Üniversitesi,Sınıf Öğretmenliği,Tokat,SÖZ,415,423.93,60,60,4313
Gaziosmanpaşa Üniversitesi,İlahiyat,Tokat,SÖZ,398,413.88,70,70,1084071
Gaziosmanpaşa Üniversitesi,Arap Dili ve Edebiyatı,Tokat,SÖZ,390,404.9,40,40,1123816
Gaziosmanpaşa Üniversitesi,İngiliz Dili ve Edebiyatı,Tokat,SÖZ,418,429.26,40,40,3015
Gaziosmanpaşa Üniversitesi,Fransız Dili ve Edebiyatı,Tokat,SÖZ,400,408.99,20,20,880741
Gaziosmanpaşa Üniversitesi,Alman Dili ve Edebiyatı,Tokat,SÖZ,398,406.14,30,30,1096675
Gaziosmanpaşa Üniversitesi,Japon Dili ve Edebiyatı,Tokat,SÖZ,408,420.65,20,20,12354
Gaziosmanpaşa Üniversitesi,Çin Dili ve Edebiyatı,Tokat,SÖZ,405,420.48,20,20,35245
Gaziosmanpaşa Üniversitesi,Gazetecilik,Tokat,SÖZ,413,427.46,60,60,5756
Gaziosmanpaşa Üniversitesi,Radyo Televizyon ve Sinema,Tokat,SÖZ,412,427.54,60,60,6685
Gaziosmanpaşa Üniversitesi,Halkla İlişkiler ve Tanıtım,Tokat,SÖZ,408,422.96,60,60,14877
Gaziosmanpaşa Üniversitesi,İletişim Tasarımı,Tokat,SÖZ,410,424.08,40,40,10210
Cumhuriyet Üniversitesi,Bilgisayar Mühendisliği,Sivas,SAY,460,474.83,80,80,330
Cumhuriyet Üniversitesi,Elektrik-Elektronik Mühendisliği,Sivas,SAY,455,469.27,80,80,452
Cumhuriyet Üniversitesi,Makine Mühendisliği,Sivas,SAY,450,459.18,70,70,534
Cumhuriyet Üniversitesi,İnşaat Mühendisliği,Sivas,SAY,445,460.1,80,80,647
Cumhuriyet Üniversitesi,Endüstri Mühendisliği,Sivas,SAY,448,463.63,50,50,630
Cumhuriyet Üniversitesi,Kimya Mühendisliği,Sivas,SAY,440,454.46,60,60,718
Cumhuriyet Üniversitesi,Mekatronik Mühendisliği,Sivas,SAY,438,449.44,70,70,876
Cumhuriyet Üniversitesi,Yazılım Mühendisliği,Sivas,SAY,442,454.98,60,60,615
Cumhuriyet Üniversitesi,Biyomedikal Mühendisliği,Sivas,SAY,435,448.12,30,30,984
Cumhuriyet Üniversitesi,Çevre Mühendisliği,Sivas,SAY,428,441.14,50,50,1344
Cumhuriyet Üniversitesi,Gıda Mühendisliği,Sivas,SAY,420,435.96,60,60,2507
Cumhuriyet Üniversitesi,Jeoloji Mühendisliği,Sivas,SAY,412,425.3,40,40,7685
Cumhuriyet Üniversitesi,Maden Mühendisliği,Sivas,SAY,405,417.16,40,40,34675
Cumhuriyet Üniversitesi,Metalurji ve Malzeme Mühendisliği,Sivas,SAY,408,422.55,30,30,13291
Cumhuriyet Üniversitesi,Petrol ve Doğalgaz Mühendisliği,Sivas,SAY,415,426.26,40,40,4807
Cumhuriyet Üniversitesi,Tekstil Mühendisliği,Sivas,SAY,400,412.53,30,30,980243
Cumhuriyet Üniversitesi,Fizik,Sivas,SAY,418,432.27,60,60,3208
Cumhuriyet Üniversitesi,Kimya,Sivas,SAY,413,422.17,50,50,6215
Cumhuriyet Üniversitesi,Matematik,Sivas,SAY,422,434.58,60,60,2192
Cumhuriyet Üniversitesi,İstatistik,Sivas,SAY,420,429.73,60,60,2780
Cumhuriyet Üniversitesi,Biyoloji,Sivas,SAY,410,424.64,60,60,10599
Cumhuriyet Üniversitesi,Moleküler Biyoloji ve Genetik,Sivas,SAY,433,443.51,40,40,1053
Cumhuriyet Üniversitesi,Tıp,Sivas,SAY,475,489.75,70,70,272
Cumhuriyet Üniversitesi,Eczacılık,Sivas,SAY,455,467.7,40,40,478
Cumhuriyet Üniversitesi,Veteriner,Sivas,SAY,438,453.19,40,40,951
Cumhuriyet Üniversitesi,Hemşirelik,Sivas,SAY,415,429.02,80,80,3896
Cumhuriyet Üniversitesi,Ebelik,Sivas,SAY,402,414.8,30,30,193359
Cumhuriyet Üniversitesi,Fizyoterapi ve Rehabilitasyon,Sivas,SAY,425,433.93,30,30,2089
Cumhuriyet Üniversitesi,Beslenme ve Diyetetik,Sivas,SAY,420,428.65,40,40,2478
Cumhuriyet Üniversitesi,Şehir ve Bölge Planlama,Sivas,SAY,425,439.59,40,40,1566
Cumhuriyet Üniversitesi,Peyzaj Mimarlığı,Sivas,SAY,412,420.45,30,30,7152
Cumhuriyet Üniversitesi,Orman Mühendisliği,Sivas,SAY,402,410.59,30,30,184592
Cumhuriyet Üniversitesi,Ziraat Mühendisliği,Sivas,SAY,398,407.42,50,50,1038860
Cumhuriyet Üniversitesi,Tarım Ekonomisi,Sivas,SAY,390,401.55,30,30,973339
Cumhuriyet Üniversitesi,İşletme,Sivas,EA,438,447.76,60,60,803
Cumhuriyet Üniversitesi,İktisat,Sivas,EA,435,446.54,60,60,931
Cumhuriyet Üniversitesi,Maliye,Sivas,EA,428,439.59,50,50,1328
Cumhuriyet Üniversitesi,Kamu Yönetimi,Sivas,EA,422,435.37,50,50,2366
Cumhuriyet Üniversitesi,Uluslararası İlişkiler,Sivas,EA,442,450.74,60,60,798
Cumhuriyet Üniversitesi,Siyaset Bilimi ve Kamu Yönetimi,Sivas,EA,433,448.38,70,70,1248
Cumhuriyet Üniversitesi,Çalışma Ekonomisi ve Endüstri İlişkileri,Sivas,EA,418,433.46,40,40,2871
Cumhuriyet Üniversitesi,Uluslararası Ticaret ve Lojistik,Sivas,EA,425,440.49,50,50,1922
Cumhuriyet Üniversitesi,Bankacılık ve Finans,Sivas,EA,428,437.59,50,50,1469
Cumhuriyet Üniversitesi,Muhasebe ve Finansal Yönetim,Sivas,EA,415,430.45,70,70,4387
Cumhuriyet Üniversitesi,Turizm İşletmeciliği,Sivas,EA,405,420.33,50,50,32132
Cumhuriyet Üniversitesi,Gastronomi ve Mutfak Sanatları,Sivas,EA,398,409.71,40,40,911474
Cumhuriyet Üniversitesi,Sosyoloji,Sivas,EA,412,425.42,50,50,5982
Cumhuriyet Üniversitesi,Psikoloji,Sivas,EA,442,451.75,60,60,701
Cumhuriyet Üniversitesi,Tarih,Sivas,EA,405,415.54,60,60,32792
Cumhuriyet Üniversitesi,Coğrafya,Sivas,EA,392,403.01,30,30,907115
Cumhuriyet Üniversitesi,Felsefe,Sivas,EA,410,422.36,40,40,8958
Cumhuriyet Üniversitesi,Arkeoloji,Sivas,EA,402,411.35,30,30,176377
Cumhuriyet Üniversitesi,Sanat Tarihi,Sivas,EA,398,408.35,40,40,862899
Cumhuriyet Üniversitesi,Sosyal Hizmet,Sivas,EA,412,422.28,50,50,5929
Cumhuriyet Üniversitesi,Türk Dili ve Edebiyatı,Sivas,SÖZ,412,426.66,60,60,6639
Cumhuriyet Üniversitesi,Türk Dili ve Edebiyatı Öğretmenliği,Sivas,SÖZ,415,430.24,30,30,4914
Cumhuriyet Üniversitesi,İngilizce Öğretmenliği,Sivas,SÖZ,422,437.32,40,40,2006
Cumhuriyet Üniversitesi,Almanca Öğretmenliği,Sivas,SÖZ,405,420.03,30,30,37029
Cumhuriyet Üniversitesi,Fransızca Öğretmenliği,Sivas,SÖZ,402,410.82,30,30,156454
Cumhuriyet Üniversitesi,Rehberlik ve Psikolojik Danışmanlık,Sivas,SÖZ,428,437.37,40,40,1510
Cumhuriyet Üniversitesi,Okul Öncesi Öğretmenliği,Sivas,SÖZ,412,425.85,50,50,7066
Cumhuriyet Üniversitesi,Sınıf Öğretmenliği,Sivas,SÖZ,415,429.61,60,60,5098
Cumhuriyet Üniversitesi,İlahiyat,Sivas,SÖZ,398,412.78,80,80,903164
Cumhuriyet Üniversitesi,Arap Dili ve Edebiyatı,Sivas,SÖZ,390,398.23,40,40,918671
Cumhuriyet Üniversitesi,İngiliz Dili ve Edebiyatı,Sivas,SÖZ,418,426.18,40,40,3583
Cumhuriyet Üniversitesi,Fransız Dili ve Edebiyatı,Sivas,SÖZ,400,411.43,30,30,1054222
Cumhuriyet Üniversitesi,Alman Dili ve Edebiyatı,Sivas,SÖZ,398,411.6,30,30,970796
Cumhuriyet Üniversitesi,Japon Dili ve Edebiyatı,Sivas,SÖZ,408,419.24,20,20,15402
Cumhuriyet Üniversitesi,Çin Dili ve Edebiyatı,Sivas,SÖZ,405,415.92,30,30,28168
Cumhuriyet Üniversitesi,Gazetecilik,Sivas,SÖZ,413,427.73,60,60,5360
Cumhuriyet Üniversitesi,Radyo Televizyon ve Sinema,Sivas,SÖZ,412,421.27,60,60,7859
Cumhuriyet Üniversitesi,Halkla İlişkiler ve Tanıtım,Sivas,SÖZ,408,416.12,70,70,13505
Cumhuriyet Üniversitesi,İletişim Tasarımı,Sivas,SÖZ,410,423.49,30,30,9237
Kırıkkale Üniversitesi,Bilgisayar Mühendisliği,Kırıkkale,SAY,460,473.21,60,60,426
Kırıkkale Üniversitesi,Elektrik-Elektronik Mühendisliği,Kırıkkale,SAY,455,465.62,70,70,428
Kırıkkale Üniversitesi,Makine Mühendisliği,Kırıkkale,SAY,450,458.32,80,80,538
Kırıkkale Üniversitesi,İnşaat Mühendisliği,Kırıkkale,SAY,445,456.44,70,70,654
Kırıkkale Üniversitesi,Endüstri Mühendisliği,Kırıkkale,SAY,448,456.13,60,60,506
Kırıkkale Üniversitesi,Kimya Mühendisliği,Kırıkkale,SAY,440,450.65,60,60,674
Kırıkkale Üniversitesi,Mekatronik Mühendisliği,Kırıkkale,SAY,438,451.3,70,70,870
Kırıkkale Üniversitesi,Yazılım Mühendisliği,Kırıkkale,SAY,442,455.53,50,50,719
Kırıkkale Üniversitesi,Biyomedikal Mühendisliği,Kırıkkale,SAY,435,450.06,40,40,948
Kırıkkale Üniversitesi,Çevre Mühendisliği,Kırıkkale,SAY,428,441.04,50,50,1555
Kırıkkale Üniversitesi,Gıda Mühendisliği,Kırıkkale,SAY,420,432.37,60,60,2695
Kırıkkale Üniversitesi,Jeoloji Mühendisliği,Kırıkkale,SAY,412,425.56,30,30,6727
Kırıkkale Üniversitesi,Maden Mühendisliği,Kırıkkale,SAY,405,420.16,30,30,32136
Kırıkkale Üniversitesi,Metalurji ve Malzeme Mühendisliği,Kırıkkale,SAY,408,422.15,30,30,14877
Kırıkkale Üniversitesi,Tekstil Mühendisliği,Kırıkkale,SAY,400,410.2,40,40,1084073
Kırıkkale Üniversitesi,Fizik,Kırıkkale,SAY,418,431.02,50,50,3769
Kırıkkale Üniversitesi,Kimya,Kırıkkale,SAY,413,424.08,60,60,5306
Kırıkkale Üniversitesi,Matematik,Kırıkkale,SAY,422,434.05,50,50,2450
Kırıkkale Üniversitesi,İstatistik,Kırıkkale,SAY,420,430.56,50,50,2792
Kırıkkale Üniversitesi,Biyoloji,Kırıkkale,SAY,410,424.32,60,60,9600
Kırıkkale Üniversitesi,Moleküler Biyoloji ve Genetik,Kırıkkale,SAY,433,446.15,40,40,1168
Kırıkkale Üniversitesi,Tıp,Kırıkkale,SAY,475,488.56,80,80,280
Kırıkkale Üniversitesi,Veteriner,Kırıkkale,SAY,438,452.04,40,40,831
Kırıkkale Üniversitesi,Hemşirelik,Kırıkkale,SAY,415,426.65,80,80,3948
Kırıkkale Üniversitesi,Ebelik,Kırıkkale,SAY,402,417.2,40,40,155551
Kırıkkale Üniversitesi,Fizyoterapi ve Rehabilitasyon,Kırıkkale,SAY,425,435.15,40,40,1653
Kırıkkale Üniversitesi,Beslenme ve Diyetetik,Kırıkkale,SAY,420,431.15,40,40,2435
Kırıkkale Üniversitesi,Şehir ve Bölge Planlama,Kırıkkale,SAY,425,434.49,40,40,1688
Kırıkkale Üniversitesi,Peyzaj Mimarlığı,Kırıkkale,SAY,412,425.91,40,40,7560
Kırıkkale Üniversitesi,Orman Mühendisliği,Kırıkkale,SAY,402,411.78,40,40,195079
Kırıkkale Üniversitesi,Ziraat Mühendisliği,Kırıkkale,SAY,398,410.58,50,50,880929
Kırıkkale Üniversitesi,Tarım Ekonomisi,Kırıkkale,SAY,390,403.48,30,30,1124798
Kırıkkale Üniversitesi,İşletme,Kırıkkale,EA,438,451.78,60,60,971
Kırıkkale Üniversitesi,İktisat,Kırıkkale,EA,435,446.11,60,60,1137
Kırıkkale Üniversitesi,Maliye,Kırıkkale,EA,428,437.77,50,50,1576
Kırıkkale Üniversitesi,Kamu Yönetimi,Kırıkkale,EA,422,435.49,60,60,2025
Kırıkkale Üniversitesi,Uluslararası İlişkiler,Kırıkkale,EA,442,450.85,50,50,763
Kırıkkale Üniversitesi,Siyaset Bilimi ve Kamu Yönetimi,Kırıkkale,EA,433,446.17,70,70,1114
Kırıkkale Üniversitesi,Çalışma Ekonomisi ve Endüstri İlişkileri,Kırıkkale,EA,418,430.47,30,30,2821
Kırıkkale Üniversitesi,Uluslararası Ticaret ve Lojistik,Kırıkkale,EA,425,438.44,50,50,2005
Kırıkkale Üniversitesi,Bankacılık ve Finans,Kırıkkale,EA,428,441.03,60,60,1320
Kırıkkale Üniversitesi,Muhasebe ve Finansal Yönetim,Kırıkkale,EA,415,427.62,50,50,5169
Kırıkkale Üniversitesi,Turizm İşletmeciliği,Kırıkkale,EA,405,416.87,60,60,28611
Kırıkkale Üniversitesi,Gastronomi ve Mutfak Sanatları,Kırıkkale,EA,398,410.66,30,30,930739
Kırıkkale Üniversitesi,Sosyoloji,Kırıkkale,EA,412,421.68,50,50,6452
Kırıkkale Üniversitesi,Psikoloji,Kırıkkale,EA,442,452.61,50,50,680
Kırıkkale Üniversitesi,Tarih,Kırıkkale,EA,405,415.93,60,60,36948
Kırıkkale Üniversitesi,Coğrafya,Kırıkkale,EA,392,406.77,30,30,1007356
Kırıkkale Üniversitesi,Felsefe,Kırıkkale,EA,410,424.81,40,40,8213
Kırıkkale Üniversitesi,Arkeoloji,Kırıkkale,EA,402,416.77,40,40,182493
Kırıkkale Üniversitesi,Sanat Tarihi,Kırıkkale,EA,398,413.6,30,30,1087735
Kırıkkale Üniversitesi,Sosyal Hizmet,Kırıkkale,EA,412,423.65,70,70,7085
Kırıkkale Üniversitesi,Türk Dili ve Edebiyatı,Kırıkkale,SÖZ,412,424.73,40,40,6792
Kırıkkale Üniversitesi,Türk Dili ve Edebiyatı Öğretmenliği,Kırıkkale,SÖZ,415,424.05,30,30,4552
Kırıkkale Üniversitesi,İngilizce Öğretmenliği,Kırıkkale,SÖZ,422,436.76,40,40,2318
Kırıkkale Üniversitesi,Almanca Öğretmenliği,Kırıkkale,SÖZ,405,414.3,20,20,29505
Kırıkkale Üniversitesi,Fransızca Öğretmenliği,Kırıkkale,SÖZ,402,416.48,20,20,168590
Kırıkkale Üniversitesi,Rehberlik ve Psikolojik Danışmanlık,Kırıkkale,SÖZ,428,442.18,40,40,1492
Kırıkkale Üniversitesi,Okul Öncesi Öğretmenliği,Kırıkkale,SÖZ,412,423.54,50,50,6434
Kırıkkale Üniversitesi,Sınıf Öğretmenliği,Kırıkkale,SÖZ,415,425.7,60,60,4359
Kırıkkale Üniversitesi,İlahiyat,Kırıkkale,SÖZ,398,410.33,80,80,951859
Kırıkkale Üniversitesi,Arap Dili ve Edebiyatı,Kırıkkale,SÖZ,390,404.37,40,40,945197
Kırıkkale Üniversitesi,İngiliz Dili ve Edebiyatı,Kırıkkale,SÖZ,418,427.42,40,40,2933
Kırıkkale Üniversitesi,Fransız Dili ve Edebiyatı,Kırıkkale,SÖZ,400,415.74,20,20,1093724
Kırıkkale Üniversitesi,Alman Dili ve Edebiyatı,Kırıkkale,SÖZ,398,407.09,30,30,1105302
Kırıkkale Üniversitesi,Japon Dili ve Edebiyatı,Kırıkkale,SÖZ,408,422.41,20,20,13665
Kırıkkale Üniversitesi,Çin Dili ve Edebiyatı,Kırıkkale,SÖZ,405,414.86,20,20,37667
Kırıkkale Üniversitesi,Gazetecilik,Kırıkkale,SÖZ,413,428.06,60,60,6510
Kırıkkale Üniversitesi,Radyo Televizyon ve Sinema,Kırıkkale,SÖZ,412,420.55,50,50,5832
Kırıkkale Üniversitesi,Halkla İlişkiler ve Tanıtım,Kırıkkale,SÖZ,408,417.63,60,60,14775
Kırıkkale Üniversitesi,İletişim Tasarımı,Kırıkkale,SÖZ,410,418.8,40,40,8947
Afyon Kocatepe Üniversitesi,Bilgisayar Mühendisliği,Afyonkarahisar,SAY,460,471.06,90,90,386
Afyon Kocatepe Üniversitesi,Elektrik-Elektronik Mühendisliği,Afyonkarahisar,SAY,455,467.0,90,90,488
Afyon Kocatepe Üniversitesi,Makine Mühendisliği,Afyonkarahisar,SAY,450,461.59,70,70,545
Afyon Kocatepe Üniversitesi,İnşaat Mühendisliği,Afyonkarahisar,SAY,445,458.15,60,60,567
Afyon Kocatepe Üniversitesi,Endüstri Mühendisliği,Afyonkarahisar,SAY,448,460.12,50,50,604
Afyon Kocatepe Üniversitesi,Kimya Mühendisliği,Afyonkarahisar,SAY,440,449.67,60,60,891
Afyon Kocatepe Üniversitesi,Mekatronik Mühendisliği,Afyonkarahisar,SAY,438,447.38,60,60,871
Afyon Kocatepe Üniversitesi,Yazılım Mühendisliği,Afyonkarahisar,SAY,442,451.52,50,50,623
Afyon Kocatepe Üniversitesi,Biyomedikal Mühendisliği,Afyonkarahisar,SAY,435,449.73,30,30,849
Afyon Kocatepe Üniversitesi,Çevre Mühendisliği,Afyonkarahisar,SAY,428,439.02,50,50,1270
Afyon Kocatepe Üniversitesi,Gıda Mühendisliği,Afyonkarahisar,SAY,420,430.1,60,60,2451
Afyon Kocatepe Üniversitesi,Jeoloji Mühendisliği,Afyonkarahisar,SAY,412,420.19,30,30,6159
Afyon Kocatepe Üniversitesi,Maden Mühendisliği,Afyonkarahisar,SAY,405,413.7,40,40,32676
Afyon Kocatepe Üniversitesi,Metalurji ve Malzeme Mühendisliği,Afyonkarahisar,SAY,408,419.84,40,40,13445
Afyon Kocatepe Üniversitesi,Tekstil Mühendisliği,Afyonkarahisar,SAY,400,413.02,30,30,995149
Afyon Kocatepe Üniversitesi,Fizik,Afyonkarahisar,SAY,418,433.54,60,60,3128
Afyon Kocatepe Üniversitesi,Kimya,Afyonkarahisar,SAY,413,427.2,50,50,6230
Afyon Kocatepe Üniversitesi,Matematik,Afyonkarahisar,SAY,422,434.43,50,50,2458
Afyon Kocatepe Üniversitesi,İstatistik,Afyonkarahisar,SAY,420,429.45,50,50,2680
Afyon Kocatepe Üniversitesi,Biyoloji,Afyonkarahisar,SAY,410,418.51,50,50,10043
Afyon Kocatepe Üniversitesi,Moleküler Biyoloji ve Genetik,Afyonkarahisar,SAY,433,446.83,40,40,1249
Afyon Kocatepe Üniversitesi,Tıp,Afyonkarahisar,SAY,475,490.65,70,70,284
Afyon Kocatepe Üniversitesi,Veteriner,Afyonkarahisar,SAY,438,450.61,40,40,877
Afyon Kocatepe Üniversitesi,Hemşirelik,Afyonkarahisar,SAY,415,430.05,80,80,5209
Afyon Kocatepe Üniversitesi,Ebelik,Afyonkarahisar,SAY,402,415.26,40,40,176706
Afyon Kocatepe Üniversitesi,Fizyoterapi ve Rehabilitasyon,Afyonkarahisar,SAY,425,437.41,30,30,1682
Afyon Kocatepe Üniversitesi,Beslenme ve Diyetetik,Afyonkarahisar,SAY,420,433.62,40,40,2520
Afyon Kocatepe Üniversitesi,Şehir ve Bölge Planlama,Afyonkarahisar,SAY,425,434.63,30,30,1857
Afyon Kocatepe Üniversitesi,Peyzaj Mimarlığı,Afyonkarahisar,SAY,412,423.91,40,40,7145
Afyon Kocatepe Üniversitesi,Orman Mühendisliği,Afyonkarahisar,SAY,402,411.75,30,30,188237
Afyon Kocatepe Üniversitesi,Ziraat Mühendisliği,Afyonkarahisar,SAY,398,410.57,50,50,928310
Afyon Kocatepe Üniversitesi,Tarım Ekonomisi,Afyonkarahisar,SAY,390,404.2,40,40,1033362
Afyon Kocatepe Üniversitesi,İşletme,Afyonkarahisar,EA,438,449.57,90,90,943
Afyon Kocatepe Üniversitesi,İktisat,Afyonkarahisar,EA,435,444.49,60,60,899
Afyon Kocatepe Üniversitesi,Maliye,Afyonkarahisar,EA,428,437.97,50,50,1669
Afyon Kocatepe Üniversitesi,Kamu Yönetimi,Afyonkarahisar,EA,422,433.98,50,50,2032
Afyon Kocatepe Üniversitesi,Uluslararası İlişkiler,Afyonkarahisar,EA,442,452.62,60,60,735
Afyon Kocatepe Üniversitesi,Siyaset Bilimi ve Kamu Yönetimi,Afyonkarahisar,EA,433,442.94,60,60,991
Afyon Kocatepe Üniversitesi,Çalışma Ekonomisi ve Endüstri İlişkileri,Afyonkarahisar,EA,418,426.79,30,30,3591
Afyon Kocatepe Üniversitesi,Uluslararası Ticaret ve Lojistik,Afyonkarahisar,EA,425,439.9,50,50,1853
Afyon Kocatepe Üniversitesi,Bankacılık ve Finans,Afyonkarahisar,EA,428,438.12,60,60,1514
Afyon Kocatepe Üniversitesi,Muhasebe ve Finansal Yönetim,Afyonkarahisar,EA,415,430.08,60,60,4608
Afyon Kocatepe Üniversitesi,Turizm İşletmeciliği,Afyonkarahisar,EA,405,415.79,60,60,30237
Afyon Kocatepe Üniversitesi,Gastronomi ve Mutfak Sanatları,Afyonkarahisar,EA,398,408.98,30,30,1004299
Afyon Kocatepe Üniversitesi,Sosyoloji,Afyonkarahisar,EA,412,423.15,60,60,5945
Afyon Kocatepe Üniversitesi,Psikoloji,Afyonkarahisar,EA,442,457.98,50,50,775
Afyon Kocatepe Üniversitesi,Tarih,Afyonkarahisar,EA,405,415.42,60,60,37310
Afyon Kocatepe Üniversitesi,Coğrafya,Afyonkarahisar,EA,392,406.84,30,30,1022154
Afyon Kocatepe Üniversitesi,Felsefe,Afyonkarahisar,EA,410,424.68,30,30,8547
Afyon Kocatepe Üniversitesi,Arkeoloji,Afyonkarahisar,EA,402,417.19,30,30,191305
Afyon Kocatepe Üniversitesi,Sanat Tarihi,Afyonkarahisar,EA,398,410.62,40,40,1083765
Afyon Kocatepe Üniversitesi,Sosyal Hizmet,Afyonkarahisar,EA,412,422.79,50,50,5870
Afyon Kocatepe Üniversitesi,Türk Dili ve Edebiyatı,Afyonkarahisar,SÖZ,412,425.23,50,50,7330
Afyon Kocatepe Üniversitesi,Türk Dili ve Edebiyatı Öğretmenliği,Afyonkarahisar,SÖZ,415,424.57,30,30,3902
Afyon Kocatepe Üniversitesi,İngilizce Öğretmenliği,Afyonkarahisar,SÖZ,422,431.68,30,30,2364
Afyon Kocatepe Üniversitesi,Almanca Öğretmenliği,Afyonkarahisar,SÖZ,405,414.16,20,20,28627
Afyon Kocatepe Üniversitesi,Fransızca Öğretmenliği,Afyonkarahisar,SÖZ,402,411.66,30,30,152562
Afyon Kocatepe Üniversitesi,Rehberlik ve Psikolojik Danışmanlık,Afyonkarahisar,SÖZ,428,439.68,40,40,1475
Afyon Kocatepe Üniversitesi,Okul Öncesi Öğretmenliği,Afyonkarahisar,SÖZ,412,424.85,50,50,7353
Afyon Kocatepe Üniversitesi,Sınıf Öğretmenliği,Afyonkarahisar,SÖZ,415,426.22,50,50,4073
Afyon Kocatepe Üniversitesi,İlahiyat,Afyonkarahisar,SÖZ,398,411.77,80,80,983946
Afyon Kocatepe Üniversitesi,Arap Dili ve Edebiyatı,Afyonkarahisar,SÖZ,390,405.4,40,40,1077984
Afyon Kocatepe Üniversitesi,İngiliz Dili ve Edebiyatı,Afyonkarahisar,SÖZ,418,430.98,30,30,3528
Afyon Kocatepe Üniversitesi,Fransız Dili ve Edebiyatı,Afyonkarahisar,SÖZ,400,411.45,30,30,951193
Afyon Kocatepe Üniversitesi,Alman Dili ve Edebiyatı,Afyonkarahisar,SÖZ,398,409.64,30,30,1113060
Afyon Kocatepe Üniversitesi,Japon Dili ve Edebiyatı,Afyonkarahisar,SÖZ,408,416.83,20,20,15335
Afyon Kocatepe Üniversitesi,Çin Dili ve Edebiyatı,Afyonkarahisar,SÖZ,405,415.28,30,30,35992
Afyon Kocatepe Üniversitesi,Gazetecilik,Afyonkarahisar,SÖZ,413,422.12,40,40,5639
Afyon Kocatepe Üniversitesi,Radyo Televizyon ve Sinema,Afyonkarahisar,SÖZ,412,427.86,50,50,6129
Afyon Kocatepe Üniversitesi,Halkla İlişkiler ve Tanıtım,Afyonkarahisar,SÖZ,408,422.72,60,60,14598
Afyon Kocatepe Üniversitesi,İletişim Tasarımı,Afyonkarahisar,SÖZ,410,425.74,40,40,10141
Süleyman Demirel Üniversitesi,Bilgisayar Mühendisliği,Isparta,SAY,460,473.94,80,80,394
Süleyman Demirel Üniversitesi,Elektrik-Elektronik Mühendisliği,Isparta,SAY,455,468.34,60,60,454
Süleyman Demirel Üniversitesi,Makine Mühendisliği,Isparta,SAY,451.73,463.7,60,60,421
Süleyman Demirel Üniversitesi,İnşaat Mühendisliği,Isparta,SAY,447.21,456.16,70,70,541
Süleyman Demirel Üniversitesi,Endüstri Mühendisliği,Isparta,SAY,448,458.61,50,50,541
Süleyman Demirel Üniversitesi,Kimya Mühendisliği,Isparta,SAY,442.54,452.24,70,70,601
Süleyman Demirel Üniversitesi,Mekatronik Mühendisliği,Isparta,SAY,438,452.23,70,70,737
Süleyman Demirel Üniversitesi,Yazılım Mühendisliği,Isparta,SAY,442,453.38,50,50,688
Süleyman Demirel Üniversitesi,Biyomedikal Mühendisliği,Isparta,SAY,435,446.96,40,40,865
Süleyman Demirel Üniversitesi,Çevre Mühendisliği,Isparta,SAY,428,441.75,50,50,1697
Süleyman Demirel Üniversitesi,Gıda Mühendisliği,Isparta,SAY,420,428.18,50,50,2507
Süleyman Demirel Üniversitesi,Jeoloji Mühendisliği,Isparta,SAY,412,425.2,30,30,7672
Süleyman Demirel Üniversitesi,Maden Mühendisliği,Isparta,SAY,405,419.91,40,40,36369
Süleyman Demirel Üniversitesi,Metalurji ve Malzeme Mühendisliği,Isparta,SAY,408,417.77,30,30,15105
Süleyman Demirel Üniversitesi,Tekstil Mühendisliği,Isparta,SAY,400,409.0,40,40,1034840
Süleyman Demirel Üniversitesi,Fizik,Isparta,SAY,418,429.97,60,60,3711
Süleyman Demirel Üniversitesi,Kimya,Isparta,SAY,413,428.14,40,40,5587
Süleyman Demirel Üniversitesi,Matematik,Isparta,SAY,422,435.42,50,50,2643
Süleyman Demirel Üniversitesi,İstatistik,Isparta,SAY,420,429.38,50,50,2522
Süleyman Demirel Üniversitesi,Biyoloji,Isparta,SAY,410,424.69,50,50,8798
Süleyman Demirel Üniversitesi,Moleküler Biyoloji ve Genetik,Isparta,SAY,433,445.44,40,40,1197
Süleyman Demirel Üniversitesi,Tıp,Isparta,SAY,477.05,485.36,90,90,205
Süleyman Demirel Üniversitesi,Veteriner,Isparta,SAY,438,450.43,30,30,756
Süleyman Demirel Üniversitesi,Hemşirelik,Isparta,SAY,415,423.72,80,80,4118
Süleyman Demirel Üniversitesi,Ebelik,Isparta,SAY,402,414.13,40,40,188449
Süleyman Demirel Üniversitesi,Fizyoterapi ve Rehabilitasyon,Isparta,SAY,425,434.19,40,40,1569
Süleyman Demirel Üniversitesi,Beslenme ve Diyetetik,Isparta,SAY,420,433.63,30,30,2700
Süleyman Demirel Üniversitesi,Şehir ve Bölge Planlama,Isparta,SAY,425,436.62,30,30,1688
Süleyman Demirel Üniversitesi,Peyzaj Mimarlığı,Isparta,SAY,412,420.64,40,40,5918
Süleyman Demirel Üniversitesi,Orman Mühendisliği,Isparta,SAY,402,414.25,30,30,160701
Süleyman Demirel Üniversitesi,Ziraat Mühendisliği,Isparta,SAY,398,407.4,40,40,1061218
Süleyman Demirel Üniversitesi,Tarım Ekonomisi,Isparta,SAY,390,399.45,40,40,1009506
Süleyman Demirel Üniversitesi,İşletme,Isparta,EA,438,449.41,70,70,841
Süleyman Demirel Üniversitesi,İktisat,Isparta,EA,435,443.96,70,70,849
Süleyman Demirel Üniversitesi,Maliye,Isparta,EA,428,442.98,50,50,1356
Süleyman Demirel Üniversitesi,Kamu Yönetimi,Isparta,EA,422,437.36,50,50,2258
Süleyman Demirel Üniversitesi,Uluslararası İlişkiler,Isparta,EA,442,453.15,40,40,787
Süleyman Demirel Üniversitesi,Hukuk,Isparta,EA,449.31,461.51,80,80,591
Süleyman Demirel Üniversitesi,Siyaset Bilimi ve Kamu Yönetimi,Isparta,EA,433,441.26,50,50,1267
Süleyman Demirel Üniversitesi,Çalışma Ekonomisi ve Endüstri İlişkileri,Isparta,EA,418,428.48,40,40,3132
Süleyman Demirel Üniversitesi,Uluslararası Ticaret ve Lojistik,Isparta,EA,425,439.36,60,60,1580
Süleyman Demirel Üniversitesi,Bankacılık ve Finans,Isparta,EA,428,436.99,40,40,1379
Süleyman Demirel Üniversitesi,Muhasebe ve Finansal Yönetim,Isparta,EA,415,427.68,70,70,4643
Süleyman Demirel Üniversitesi,Turizm İşletmeciliği,Isparta,EA,405,418.72,60,60,35668
Süleyman Demirel Üniversitesi,Gastronomi ve Mutfak Sanatları,Isparta,EA,398,408.16,30,30,850907
Süleyman Demirel Üniversitesi,Sosyoloji,Isparta,EA,412,420.53,40,40,7432
Süleyman Demirel Üniversitesi,Psikoloji,Isparta,EA,442,454.01,50,50,784
Süleyman Demirel Üniversitesi,Tarih,Isparta,EA,405,419.57,50,50,37377
Süleyman Demirel Üniversitesi,Coğrafya,Isparta,EA,392,407.92,40,40,1041663
Süleyman Demirel Üniversitesi,Felsefe,Isparta,EA,410,422.72,40,40,10037
Süleyman Demirel Üniversitesi,Arkeoloji,Isparta,EA,402,414.45,30,30,161584
Süleyman Demirel Üniversitesi,Sanat Tarihi,Isparta,EA,398,406.8,30,30,914884
Süleyman Demirel Üniversitesi,Sosyal Hizmet,Isparta,EA,412,423.84,50,50,6367
Süleyman Demirel Üniversitesi,Türk Dili ve Edebiyatı,Isparta,SÖZ,412,422.58,60,60,6196
Süleyman Demirel Üniversitesi,Türk Dili ve Edebiyatı Öğretmenliği,Isparta,SÖZ,415,428.36,40,40,4713
Süleyman Demirel Üniversitesi,İngilizce Öğretmenliği,Isparta,SÖZ,422,437.97,30,30,2262
Süleyman Demirel Üniversitesi,Almanca Öğretmenliği,Isparta,SÖZ,405,420.29,20,20,29786
Süleyman Demirel Üniversitesi,Fransızca Öğretmenliği,Isparta,SÖZ,402,415.28,20,20,147818
Süleyman Demirel Üniversitesi,Rehberlik ve Psikolojik Danışmanlık,Isparta,SÖZ,428,442.56,30,30,1508
Süleyman Demirel Üniversitesi,Okul Öncesi Öğretmenliği,Isparta,SÖZ,412,420.44,60,60,6146
Süleyman Demirel Üniversitesi,Sınıf Öğretmenliği,Isparta,SÖZ,415,429.43,50,50,4758
Süleyman Demirel Üniversitesi,İlahiyat,Isparta,SÖZ,398,413.49,80,80,1133113
Süleyman Demirel Üniversitesi,Arap Dili ve Edebiyatı,Isparta,SÖZ,390,403.47,40,40,1075276
Süleyman Demirel Üniversitesi,İngiliz Dili ve Edebiyatı,Isparta,SÖZ,418,433.08,30,30,3578
Süleyman Demirel Üniversitesi,Fransız Dili ve Edebiyatı,Isparta,SÖZ,400,408.9,30,30,1142802
Süleyman Demirel Üniversitesi,Alman Dili ve Edebiyatı,Isparta,SÖZ,398,410.3,30,30,1037787
Süleyman Demirel Üniversitesi,Japon Dili ve Edebiyatı,Isparta,SÖZ,408,420.07,30,30,15553
Süleyman Demirel Üniversitesi,Çin Dili ve Edebiyatı,Isparta,SÖZ,405,420.42,20,20,37028
Süleyman Demirel Üniversitesi,Gazetecilik,Isparta,SÖZ,413,427.06,60,60,5842
Süleyman Demirel Üniversitesi,Radyo Televizyon ve Sinema,Isparta,SÖZ,412,424.11,60,60,7725
Süleyman Demirel Üniversitesi,Halkla İlişkiler ve Tanıtım,Isparta,SÖZ,408,420.05,40,40,13943
Süleyman Demirel Üniversitesi,İletişim Tasarımı,Isparta,SÖZ,410,424.49,30,30,8822
Mehmet Akif Ersoy Üniversitesi,Bilgisayar Mühendisliği,Burdur,SAY,460,471.79,90,90,331
Mehmet Akif Ersoy Üniversitesi,Elektrik-Elektronik Mühendisliği,Burdur,SAY,455,466.04,80,80,386
Mehmet Akif Ersoy Üniversitesi,Makine Mühendisliği,Burdur,SAY,450,463.18,60,60,458
Mehmet Akif Ersoy Üniversitesi,İnşaat Mühendisliği,Burdur,SAY,445,458.39,80,80,651
Mehmet Akif Ersoy Üniversitesi,Endüstri Mühendisliği,Burdur,SAY,448,459.39,50,50,632
Mehmet Akif Ersoy Üniversitesi,Kimya Mühendisliği,Burdur,SAY,440,451.14,60,60,888
Mehmet Akif Ersoy Üniversitesi,Mekatronik Mühendisliği,Burdur,SAY,438,451.32,40,40,743
Mehmet Akif Ersoy Üniversitesi,Yazılım Mühendisliği,Burdur,SAY,442,455.71,60,60,666
Mehmet Akif Ersoy Üniversitesi,Biyomedikal Mühendisliği,Burdur,SAY,435,446.39,30,30,953
Mehmet Akif Ersoy Üniversitesi,Çevre Mühendisliği,Burdur,SAY,428,441.14,50,50,1345
Mehmet Akif Ersoy Üniversitesi,Gıda Mühendisliği,Burdur,SAY,420,433.53,50,50,2777
Mehmet Akif Ersoy Üniversitesi,Jeoloji Mühendisliği,Burdur,SAY,412,420.86,40,40,7733
Mehmet Akif Ersoy Üniversitesi,Maden Mühendisliği,Burdur,SAY,405,418.27,30,30,34515
Mehmet Akif Ersoy Üniversitesi,Metalurji ve Malzeme Mühendisliği,Burdur,SAY,408,423.08,40,40,16025
Mehmet Akif Ersoy Üniversitesi,Tekstil Mühendisliği,Burdur,SAY,400,412.88,30,30,965118
Mehmet Akif Ersoy Üniversitesi,Fizik,Burdur,SAY,418,430.89,50,50,2831
Mehmet Akif Ersoy Üniversitesi,Kimya,Burdur,SAY,413,421.52,60,60,5060
Mehmet Akif Ersoy Üniversitesi,Matematik,Burdur,SAY,422,431.14,50,50,2632
Mehmet Akif Ersoy Üniversitesi,İstatistik,Burdur,SAY,420,434.6,60,60,2653
Mehmet Akif Ersoy Üniversitesi,Biyoloji,Burdur,SAY,410,422.02,60,60,9719
Mehmet Akif Ersoy Üniversitesi,Moleküler Biyoloji ve Genetik,Burdur,SAY,433,445.28,40,40,1118
Mehmet Akif Ersoy Üniversitesi,Veteriner,Burdur,SAY,438,453.04,30,30,766
Mehmet Akif Ersoy Üniversitesi,Hemşirelik,Burdur,SAY,415,430.92,70,70,4930
Mehmet Akif Ersoy Üniversitesi,Ebelik,Burdur,SAY,402,413.4,30,30,178674
Mehmet Akif Ersoy Üniversitesi,Fizyoterapi ve Rehabilitasyon,Burdur,SAY,425,434.72,40,40,2007
Mehmet Akif Ersoy Üniversitesi,Beslenme ve Diyetetik,Burdur,SAY,420,433.8,40,40,2613
Mehmet Akif Ersoy Üniversitesi,Şehir ve Bölge Planlama,Burdur,SAY,425,439.52,40,40,2100
Mehmet Akif Ersoy Üniversitesi,Peyzaj Mimarlığı,Burdur,SAY,412,420.86,40,40,6259
Mehmet Akif Ersoy Üniversitesi,Orman Mühendisliği,Burdur,SAY,402,412.73,30,30,197168
Mehmet Akif Ersoy Üniversitesi,Ziraat Mühendisliği,Burdur,SAY,398,410.45,50,50,878317
Mehmet Akif Ersoy Üniversitesi,Tarım Ekonomisi,Burdur,SAY,390,398.18,40,40,899671
Mehmet Akif Ersoy Üniversitesi,İşletme,Burdur,EA,438,448.42,60,60,768
Mehmet Akif Ersoy Üniversitesi,İktisat,Burdur,EA,435,445.54,70,70,856
Mehmet Akif Ersoy Üniversitesi,Maliye,Burdur,EA,428,436.23,50,50,1520
Mehmet Akif Ersoy Üniversitesi,Kamu Yönetimi,Burdur,EA,422,436.04,60,60,2289
Mehmet Akif Ersoy Üniversitesi,Uluslararası İlişkiler,Burdur,EA,442,456.18,50,50,637
Mehmet Akif Ersoy Üniversitesi,Siyaset Bilimi ve Kamu Yönetimi,Burdur,EA,433,447.02,60,60,1151
Mehmet Akif Ersoy Üniversitesi,Çalışma Ekonomisi ve Endüstri İlişkileri,Burdur,EA,418,431.84,30,30,3663
Mehmet Akif Ersoy Üniversitesi,Uluslararası Ticaret ve Lojistik,Burdur,EA,425,433.78,50,50,1596
Mehmet Akif Ersoy Üniversitesi,Bankacılık ve Finans,Burdur,EA,428,443.96,60,60,1618
Mehmet Akif Ersoy Üniversitesi,Muhasebe ve Finansal Yönetim,Burdur,EA,415,430.35,70,70,4757
Mehmet Akif Ersoy Üniversitesi,Turizm İşletmeciliği,Burdur,EA,405,417.93,60,60,33494
Mehmet Akif Ersoy Üniversitesi,Gastronomi ve Mutfak Sanatları,Burdur,EA,398,413.8,40,40,968747
Mehmet Akif Ersoy Üniversitesi,Sosyoloji,Burdur,EA,412,427.44,50,50,6603
Mehmet Akif Ersoy Üniversitesi,Psikoloji,Burdur,EA,442,450.72,50,50,683
Mehmet Akif Ersoy Üniversitesi,Tarih,Burdur,EA,405,418.28,60,60,29245
Mehmet Akif Ersoy Üniversitesi,Coğrafya,Burdur,EA,392,405.44,40,40,867575
Mehmet Akif Ersoy Üniversitesi,Felsefe,Burdur,EA,410,420.89,30,30,10070
Mehmet Akif Ersoy Üniversitesi,Arkeoloji,Burdur,EA,402,412.81,30,30,150096
Mehmet Akif Ersoy Üniversitesi,Sanat Tarihi,Burdur,EA,398,406.49,40,40,1099756
Mehmet Akif Ersoy Üniversitesi,Sosyal Hizmet,Burdur,EA,412,426.46,50,50,6246
Mehmet Akif Ersoy Üniversitesi,Türk Dili ve Edebiyatı,Burdur,SÖZ,412,425.67,60,60,6079
Mehmet Akif Ersoy Üniversitesi,Türk Dili ve Edebiyatı Öğretmenliği,Burdur,SÖZ,415,425.98,30,30,3972
Mehmet Akif Ersoy Üniversitesi,İngilizce Öğretmenliği,Burdur,SÖZ,422,434.75,30,30,2404
Mehmet Akif Ersoy Üniversitesi,Almanca Öğretmenliği,Burdur,SÖZ,405,417.24,20,20,33911
Mehmet Akif Ersoy Üniversitesi,Fransızca Öğretmenliği,Burdur,SÖZ,402,413.01,30,30,165844
Mehmet Akif Ersoy Üniversitesi,Rehberlik ve Psikolojik Danışmanlık,Burdur,SÖZ,428,441.92,30,30,1515
Mehmet Akif Ersoy Üniversitesi,Okul Öncesi Öğretmenliği,Burdur,SÖZ,412,420.4,50,50,7442
Mehmet Akif Ersoy Üniversitesi,Sınıf Öğretmenliği,Burdur,SÖZ,415,429.32,50,50,4322
Mehmet Akif Ersoy Üniversitesi,İlahiyat,Burdur,SÖZ,398,412.05,90,90,951974
Mehmet Akif Ersoy Üniversitesi,Arap Dili ve Edebiyatı,Burdur,SÖZ,390,404.26,30,30,942555
Mehmet Akif Ersoy Üniversitesi,İngiliz Dili ve Edebiyatı,Burdur,SÖZ,418,432.25,30,30,3603
Mehmet Akif Ersoy Üniversitesi,Fransız Dili ve Edebiyatı,Burdur,SÖZ,400,414.86,30,30,960857
Mehmet Akif Ersoy Üniversitesi,Alman Dili ve Edebiyatı,Burdur,SÖZ,398,412.27,20,20,1106285
Mehmet Akif Ersoy Üniversitesi,Japon Dili ve Edebiyatı,Burdur,SÖZ,408,421.6,20,20,12308
Mehmet Akif Ersoy Üniversitesi,Çin Dili ve Edebiyatı,Burdur,SÖZ,405,417.87,20,20,30419
Mehmet Akif Ersoy Üniversitesi,Gazetecilik,Burdur,SÖZ,413,426.4,50,50,5324
Mehmet Akif Ersoy Üniversitesi,Radyo Televizyon ve Sinema,Burdur,SÖZ,412,422.35,60,60,7799
Mehmet Akif Ersoy Üniversitesi,Halkla İlişkiler ve Tanıtım,Burdur,SÖZ,408,423.05,50,50,15035
Mehmet Akif Ersoy Üniversitesi,İletişim Tasarımı,Burdur,SÖZ,410,424.11,30,30,9832
Adnan Menderes Üniversitesi,Bilgisayar Mühendisliği,Aydın,SAY,460,469.42,60,60,400
Adnan Menderes Üniversitesi,Elektrik-Elektronik Mühendisliği,Aydın,SAY,455,470.78,90,90,442
Adnan Menderes Üniversitesi,Makine Mühendisliği,Aydın,SAY,450,462.14,60,60,506
Adnan Menderes Üniversitesi,İnşaat Mühendisliği,Aydın,SAY,445,460.84,70,70,541
Adnan Menderes Üniversitesi,Endüstri Mühendisliği,Aydın,SAY,448,459.17,70,70,599
Adnan Menderes Üniversitesi,Kimya Mühendisliği,Aydın,SAY,440,455.0,60,60,707
Adnan Menderes Üniversitesi,Mekatronik Mühendisliği,Aydın,SAY,438,449.55,40,40,933
Adnan Menderes Üniversitesi,Yazılım Mühendisliği,Aydın,SAY,442,453.57,50,50,824
Adnan Menderes Üniversitesi,Biyomedikal Mühendisliği,Aydın,SAY,435,444.31,30,30,1090
Adnan Menderes Üniversitesi,Çevre Mühendisliği,Aydın,SAY,428,443.36,60,60,1290
Adnan Menderes Üniversitesi,Gıda Mühendisliği,Aydın,SAY,420,434.08,50,50,2712
Adnan Menderes Üniversitesi,Jeoloji Mühendisliği,Aydın,SAY,412,424.71,40,40,6613
Adnan Menderes Üniversitesi,Maden Mühendisliği,Aydın,SAY,405,417.43,40,40,37818
Adnan Menderes Üniversitesi,Metalurji ve Malzeme Mühendisliği,Aydın,SAY,408,418.12,30,30,14268
Adnan Menderes Üniversitesi,Tekstil Mühendisliği,Aydın,SAY,400,412.46,40,40,1075352
Adnan Menderes Üniversitesi,Fizik,Aydın,SAY,418,428.9,70,70,3550
Adnan Menderes Üniversitesi,Kimya,Aydın,SAY,413,426.41,50,50,5803
Adnan Menderes Üniversitesi,Matematik,Aydın,SAY,422,435.22,50,50,2188
Adnan Menderes Üniversitesi,İstatistik,Aydın,SAY,420,435.04,70,70,2411
Adnan Menderes Üniversitesi,Biyoloji,Aydın,SAY,410,423.7,60,60,9359
Adnan Menderes Üniversitesi,Moleküler Biyoloji ve Genetik,Aydın,SAY,433,446.89,40,40,1266
Adnan Menderes Üniversitesi,Tıp,Aydın,SAY,475,489.52,70,70,220
Adnan Menderes Üniversitesi,Veteriner,Aydın,SAY,438,452.11,30,30,793
Adnan Menderes Üniversitesi,Hemşirelik,Aydın,SAY,415,428.94,60,60,4568
Adnan Menderes Üniversitesi,Ebelik,Aydın,SAY,402,414.44,30,30,166075
Adnan Menderes Üniversitesi,Fizyoterapi ve Rehabilitasyon,Aydın,SAY,425,436.8,40,40,1944
Adnan Menderes Üniversitesi,Beslenme ve Diyetetik,Aydın,SAY,420,434.77,30,30,2817
Adnan Menderes Üniversitesi,Şehir ve Bölge Planlama,Aydın,SAY,425,433.33,40,40,1733
Adnan Menderes Üniversitesi,Peyzaj Mimarlığı,Aydın,SAY,412,424.87,30,30,7449
Adnan Menderes Üniversitesi,Orman Mühendisliği,Aydın,SAY,402,414.02,40,40,153944
Adnan Menderes Üniversitesi,Ziraat Mühendisliği,Aydın,SAY,398,412.78,40,40,1114327
Adnan Menderes Üniversitesi,Tarım Ekonomisi,Aydın,SAY,390,404.91,40,40,1086350
Adnan Menderes Üniversitesi,İşletme,Aydın,EA,438,451.72,70,70,833
Adnan Menderes Üniversitesi,İktisat,Aydın,EA,435,450.24,70,70,1099
Adnan Menderes Üniversitesi,Maliye,Aydın,EA,428,438.03,70,70,1676
Adnan Menderes Üniversitesi,Kamu Yönetimi,Aydın,EA,422,433.42,50,50,2524
Adnan Menderes Üniversitesi,Uluslararası İlişkiler,Aydın,EA,442,452.89,60,60,624
Adnan Menderes Üniversitesi,Siyaset Bilimi ve Kamu Yönetimi,Aydın,EA,433,446.64,40,40,1125
Adnan Menderes Üniversitesi,Çalışma Ekonomisi ve Endüstri İlişkileri,Aydın,EA,418,432.05,40,40,3598
Adnan Menderes Üniversitesi,Uluslararası Ticaret ve Lojistik,Aydın,EA,425,437.77,50,50,1633
Adnan Menderes Üniversitesi,Bankacılık ve Finans,Aydın,EA,428,441.29,60,60,1657
Adnan Menderes Üniversitesi,Muhasebe ve Finansal Yönetim,Aydın,EA,415,427.54,60,60,4480
Adnan Menderes Üniversitesi,Turizm İşletmeciliği,Aydın,EA,405,414.24,60,60,36954
Adnan Menderes Üniversitesi,Gastronomi ve Mutfak Sanatları,Aydın,EA,398,413.95,40,40,944349
Adnan Menderes Üniversitesi,Sosyoloji,Aydın,EA,412,423.83,50,50,6384
Adnan Menderes Üniversitesi,Psikoloji,Aydın,EA,442,453.01,50,50,618
Adnan Menderes Üniversitesi,Tarih,Aydın,EA,405,417.79,50,50,35573
Adnan Menderes Üniversitesi,Coğrafya,Aydın,EA,392,402.14,40,40,1121366
Adnan Menderes Üniversitesi,Felsefe,Aydın,EA,410,422.74,30,30,8546
Adnan Menderes Üniversitesi,Arkeoloji,Aydın,EA,402,410.83,40,40,196897
Adnan Menderes Üniversitesi,Sanat Tarihi,Aydın,EA,398,410.0,40,40,967568
Adnan Menderes Üniversitesi,Sosyal Hizmet,Aydın,EA,412,424.53,60,60,7841
Adnan Menderes Üniversitesi,Türk Dili ve Edebiyatı,Aydın,SÖZ,412,420.4,70,70,7008
Adnan Menderes Üniversitesi,Türk Dili ve Edebiyatı Öğretmenliği,Aydın,SÖZ,415,423.97,30,30,5017
Adnan Menderes Üniversitesi,İngilizce Öğretmenliği,Aydın,SÖZ,422,437.11,40,40,1966
Adnan Menderes Üniversitesi,Almanca Öğretmenliği,Aydın,SÖZ,405,416.47,30,30,29284
Adnan Menderes Üniversitesi,Fransızca Öğretmenliği,Aydın,SÖZ,402,415.05,30,30,181167
Adnan Menderes Üniversitesi,Rehberlik ve Psikolojik Danışmanlık,Aydın,SÖZ,428,439.85,30,30,1439
Adnan Menderes Üniversitesi,Okul Öncesi Öğretmenliği,Aydın,SÖZ,412,422.36,60,60,6586
Adnan Menderes Üniversitesi,Sınıf Öğretmenliği,Aydın,SÖZ,415,430.34,60,60,4218
Adnan Menderes Üniversitesi,İlahiyat,Aydın,SÖZ,398,411.2,60,60,1042344
Adnan Menderes Üniversitesi,Arap Dili ve Edebiyatı,Aydın,SÖZ,390,398.38,30,30,994775
Adnan Menderes Üniversitesi,İngiliz Dili ve Edebiyatı,Aydın,SÖZ,418,432.85,30,30,3441
Adnan Menderes Üniversitesi,Fransız Dili ve Edebiyatı,Aydın,SÖZ,400,414.93,30,30,1026609
Adnan Menderes Üniversitesi,Alman Dili ve Edebiyatı,Aydın,SÖZ,398,406.28,30,30,909565
Adnan Menderes Üniversitesi,Japon Dili ve Edebiyatı,Aydın,SÖZ,408,422.68,20,20,13800
Adnan Menderes Üniversitesi,Çin Dili ve Edebiyatı,Aydın,SÖZ,405,419.52,30,30,37518
Adnan Menderes Üniversitesi,Gazetecilik,Aydın,SÖZ,413,424.5,40,40,5172
Adnan Menderes Üniversitesi,Radyo Televizyon ve Sinema,Aydın,SÖZ,412,423.49,60,60,7818
Adnan Menderes Üniversitesi,Halkla İlişkiler ve Tanıtım,Aydın,SÖZ,408,416.74,60,60,12133
Adnan Menderes Üniversitesi,İletişim Tasarımı,Aydın,SÖZ,410,420.39,30,30,8329
Uşak Üniversitesi,Bilgisayar Mühendisliği,Uşak,SAY,460,475.94,70,70,345
Uşak Üniversitesi,Elektrik-Elektronik Mühendisliği,Uşak,SAY,455,467.33,80,80,389
Uşak Üniversitesi,Makine Mühendisliği,Uşak,SAY,450,462.73,70,70,566
Uşak Üniversitesi,İnşaat Mühendisliği,Uşak,SAY,445,453.12,80,80,685
Uşak Üniversitesi,Endüstri Mühendisliği,Uşak,SAY,448,460.39,50,50,529
Uşak Üniversitesi,Kimya Mühendisliği,Uşak,SAY,440,452.54,50,50,812
Uşak Üniversitesi,Mekatronik Mühendisliği,Uşak,SAY,438,452.28,60,60,867
Uşak Üniversitesi,Yazılım Mühendisliği,Uşak,SAY,442,454.16,50,50,747
Uşak Üniversitesi,Biyomedikal Mühendisliği,Uşak,SAY,435,448.46,40,40,1039
Uşak Üniversitesi,Çevre Mühendisliği,Uşak,SAY,428,436.25,50,50,1625
Uşak Üniversitesi,Gıda Mühendisliği,Uşak,SAY,420,434.75,60,60,2786
Uşak Üniversitesi,Jeoloji Mühendisliği,Uşak,SAY,412,424.76,40,40,6080
Uşak Üniversitesi,Maden Mühendisliği,Uşak,SAY,405,420.05,30,30,35735
Uşak Üniversitesi,Metalurji ve Malzeme Mühendisliği,Uşak,SAY,408,421.05,40,40,14538
Uşak Üniversitesi,Tekstil Mühendisliği,Uşak,SAY,400,408.12,40,40,1143332
Uşak Üniversitesi,Fizik,Uşak,SAY,418,433.55,50,50,3694
Uşak Üniversitesi,Kimya,Uşak,SAY,413,421.58,50,50,5859
Uşak Üniversitesi,Matematik,Uşak,SAY,422,437.66,50,50,2272
Uşak Üniversitesi,İstatistik,Uşak,SAY,420,433.37,50,50,2433
Uşak Üniversitesi,Biyoloji,Uşak,SAY,410,424.27,60,60,8358
Uşak Üniversitesi,Moleküler Biyoloji ve Genetik,Uşak,SAY,433,445.41,40,40,1034
Uşak Üniversitesi,Veteriner,Uşak,SAY,438,453.52,30,30,843
Uşak Üniversitesi,Hemşirelik,Uşak,SAY,415,430.54,80,80,4355
Uşak Üniversitesi,Ebelik,Uşak,SAY,402,416.49,40,40,192031
Uşak Üniversitesi,Fizyoterapi ve Rehabilitasyon,Uşak,SAY,425,438.85,30,30,1698
Uşak Üniversitesi,Beslenme ve Diyetetik,Uşak,SAY,420,430.77,30,30,2560
Uşak Üniversitesi,Şehir ve Bölge Planlama,Uşak,SAY,425,435.55,30,30,1980
Uşak Üniversitesi,Peyzaj Mimarlığı,Uşak,SAY,412,421.13,30,30,7555
Uşak Üniversitesi,Orman Mühendisliği,Uşak,SAY,402,415.68,40,40,147392
Uşak Üniversitesi,Ziraat Mühendisliği,Uşak,SAY,398,409.19,60,60,1127601
Uşak Üniversitesi,Tarım Ekonomisi,Uşak,SAY,390,405.61,30,30,987806
Uşak Üniversitesi,İşletme,Uşak,EA,438,452.78,60,60,852
Uşak Üniversitesi,İktisat,Uşak,EA,435,447.48,80,80,945
Uşak Üniversitesi,Maliye,Uşak,EA,428,436.04,60,60,1306
Uşak Üniversitesi,Kamu Yönetimi,Uşak,EA,422,436.53,60,60,2081
Uşak Üniversitesi,Uluslararası İlişkiler,Uşak,EA,442,451.92,50,50,639
Uşak Üniversitesi,Siyaset Bilimi ve Kamu Yönetimi,Uşak,EA,433,448.47,60,60,1249
Uşak Üniversitesi,Çalışma Ekonomisi ve Endüstri İlişkileri,Uşak,EA,418,429.85,30,30,2864
Uşak Üniversitesi,Uluslararası Ticaret ve Lojistik,Uşak,EA,425,438.58,50,50,2072
Uşak Üniversitesi,Bankacılık ve Finans,Uşak,EA,428,443.8,60,60,1539
Uşak Üniversitesi,Muhasebe ve Finansal Yönetim,Uşak,EA,415,423.87,50,50,5017
Uşak Üniversitesi,Turizm İşletmeciliği,Uşak,EA,405,413.65,60,60,36888
Uşak Üniversitesi,Gastronomi ve Mutfak Sanatları,Uşak,EA,398,412.54,30,30,1088182
Uşak Üniversitesi,Sosyoloji,Uşak,EA,412,421.6,40,40,5888
Uşak Üniversitesi,Psikoloji,Uşak,EA,442,452.51,70,70,613
Uşak Üniversitesi,Tarih,Uşak,EA,405,418.61,50,50,37960
Uşak Üniversitesi,Coğrafya,Uşak,EA,392,406.28,30,30,1018531
Uşak Üniversitesi,Felsefe,Uşak,EA,410,424.49,40,40,8484
Uşak Üniversitesi,Arkeoloji,Uşak,EA,402,414.74,40,40,176081
Uşak Üniversitesi,Sanat Tarihi,Uşak,EA,398,407.05,40,40,927126
Uşak Üniversitesi,Sosyal Hizmet,Uşak,EA,412,423.31,70,70,7326
Uşak Üniversitesi,Türk Dili ve Edebiyatı,Uşak,SÖZ,412,424.12,50,50,6110
Uşak Üniversitesi,Türk Dili ve Edebiyatı Öğretmenliği,Uşak,SÖZ,415,429.49,40,40,4009
Uşak Üniversitesi,İngilizce Öğretmenliği,Uşak,SÖZ,422,430.57,30,30,2132
Uşak Üniversitesi,Almanca Öğretmenliği,Uşak,SÖZ,405,417.49,20,20,34213
Uşak Üniversitesi,Fransızca Öğretmenliği,Uşak,SÖZ,402,413.75,30,30,161798
Uşak Üniversitesi,Rehberlik ve Psikolojik Danışmanlık,Uşak,SÖZ,428,441.83,40,40,1462
Uşak Üniversitesi,Okul Öncesi Öğretmenliği,Uşak,SÖZ,412,421.94,50,50,7610
Uşak Üniversitesi,Sınıf Öğretmenliği,Uşak,SÖZ,415,426.25,60,60,4270
Uşak Üniversitesi,İlahiyat,Uşak,SÖZ,398,409.43,80,80,908125
Uşak Üniversitesi,Arap Dili ve Edebiyatı,Uşak,SÖZ,390,405.97,40,40,1117297
Uşak Üniversitesi,İngiliz Dili ve Edebiyatı,Uşak,SÖZ,418,430.38,30,30,3764
Uşak Üniversitesi,Fransız Dili ve Edebiyatı,Uşak,SÖZ,400,415.37,30,30,1089336
Uşak Üniversitesi,Alman Dili ve Edebiyatı,Uşak,SÖZ,398,409.25,20,20,891369
Uşak Üniversitesi,Japon Dili ve Edebiyatı,Uşak,SÖZ,408,419.56,20,20,13971
Uşak Üniversitesi,Çin Dili ve Edebiyatı,Uşak,SÖZ,405,415.88,20,20,34303
Uşak Üniversitesi,Gazetecilik,Uşak,SÖZ,413,424.18,50,50,5406
Uşak Üniversitesi,Radyo Televizyon ve Sinema,Uşak,SÖZ,412,424.75,50,50,6931
Uşak Üniversitesi,Halkla İlişkiler ve Tanıtım,Uşak,SÖZ,408,416.86,60,60,14180
Uşak Üniversitesi,İletişim Tasarımı,Uşak,SÖZ,410,423.33,40,40,9794
Kütahya Dumlupınar Üniversitesi,Bilgisayar Mühendisliği,Kütahya,SAY,460,468.67,80,80,331
Kütahya Dumlupınar Üniversitesi,Elektrik-Elektronik Mühendisliği,Kütahya,SAY,455,463.76,60,60,506
Kütahya Dumlupınar Üniversitesi,Makine Mühendisliği,Kütahya,SAY,450,460.36,80,80,593
Kütahya Dumlupınar Üniversitesi,İnşaat Mühendisliği,Kütahya,SAY,445,458.62,60,60,570
Kütahya Dumlupınar Üniversitesi,Endüstri Mühendisliği,Kütahya,SAY,448,458.97,60,60,518
Kütahya Dumlupınar Üniversitesi,Kimya Mühendisliği,Kütahya,SAY,440,453.59,50,50,685
Kütahya Dumlupınar Üniversitesi,Mekatronik Mühendisliği,Kütahya,SAY,438,446.66,50,50,765
Kütahya Dumlupınar Üniversitesi,Yazılım Mühendisliği,Kütahya,SAY,442,456.35,60,60,732
Kütahya Dumlupınar Üniversitesi,Biyomedikal Mühendisliği,Kütahya,SAY,435,444.26,40,40,972
Kütahya Dumlupınar Üniversitesi,Çevre Mühendisliği,Kütahya,SAY,428,436.63,50,50,1316
Kütahya Dumlupınar Üniversitesi,Gıda Mühendisliği,Kütahya,SAY,420,429.46,70,70,3039
Kütahya Dumlupınar Üniversitesi,Jeoloji Mühendisliği,Kütahya,SAY,412,425.49,40,40,6354
Kütahya Dumlupınar Üniversitesi,Maden Mühendisliği,Kütahya,SAY,405,413.26,40,40,30952
Kütahya Dumlupınar Üniversitesi,Metalurji ve Malzeme Mühendisliği,Kütahya,SAY,408,422.12,40,40,15079
Kütahya Dumlupınar Üniversitesi,Tekstil Mühendisliği,Kütahya,SAY,400,412.41,40,40,1129223
Kütahya Dumlupınar Üniversitesi,Fizik,Kütahya,SAY,418,428.93,50,50,2833
Kütahya Dumlupınar Üniversitesi,Kimya,Kütahya,SAY,413,421.53,50,50,5056
Kütahya Dumlupınar Üniversitesi,Matematik,Kütahya,SAY,422,434.98,60,60,2624
Kütahya Dumlupınar Üniversitesi,İstatistik,Kütahya,SAY,420,433.52,40,40,2794
Kütahya Dumlupınar Üniversitesi,Biyoloji,Kütahya,SAY,410,425.5,50,50,10588
Kütahya Dumlupınar Üniversitesi,Moleküler Biyoloji ve Genetik,Kütahya,SAY,433,446.59,30,30,1194
Kütahya Dumlupınar Üniversitesi,Tıp,Kütahya,SAY,475,488.01,90,90,282
Kütahya Dumlupınar Üniversitesi,Veteriner,Kütahya,SAY,438,448.69,40,40,889
Kütahya Dumlupınar Üniversitesi,Hemşirelik,Kütahya,SAY,415,425.87,70,70,4940
Kütahya Dumlupınar Üniversitesi,Ebelik,Kütahya,SAY,402,414.54,30,30,154031
Kütahya Dumlupınar Üniversitesi,Fizyoterapi ve Rehabilitasyon,Kütahya,SAY,425,433.47,40,40,2081
Kütahya Dumlupınar Üniversitesi,Beslenme ve Diyetetik,Kütahya,SAY,420,433.15,30,30,2646
Kütahya Dumlupınar Üniversitesi,Şehir ve Bölge Planlama,Kütahya,SAY,425,439.59,40,40,1585
Kütahya Dumlupınar Üniversitesi,Peyzaj Mimarlığı,Kütahya,SAY,412,423.82,40,40,5911
Kütahya Dumlupınar Üniversitesi,Orman Mühendisliği,Kütahya,SAY,402,413.83,40,40,160262
Kütahya Dumlupınar Üniversitesi,Ziraat Mühendisliği,Kütahya,SAY,398,413.65,60,60,1048662
Kütahya Dumlupınar Üniversitesi,Tarım Ekonomisi,Kütahya,SAY,390,402.65,30,30,1138952
Kütahya Dumlupınar Üniversitesi,İşletme,Kütahya,EA,438,446.02,70,70,857
Kütahya Dumlupınar Üniversitesi,İktisat,Kütahya,EA,435,444.26,70,70,945
Kütahya Dumlupınar Üniversitesi,Maliye,Kütahya,EA,428,442.63,50,50,1299
Kütahya Dumlupınar Üniversitesi,Kamu Yönetimi,Kütahya,EA,422,432.04,50,50,2575
Kütahya Dumlupınar Üniversitesi,Uluslararası İlişkiler,Kütahya,EA,442,454.3,40,40,649
Kütahya Dumlupınar Üniversitesi,Siyaset Bilimi ve Kamu Yönetimi,Kütahya,EA,433,448.58,50,50,1175
Kütahya Dumlupınar Üniversitesi,Çalışma Ekonomisi ve Endüstri İlişkileri,Kütahya,EA,418,428.46,30,30,3653
Kütahya Dumlupınar Üniversitesi,Uluslararası Ticaret ve Lojistik,Kütahya,EA,425,433.26,60,60,1574
Kütahya Dumlupınar Üniversitesi,Bankacılık ve Finans,Kütahya,EA,428,441.41,40,40,1425
Kütahya Dumlupınar Üniversitesi,Muhasebe ve Finansal Yönetim,Kütahya,EA,415,427.33,60,60,5151
Kütahya Dumlupınar Üniversitesi,Turizm İşletmeciliği,Kütahya,EA,405,414.21,50,50,37114
Kütahya Dumlupınar Üniversitesi,Gastronomi ve Mutfak Sanatları,Kütahya,EA,398,407.76,40,40,890823
Kütahya Dumlupınar Üniversitesi,Sosyoloji,Kütahya,EA,412,425.43,70,70,7788
Kütahya Dumlupınar Üniversitesi,Psikoloji,Kütahya,EA,442,456.03,60,60,824
Kütahya Dumlupınar Üniversitesi,Tarih,Kütahya,EA,405,416.61,60,60,36661
Kütahya Dumlupınar Üniversitesi,Coğrafya,Kütahya,EA,392,404.75,30,30,1028077
Kütahya Dumlupınar Üniversitesi,Felsefe,Kütahya,EA,410,418.37,30,30,10801
Kütahya Dumlupınar Üniversitesi,Arkeoloji,Kütahya,EA,402,417.06,40,40,187673
Kütahya Dumlupınar Üniversitesi,Sanat Tarihi,Kütahya,EA,398,408.96,30,30,1006197
Kütahya Dumlupınar Üniversitesi,Sosyal Hizmet,Kütahya,EA,412,423.71,60,60,5871
Kütahya Dumlupınar Üniversitesi,Türk Dili ve Edebiyatı,Kütahya,SÖZ,412,423.56,50,50,6007
Kütahya Dumlupınar Üniversitesi,Türk Dili ve Edebiyatı Öğretmenliği,Kütahya,SÖZ,415,428.71,30,30,4652
Kütahya Dumlupınar Üniversitesi,İngilizce Öğretmenliği,Kütahya,SÖZ,422,437.66,40,40,2023
Kütahya Dumlupınar Üniversitesi,Almanca Öğretmenliği,Kütahya,SÖZ,405,414.37,30,30,31648
Kütahya Dumlupınar Üniversitesi,Fransızca Öğretmenliği,Kütahya,SÖZ,402,414.18,30,30,193490
Kütahya Dumlupınar Üniversitesi,Rehberlik ve Psikolojik Danışmanlık,Kütahya,SÖZ,428,440.52,40,40,1460
Kütahya Dumlupınar Üniversitesi,Okul Öncesi Öğretmenliği,Kütahya,SÖZ,412,421.69,60,60,6583
Kütahya Dumlupınar Üniversitesi,Sınıf Öğretmenliği,Kütahya,SÖZ,415,427.71,60,60,4325
Kütahya Dumlupınar Üniversitesi,İlahiyat,Kütahya,SÖZ,398,409.76,60,60,1061192
Kütahya Dumlupınar Üniversitesi,Arap Dili ve Edebiyatı,Kütahya,SÖZ,390,398.36,40,40,865102
Kütahya Dumlupınar Üniversitesi,İngiliz Dili ve Edebiyatı,Kütahya,SÖZ,418,427.89,40,40,3335
Kütahya Dumlupınar Üniversitesi,Fransız Dili ve Edebiyatı,Kütahya,SÖZ,400,409.73,20,20,1014245
Kütahya Dumlupınar Üniversitesi,Alman Dili ve Edebiyatı,Kütahya,SÖZ,398,410.07,30,30,1024564
Kütahya Dumlupınar Üniversitesi,Japon Dili ve Edebiyatı,Kütahya,SÖZ,408,418.21,20,20,16176
Kütahya Dumlupınar Üniversitesi,Çin Dili ve Edebiyatı,Kütahya,SÖZ,405,413.77,20,20,33251
Kütahya Dumlupınar Üniversitesi,Gazetecilik,Kütahya,SÖZ,413,422.3,60,60,5135
Kütahya Dumlupınar Üniversitesi,Radyo Televizyon ve Sinema,Kütahya,SÖZ,412,424.29,60,60,7105
Kütahya Dumlupınar Üniversitesi,Halkla İlişkiler ve Tanıtım,Kütahya,SÖZ,408,421.3,50,50,12740
Kütahya Dumlupınar Üniversitesi,İletişim Tasarımı,Kütahya,SÖZ,410,421.9,30,30,8877
Bilecik Şeyh Edebali Üniversitesi,Bilgisayar Mühendisliği,Bilecik,SAY,460,473.99,60,60,379
Bilecik Şeyh Edebali Üniversitesi,Elektrik-Elektronik Mühendisliği,Bilecik,SAY,455,470.63,80,80,423
Bilecik Şeyh Edebali Üniversitesi,Makine Mühendisliği,Bilecik,SAY,450,458.08,80,80,465
Bilecik Şeyh Edebali Üniversitesi,İnşaat Mühendisliği,Bilecik,SAY,445,453.29,60,60,578
Bilecik Şeyh Edebali Üniversitesi,Endüstri Mühendisliği,Bilecik,SAY,448,461.57,50,50,516
Bilecik Şeyh Edebali Üniversitesi,Kimya Mühendisliği,Bilecik,SAY,440,451.98,50,50,866
Bilecik Şeyh Edebali Üniversitesi,Mekatronik Mühendisliği,Bilecik,SAY,438,447.95,40,40,916
Bilecik Şeyh Edebali Üniversitesi,Yazılım Mühendisliği,Bilecik,SAY,442,451.05,50,50,630
Bilecik Şeyh Edebali Üniversitesi,Biyomedikal Mühendisliği,Bilecik,SAY,435,445.03,40,40,906
Bilecik Şeyh Edebali Üniversitesi,Çevre Mühendisliği,Bilecik,SAY,428,438.76,50,50,1620
Bilecik Şeyh Edebali Üniversitesi,Gıda Mühendisliği,Bilecik,SAY,420,431.66,60,60,2611
Bilecik Şeyh Edebali Üniversitesi,Jeoloji Mühendisliği,Bilecik,SAY,412,424.3,30,30,6092
Bilecik Şeyh Edebali Üniversitesi,Maden Mühendisliği,Bilecik,SAY,405,414.3,30,30,34088
Bilecik Şeyh Edebali Üniversitesi,Metalurji ve Malzeme Mühendisliği,Bilecik,SAY,408,421.49,30,30,15241
Bilecik Şeyh Edebali Üniversitesi,Tekstil Mühendisliği,Bilecik,SAY,400,412.86,30,30,1108179
Bilecik Şeyh Edebali Üniversitesi,Fizik,Bilecik,SAY,418,430.25,60,60,2924
Bilecik Şeyh Edebali Üniversitesi,Kimya,Bilecik,SAY,413,427.74,60,60,6359
Bilecik Şeyh Edebali Üniversitesi,Matematik,Bilecik,SAY,422,433.1,60,60,2066
Bilecik Şeyh Edebali Üniversitesi,İstatistik,Bilecik,SAY,420,429.62,50,50,2417
Bilecik Şeyh Edebali Üniversitesi,Biyoloji,Bilecik,SAY,410,420.94,50,50,9672
Bilecik Şeyh Edebali Üniversitesi,Moleküler Biyoloji ve Genetik,Bilecik,SAY,433,447.73,30,30,1243
Bilecik Şeyh Edebali Üniversitesi,Veteriner,Bilecik,SAY,438,453.13,40,40,829
Bilecik Şeyh Edebali Üniversitesi,Hemşirelik,Bilecik,SAY,415,423.67,70,70,4599
Bilecik Şeyh Edebali Üniversitesi,Ebelik,Bilecik,SAY,402,412.43,40,40,161290
Bilecik Şeyh Edebali Üniversitesi,Fizyoterapi ve Rehabilitasyon,Bilecik,SAY,425,438.25,30,30,1794
Bilecik Şeyh Edebali Üniversitesi,Beslenme ve Diyetetik,Bilecik,SAY,420,433.48,30,30,2815
Bilecik Şeyh Edebali Üniversitesi,Şehir ve Bölge Planlama,Bilecik,SAY,425,436.33,40,40,1557
Bilecik Şeyh Edebali Üniversitesi,Peyzaj Mimarlığı,Bilecik,SAY,412,423.63,30,30,6086
Bilecik Şeyh Edebali Üniversitesi,Orman Mühendisliği,Bilecik,SAY,402,417.06,30,30,152530
Bilecik Şeyh Edebali Üniversitesi,Ziraat Mühendisliği,Bilecik,SAY,398,407.73,50,50,973279
Bilecik Şeyh Edebali Üniversitesi,Tarım Ekonomisi,Bilecik,SAY,390,400.75,40,40,1046362
Bilecik Şeyh Edebali Üniversitesi,İşletme,Bilecik,EA,438,447.21,90,90,906
Bilecik Şeyh Edebali Üniversitesi,İktisat,Bilecik,EA,435,450.64,70,70,1007
Bilecik Şeyh Edebali Üniversitesi,Maliye,Bilecik,EA,428,443.6,60,60,1542
Bilecik Şeyh Edebali Üniversitesi,Kamu Yönetimi,Bilecik,EA,422,431.18,50,50,2120
Bilecik Şeyh Edebali Üniversitesi,Uluslararası İlişkiler,Bilecik,EA,442,450.68,60,60,739
Bilecik Şeyh Edebali Üniversitesi,Siyaset Bilimi ve Kamu Yönetimi,Bilecik,EA,433,442.61,50,50,1054
Bilecik Şeyh Edebali Üniversitesi,Çalışma Ekonomisi ve Endüstri İlişkileri,Bilecik,EA,418,433.73,40,40,3785
Bilecik Şeyh Edebali Üniversitesi,Uluslararası Ticaret ve Lojistik,Bilecik,EA,425,434.49,40,40,1753
Bilecik Şeyh Edebali Üniversitesi,Bankacılık ve Finans,Bilecik,EA,428,437.8,50,50,1383
Bilecik Şeyh Edebali Üniversitesi,Muhasebe ve Finansal Yönetim,Bilecik,EA,415,429.47,40,40,4226
Bilecik Şeyh Edebali Üniversitesi,Turizm İşletmeciliği,Bilecik,EA,405,419.79,50,50,33401
Bilecik Şeyh Edebali Üniversitesi,Gastronomi ve Mutfak Sanatları,Bilecik,EA,398,411.75,30,30,960937
Bilecik Şeyh Edebali Üniversitesi,Sosyoloji,Bilecik,EA,412,427.33,50,50,6978
Bilecik Şeyh Edebali Üniversitesi,Psikoloji,Bilecik,EA,442,453.63,60,60,736
Bilecik Şeyh Edebali Üniversitesi,Tarih,Bilecik,EA,405,415.15,60,60,35815
Bilecik Şeyh Edebali Üniversitesi,Coğrafya,Bilecik,EA,392,407.58,30,30,958146
Bilecik Şeyh Edebali Üniversitesi,Felsefe,Bilecik,EA,410,421.78,30,30,10528
Bilecik Şeyh Edebali Üniversitesi,Arkeoloji,Bilecik,EA,402,414.76,40,40,172448
Bilecik Şeyh Edebali Üniversitesi,Sanat Tarihi,Bilecik,EA,398,407.67,30,30,934106
Bilecik Şeyh Edebali Üniversitesi,Sosyal Hizmet,Bilecik,EA,412,422.96,60,60,6920
Bilecik Şeyh Edebali Üniversitesi,Türk Dili ve Edebiyatı,Bilecik,SÖZ,412,427.4,70,70,7745
Bilecik Şeyh Edebali Üniversitesi,Türk Dili ve Edebiyatı Öğretmenliği,Bilecik,SÖZ,415,423.7,40,40,4365
Bilecik Şeyh Edebali Üniversitesi,İngilizce Öğretmenliği,Bilecik,SÖZ,422,432.58,40,40,2603
Bilecik Şeyh Edebali Üniversitesi,Almanca Öğretmenliği,Bilecik,SÖZ,405,419.75,30,30,29951
Bilecik Şeyh Edebali Üniversitesi,Fransızca Öğretmenliği,Bilecik,SÖZ,402,413.63,20,20,197159
Bilecik Şeyh Edebali Üniversitesi,Rehberlik ve Psikolojik Danışmanlık,Bilecik,SÖZ,428,441.74,30,30,1707
Bilecik Şeyh Edebali Üniversitesi,Okul Öncesi Öğretmenliği,Bilecik,SÖZ,412,427.47,70,70,6408
Bilecik Şeyh Edebali Üniversitesi,Sınıf Öğretmenliği,Bilecik,SÖZ,415,428.21,50,50,4697
Bilecik Şeyh Edebali Üniversitesi,İlahiyat,Bilecik,SÖZ,398,413.53,70,70,1094972
Bilecik Şeyh Edebali Üniversitesi,Arap Dili ve Edebiyatı,Bilecik,SÖZ,390,400.47,30,30,1065517
Bilecik Şeyh Edebali Üniversitesi,İngiliz Dili ve Edebiyatı,Bilecik,SÖZ,418,427.76,30,30,3568
Bilecik Şeyh Edebali Üniversitesi,Fransız Dili ve Edebiyatı,Bilecik,SÖZ,400,413.45,30,30,855420
Bilecik Şeyh Edebali Üniversitesi,Alman Dili ve Edebiyatı,Bilecik,SÖZ,398,406.98,30,30,1132042
Bilecik Şeyh Edebali Üniversitesi,Japon Dili ve Edebiyatı,Bilecik,SÖZ,408,417.14,20,20,12590
Bilecik Şeyh Edebali Üniversitesi,Çin Dili ve Edebiyatı,Bilecik,SÖZ,405,413.74,20,20,37409
Bilecik Şeyh Edebali Üniversitesi,Gazetecilik,Bilecik,SÖZ,413,423.9,50,50,6764
Bilecik Şeyh Edebali Üniversitesi,Radyo Televizyon ve Sinema,Bilecik,SÖZ,412,423.46,60,60,7681
Bilecik Şeyh Edebali Üniversitesi,Halkla İlişkiler ve Tanıtım,Bilecik,SÖZ,408,422.75,60,60,14850
Bilecik Şeyh Edebali Üniversitesi,İletişim Tasarımı,Bilecik,SÖZ,410,421.98,30,30,9916
Düzce Üniversitesi,Bilgisayar Mühendisliği,Düzce,SAY,460,474.53,80,80,323
Düzce Üniversitesi,Elektrik-Elektronik Mühendisliği,Düzce,SAY,455,470.0,70,70,484
Düzce Üniversitesi,Makine Mühendisliği,Düzce,SAY,450,461.62,70,70,536
Düzce Üniversitesi,İnşaat Mühendisliği,Düzce,SAY,445,454.51,60,60,627
Düzce Üniversitesi,Endüstri Mühendisliği,Düzce,SAY,448,461.17,60,60,487
Düzce Üniversitesi,Kimya Mühendisliği,Düzce,SAY,440,454.52,70,70,857
Düzce Üniversitesi,Mekatronik Mühendisliği,Düzce,SAY,438,453.42,60,60,825
Düzce Üniversitesi,Yazılım Mühendisliği,Düzce,SAY,442,450.37,50,50,615
Düzce Üniversitesi,Biyomedikal Mühendisliği,Düzce,SAY,435,444.43,30,30,885
Düzce Üniversitesi,Çevre Mühendisliği,Düzce,SAY,428,441.3,50,50,1689
Düzce Üniversitesi,Gıda Mühendisliği,Düzce,SAY,420,430.41,60,60,3113
Düzce Üniversitesi,Jeoloji Mühendisliği,Düzce,SAY,412,427.35,40,40,7388
Düzce Üniversitesi,Maden Mühendisliği,Düzce,SAY,405,413.69,40,40,38014
Düzce Üniversitesi,Metalurji ve Malzeme Mühendisliği,Düzce,SAY,408,417.58,30,30,14730
Düzce Üniversitesi,Tekstil Mühendisliği,Düzce,SAY,400,414.2,40,40,902802
Düzce Üniversitesi,Fizik,Düzce,SAY,418,427.49,60,60,3525
Düzce Üniversitesi,Kimya,Düzce,SAY,413,423.75,70,70,6318
Düzce Üniversitesi,Matematik,Düzce,SAY,422,437.15,50,50,2409
Düzce Üniversitesi,İstatistik,Düzce,SAY,420,429.35,60,60,2844
Düzce Üniversitesi,Biyoloji,Düzce,SAY,410,423.59,60,60,8624
Düzce Üniversitesi,Moleküler Biyoloji ve Genetik,Düzce,SAY,433,441.01,30,30,1062
Düzce Üniversitesi,Tıp,Düzce,SAY,475,490.16,80,80,277
Düzce Üniversitesi,Veteriner,Düzce,SAY,438,447.81,40,40,841
Düzce Üniversitesi,Hemşirelik,Düzce,SAY,415,426.76,60,60,4021
Düzce Üniversitesi,Ebelik,Düzce,SAY,402,410.36,40,40,156147
Düzce Üniversitesi,Fizyoterapi ve Rehabilitasyon,Düzce,SAY,425,433.97,30,30,1830
Düzce Üniversitesi,Beslenme ve Diyetetik,Düzce,SAY,420,431.05,30,30,2401
Düzce Üniversitesi,Şehir ve Bölge Planlama,Düzce,SAY,425,433.8,40,40,1906
Düzce Üniversitesi,Peyzaj Mimarlığı,Düzce,SAY,412,421.78,40,40,7798
Düzce Üniversitesi,Orman Mühendisliği,Düzce,SAY,402,411.46,40,40,151092
Düzce Üniversitesi,Ziraat Mühendisliği,Düzce,SAY,398,412.73,60,60,980421
Düzce Üniversitesi,Tarım Ekonomisi,Düzce,SAY,390,404.88,30,30,1083804
Düzce Üniversitesi,İşletme,Düzce,EA,438,452.03,70,70,764
Düzce Üniversitesi,İktisat,Düzce,EA,435,444.73,60,60,1054
Düzce Üniversitesi,Maliye,Düzce,EA,428,443.36,60,60,1493
Düzce Üniversitesi,Kamu Yönetimi,Düzce,EA,422,432.34,50,50,2643
Düzce Üniversitesi,Uluslararası İlişkiler,Düzce,EA,442,456.86,60,60,732
Düzce Üniversitesi,Siyaset Bilimi ve Kamu Yönetimi,Düzce,EA,433,446.48,50,50,1227
Düzce Üniversitesi,Çalışma Ekonomisi ve Endüstri İlişkileri,Düzce,EA,418,429.24,40,40,3179
Düzce Üniversitesi,Uluslararası Ticaret ve Lojistik,Düzce,EA,425,440.94,60,60,1668
Düzce Üniversitesi,Bankacılık ve Finans,Düzce,EA,428,437.94,60,60,1667
Düzce Üniversitesi,Muhasebe ve Finansal Yönetim,Düzce,EA,415,429.39,60,60,3987
Düzce Üniversitesi,Turizm İşletmeciliği,Düzce,EA,405,415.17,50,50,34937
Düzce Üniversitesi,Gastronomi ve Mutfak Sanatları,Düzce,EA,398,407.89,30,30,995669
Düzce Üniversitesi,Sosyoloji,Düzce,EA,412,427.6,60,60,7407
Düzce Üniversitesi,Psikoloji,Düzce,EA,442,450.11,50,50,752
Düzce Üniversitesi,Tarih,Düzce,EA,405,416.21,60,60,28715
Düzce Üniversitesi,Coğrafya,Düzce,EA,392,401.83,30,30,1098450
Düzce Üniversitesi,Felsefe,Düzce,EA,410,418.51,40,40,10166
Düzce Üniversitesi,Arkeoloji,Düzce,EA,402,412.55,40,40,175853
Düzce Üniversitesi,Sanat Tarihi,Düzce,EA,398,411.28,30,30,960485
Düzce Üniversitesi,Sosyal Hizmet,Düzce,EA,412,420.58,70,70,6984
Düzce Üniversitesi,Türk Dili ve Edebiyatı,Düzce,SÖZ,412,423.43,70,70,5855
Düzce Üniversitesi,Türk Dili ve Edebiyatı Öğretmenliği,Düzce,SÖZ,415,428.77,30,30,4710
Düzce Üniversitesi,İngilizce Öğretmenliği,Düzce,SÖZ,422,434.38,30,30,2201
Düzce Üniversitesi,Almanca Öğretmenliği,Düzce,SÖZ,405,413.0,20,20,29507
Düzce Üniversitesi,Fransızca Öğretmenliği,Düzce,SÖZ,402,411.27,30,30,147229
Düzce Üniversitesi,Rehberlik ve Psikolojik Danışmanlık,Düzce,SÖZ,428,436.77,30,30,1592
Düzce Üniversitesi,Okul Öncesi Öğretmenliği,Düzce,SÖZ,412,427.53,60,60,6995
Düzce Üniversitesi,Sınıf Öğretmenliği,Düzce,SÖZ,415,430.57,60,60,4450
Düzce Üniversitesi,İlahiyat,Düzce,SÖZ,398,409.25,80,80,1019917
Düzce Üniversitesi,Arap Dili ve Edebiyatı,Düzce,SÖZ,390,399.32,30,30,997163
Düzce Üniversitesi,İngiliz Dili ve Edebiyatı,Düzce,SÖZ,418,430.82,30,30,3568
Düzce Üniversitesi,Fransız Dili ve Edebiyatı,Düzce,SÖZ,400,413.4,30,30,858494
Düzce Üniversitesi,Alman Dili ve Edebiyatı,Düzce,SÖZ,398,413.71,20,20,1010428
Düzce Üniversitesi,Japon Dili ve Edebiyatı,Düzce,SÖZ,408,418.82,30,30,15661
Düzce Üniversitesi,Çin Dili ve Edebiyatı,Düzce,SÖZ,405,418.48,30,30,37087
Düzce Üniversitesi,Gazetecilik,Düzce,SÖZ,413,421.92,60,60,5202
Düzce Üniversitesi,Radyo Televizyon ve Sinema,Düzce,SÖZ,412,421.51,60,60,7780
Düzce Üniversitesi,Halkla İlişkiler ve Tanıtım,Düzce,SÖZ,408,421.1,50,50,12852
Düzce Üniversitesi,İletişim Tasarımı,Düzce,SÖZ,410,418.97,40,40,8280
Bolu Abant İzzet Baysal Üniversitesi,Bilgisayar Mühendisliği,Bolu,SAY,460,471.89,90,90,363
Bolu Abant İzzet Baysal Üniversitesi,Elektrik-Elektronik Mühendisliği,Bolu,SAY,455,466.65,70,70,497
Bolu Abant İzzet Baysal Üniversitesi,Makine Mühendisliği,Bolu,SAY,450,458.01,80,80,511
Bolu Abant İzzet Baysal Üniversitesi,İnşaat Mühendisliği,Bolu,SAY,445,455.47,70,70,665
Bolu Abant İzzet Baysal Üniversitesi,Endüstri Mühendisliği,Bolu,SAY,448,460.58,70,70,579
Bolu Abant İzzet Baysal Üniversitesi,Kimya Mühendisliği,Bolu,SAY,440,448.71,50,50,858
Bolu Abant İzzet Baysal Üniversitesi,Mekatronik Mühendisliği,Bolu,SAY,438,451.53,60,60,739
Bolu Abant İzzet Baysal Üniversitesi,Yazılım Mühendisliği,Bolu,SAY,442,453.25,60,60,686
Bolu Abant İzzet Baysal Üniversitesi,Biyomedikal Mühendisliği,Bolu,SAY,435,443.3,40,40,1068
Bolu Abant İzzet Baysal Üniversitesi,Çevre Mühendisliği,Bolu,SAY,428,440.93,50,50,1696
Bolu Abant İzzet Baysal Üniversitesi,Gıda Mühendisliği,Bolu,SAY,420,433.08,50,50,2852
Bolu Abant İzzet Baysal Üniversitesi,Jeoloji Mühendisliği,Bolu,SAY,412,421.78,40,40,6243
Bolu Abant İzzet Baysal Üniversitesi,Maden Mühendisliği,Bolu,SAY,405,418.75,30,30,29926
Bolu Abant İzzet Baysal Üniversitesi,Metalurji ve Malzeme Mühendisliği,Bolu,SAY,408,417.29,30,30,13840
Bolu Abant İzzet Baysal Üniversitesi,Tekstil Mühendisliği,Bolu,SAY,400,415.9,40,40,1105996
Bolu Abant İzzet Baysal Üniversitesi,Fizik,Bolu,SAY,418,430.97,60,60,3360
Bolu Abant İzzet Baysal Üniversitesi,Kimya,Bolu,SAY,413,424.15,50,50,6680
Bolu Abant İzzet Baysal Üniversitesi,Matematik,Bolu,SAY,422,432.39,50,50,2182
Bolu Abant İzzet Baysal Üniversitesi,İstatistik,Bolu,SAY,420,435.39,50,50,2930
Bolu Abant İzzet Baysal Üniversitesi,Biyoloji,Bolu,SAY,410,418.58,60,60,10640
Bolu Abant İzzet Baysal Üniversitesi,Moleküler Biyoloji ve Genetik,Bolu,SAY,433,448.42,40,40,1137
Bolu Abant İzzet Baysal Üniversitesi,Tıp,Bolu,SAY,475,488.65,70,70,279
Bolu Abant İzzet Baysal Üniversitesi,Veteriner,Bolu,SAY,438,447.81,40,40,958
Bolu Abant İzzet Baysal Üniversitesi,Hemşirelik,Bolu,SAY,415,427.21,80,80,4825
Bolu Abant İzzet Baysal Üniversitesi,Ebelik,Bolu,SAY,402,411.17,30,30,148926
Bolu Abant İzzet Baysal Üniversitesi,Fizyoterapi ve Rehabilitasyon,Bolu,SAY,425,437.84,40,40,1814
Bolu Abant İzzet Baysal Üniversitesi,Beslenme ve Diyetetik,Bolu,SAY,420,433.35,40,40,2757
Bolu Abant İzzet Baysal Üniversitesi,Şehir ve Bölge Planlama,Bolu,SAY,425,439.87,30,30,1700
Bolu Abant İzzet Baysal Üniversitesi,Peyzaj Mimarlığı,Bolu,SAY,412,420.06,40,40,7657
Bolu Abant İzzet Baysal Üniversitesi,Orman Mühendisliği,Bolu,SAY,402,415.53,30,30,152410
Bolu Abant İzzet Baysal Üniversitesi,Ziraat Mühendisliği,Bolu,SAY,398,408.61,60,60,1119770
Bolu Abant İzzet Baysal Üniversitesi,Tarım Ekonomisi,Bolu,SAY,390,403.04,30,30,1085309
Bolu Abant İzzet Baysal Üniversitesi,İşletme,Bolu,EA,438,450.68,60,60,952
Bolu Abant İzzet Baysal Üniversitesi,İktisat,Bolu,EA,435,443.34,70,70,930
Bolu Abant İzzet Baysal Üniversitesi,Maliye,Bolu,EA,428,443.43,60,60,1332
Bolu Abant İzzet Baysal Üniversitesi,Kamu Yönetimi,Bolu,EA,422,436.58,60,60,2052
Bolu Abant İzzet Baysal Üniversitesi,Uluslararası İlişkiler,Bolu,EA,442,451.09,60,60,635
Bolu Abant İzzet Baysal Üniversitesi,Siyaset Bilimi ve Kamu Yönetimi,Bolu,EA,433,447.87,60,60,1229
Bolu Abant İzzet Baysal Üniversitesi,Çalışma Ekonomisi ve Endüstri İlişkileri,Bolu,EA,418,427.52,40,40,3382
Bolu Abant İzzet Baysal Üniversitesi,Uluslararası Ticaret ve Lojistik,Bolu,EA,425,440.71,50,50,1857
Bolu Abant İzzet Baysal Üniversitesi,Bankacılık ve Finans,Bolu,EA,428,443.38,70,70,1538
Bolu Abant İzzet Baysal Üniversitesi,Muhasebe ve Finansal Yönetim,Bolu,EA,415,425.88,50,50,4305
Bolu Abant İzzet Baysal Üniversitesi,Turizm İşletmeciliği,Bolu,EA,405,416.1,50,50,28986
Bolu Abant İzzet Baysal Üniversitesi,Gastronomi ve Mutfak Sanatları,Bolu,EA,398,408.97,30,30,1115504
Bolu Abant İzzet Baysal Üniversitesi,Sosyoloji,Bolu,EA,412,426.63,60,60,6144
Bolu Abant İzzet Baysal Üniversitesi,Psikoloji,Bolu,EA,442,456.86,50,50,652
Bolu Abant İzzet Baysal Üniversitesi,Tarih,Bolu,EA,405,416.25,40,40,34662
Bolu Abant İzzet Baysal Üniversitesi,Coğrafya,Bolu,EA,392,403.61,40,40,1023832
Bolu Abant İzzet Baysal Üniversitesi,Felsefe,Bolu,EA,410,424.41,40,40,9213
Bolu Abant İzzet Baysal Üniversitesi,Arkeoloji,Bolu,EA,402,410.26,40,40,187370
Bolu Abant İzzet Baysal Üniversitesi,Sanat Tarihi,Bolu,EA,398,411.69,40,40,1119154
Bolu Abant İzzet Baysal Üniversitesi,Sosyal Hizmet,Bolu,EA,412,426.03,50,50,7791
Bolu Abant İzzet Baysal Üniversitesi,Türk Dili ve Edebiyatı,Bolu,SÖZ,412,420.72,50,50,7182
Bolu Abant İzzet Baysal Üniversitesi,Türk Dili ve Edebiyatı Öğretmenliği,Bolu,SÖZ,415,423.52,40,40,4257
Bolu Abant İzzet Baysal Üniversitesi,İngilizce Öğretmenliği,Bolu,SÖZ,422,436.73,30,30,1995
Bolu Abant İzzet Baysal Üniversitesi,Almanca Öğretmenliği,Bolu,SÖZ,405,419.68,20,20,37555
Bolu Abant İzzet Baysal Üniversitesi,Fransızca Öğretmenliği,Bolu,SÖZ,402,414.88,20,20,160949
Bolu Abant İzzet Baysal Üniversitesi,Rehberlik ve Psikolojik Danışmanlık,Bolu,SÖZ,428,442.01,40,40,1592
Bolu Abant İzzet Baysal Üniversitesi,Okul Öncesi Öğretmenliği,Bolu,SÖZ,412,421.59,70,70,6095
Bolu Abant İzzet Baysal Üniversitesi,Sınıf Öğretmenliği,Bolu,SÖZ,415,424.87,50,50,4082
Bolu Abant İzzet Baysal Üniversitesi,İlahiyat,Bolu,SÖZ,398,413.93,90,90,914656
Bolu Abant İzzet Baysal Üniversitesi,Arap Dili ve Edebiyatı,Bolu,SÖZ,390,399.76,30,30,926090
Bolu Abant İzzet Baysal Üniversitesi,İngiliz Dili ve Edebiyatı,Bolu,SÖZ,418,431.54,30,30,3469
Bolu Abant İzzet Baysal Üniversitesi,Fransız Dili ve Edebiyatı,Bolu,SÖZ,400,415.46,30,30,853210
Bolu Abant İzzet Baysal Üniversitesi,Alman Dili ve Edebiyatı,Bolu,SÖZ,398,409.83,30,30,1032987
Bolu Abant İzzet Baysal Üniversitesi,Japon Dili ve Edebiyatı,Bolu,SÖZ,408,423.19,20,20,12319
Bolu Abant İzzet Baysal Üniversitesi,Çin Dili ve Edebiyatı,Bolu,SÖZ,405,413.45,20,20,37499
Bolu Abant İzzet Baysal Üniversitesi,Gazetecilik,Bolu,SÖZ,413,425.65,60,60,6408
Bolu Abant İzzet Baysal Üniversitesi,Radyo Televizyon ve Sinema,Bolu,SÖZ,412,420.23,70,70,6377
Bolu Abant İzzet Baysal Üniversitesi,Halkla İlişkiler ve Tanıtım,Bolu,SÖZ,408,416.37,50,50,14380
Bolu Abant İzzet Baysal Üniversitesi,İletişim Tasarımı,Bolu,SÖZ,410,424.4,40,40,10391
Hitit Üniversitesi,Bilgisayar Mühendisliği,Çorum,SAY,460,468.13,60,60,371
Hitit Üniversitesi,Elektrik-Elektronik Mühendisliği,Çorum,SAY,455,469.38,90,90,414
Hitit Üniversitesi,Makine Mühendisliği,Çorum,SAY,450,464.51,90,90,558
Hitit Üniversitesi,İnşaat Mühendisliği,Çorum,SAY,445,460.06,80,80,626
Hitit Üniversitesi,Endüstri Mühendisliği,Çorum,SAY,448,463.34,60,60,588
Hitit Üniversitesi,Kimya Mühendisliği,Çorum,SAY,440,450.08,60,60,691
Hitit Üniversitesi,Mekatronik Mühendisliği,Çorum,SAY,438,452.9,40,40,969
Hitit Üniversitesi,Yazılım Mühendisliği,Çorum,SAY,442,454.33,70,70,725
Hitit Üniversitesi,Biyomedikal Mühendisliği,Çorum,SAY,435,448.42,30,30,1035
Hitit Üniversitesi,Çevre Mühendisliği,Çorum,SAY,428,436.51,60,60,1336
Hitit Üniversitesi,Gıda Mühendisliği,Çorum,SAY,420,432.68,50,50,2884
Hitit Üniversitesi,Jeoloji Mühendisliği,Çorum,SAY,412,422.25,40,40,6344
Hitit Üniversitesi,Maden Mühendisliği,Çorum,SAY,405,420.58,40,40,32968
Hitit Üniversitesi,Metalurji ve Malzeme Mühendisliği,Çorum,SAY,408,422.16,30,30,12402
Hitit Üniversitesi,Tekstil Mühendisliği,Çorum,SAY,400,408.69,40,40,864143
Hitit Üniversitesi,Fizik,Çorum,SAY,418,426.34,70,70,3495
Hitit Üniversitesi,Kimya,Çorum,SAY,413,427.46,40,40,6360
Hitit Üniversitesi,Matematik,Çorum,SAY,422,437.81,60,60,2006
Hitit Üniversitesi,İstatistik,Çorum,SAY,420,431.88,60,60,2888
Hitit Üniversitesi,Biyoloji,Çorum,SAY,410,422.79,60,60,9088
Hitit Üniversitesi,Moleküler Biyoloji ve Genetik,Çorum,SAY,433,443.01,40,40,1059
Hitit Üniversitesi,Tıp,Çorum,SAY,475,490.18,60,60,222
Hitit Üniversitesi,Veteriner,Çorum,SAY,438,453.24,40,40,974
Hitit Üniversitesi,Hemşirelik,Çorum,SAY,415,427.46,60,60,4145
Hitit Üniversitesi,Ebelik,Çorum,SAY,402,411.2,30,30,152298
Hitit Üniversitesi,Fizyoterapi ve Rehabilitasyon,Çorum,SAY,425,438.48,40,40,1695
Hitit Üniversitesi,Beslenme ve Diyetetik,Çorum,SAY,420,435.66,40,40,3064
Hitit Üniversitesi,Şehir ve Bölge Planlama,Çorum,SAY,425,437.32,40,40,1660
Hitit Üniversitesi,Peyzaj Mimarlığı,Çorum,SAY,412,423.54,30,30,7679
Hitit Üniversitesi,Orman Mühendisliği,Çorum,SAY,402,414.15,40,40,172747
Hitit Üniversitesi,Ziraat Mühendisliği,Çorum,SAY,398,408.17,50,50,856242
Hitit Üniversitesi,Tarım Ekonomisi,Çorum,SAY,390,402.91,40,40,963255
Hitit Üniversitesi,İşletme,Çorum,EA,438,450.9,70,70,956
Hitit Üniversitesi,İktisat,Çorum,EA,435,446.97,90,90,1034
Hitit Üniversitesi,Maliye,Çorum,EA,428,441.08,70,70,1360
Hitit Üniversitesi,Kamu Yönetimi,Çorum,EA,422,432.53,50,50,2115
Hitit Üniversitesi,Uluslararası İlişkiler,Çorum,EA,442,453.79,50,50,781
Hitit Üniversitesi,Siyaset Bilimi ve Kamu Yönetimi,Çorum,EA,433,442.23,60,60,1080
Hitit Üniversitesi,Çalışma Ekonomisi ve Endüstri İlişkileri,Çorum,EA,418,426.67,30,30,3607
Hitit Üniversitesi,Uluslararası Ticaret ve Lojistik,Çorum,EA,425,437.58,50,50,2061
Hitit Üniversitesi,Bankacılık ve Finans,Çorum,EA,428,436.57,70,70,1679
Hitit Üniversitesi,Muhasebe ve Finansal Yönetim,Çorum,EA,415,424.75,50,50,4104
Hitit Üniversitesi,Turizm İşletmeciliği,Çorum,EA,405,418.61,50,50,32141
Hitit Üniversitesi,Gastronomi ve Mutfak Sanatları,Çorum,EA,398,411.76,30,30,896249
Hitit Üniversitesi,Sosyoloji,Çorum,EA,412,425.78,70,70,7185
Hitit Üniversitesi,Psikoloji,Çorum,EA,442,453.02,50,50,682
Hitit Üniversitesi,Tarih,Çorum,EA,405,418.17,50,50,33621
Hitit Üniversitesi,Coğrafya,Çorum,EA,392,400.86,40,40,1046409
Hitit Üniversitesi,Felsefe,Çorum,EA,410,420.18,40,40,9607
Hitit Üniversitesi,Arkeoloji,Çorum,EA,402,411.26,30,30,188789
Hitit Üniversitesi,Sanat Tarihi,Çorum,EA,398,406.75,40,40,1098649
Hitit Üniversitesi,Sosyal Hizmet,Çorum,EA,412,422.37,60,60,7182
Hitit Üniversitesi,Türk Dili ve Edebiyatı,Çorum,SÖZ,412,424.31,60,60,7607
Hitit Üniversitesi,Türk Dili ve Edebiyatı Öğretmenliği,Çorum,SÖZ,415,430.93,30,30,4305
Hitit Üniversitesi,İngilizce Öğretmenliği,Çorum,SÖZ,422,430.88,40,40,2180
Hitit Üniversitesi,Almanca Öğretmenliği,Çorum,SÖZ,405,415.47,20,20,31181
Hitit Üniversitesi,Fransızca Öğretmenliği,Çorum,SÖZ,402,410.01,20,20,187532
Hitit Üniversitesi,Rehberlik ve Psikolojik Danışmanlık,Çorum,SÖZ,428,443.32,40,40,1489
Hitit Üniversitesi,Okul Öncesi Öğretmenliği,Çorum,SÖZ,412,426.66,60,60,6890
Hitit Üniversitesi,Sınıf Öğretmenliği,Çorum,SÖZ,415,428.1,60,60,4282
Hitit Üniversitesi,İlahiyat,Çorum,SÖZ,398,412.2,70,70,885624
Hitit Üniversitesi,Arap Dili ve Edebiyatı,Çorum,SÖZ,390,400.37,40,40,904086
Hitit Üniversitesi,İngiliz Dili ve Edebiyatı,Çorum,SÖZ,418,429.49,30,30,2949
Hitit Üniversitesi,Fransız Dili ve Edebiyatı,Çorum,SÖZ,400,410.45,20,20,869188
Hitit Üniversitesi,Alman Dili ve Edebiyatı,Çorum,SÖZ,398,410.26,20,20,1088750
Hitit Üniversitesi,Japon Dili ve Edebiyatı,Çorum,SÖZ,408,423.5,30,30,15986
Hitit Üniversitesi,Çin Dili ve Edebiyatı,Çorum,SÖZ,405,419.93,30,30,29040
Hitit Üniversitesi,Gazetecilik,Çorum,SÖZ,413,427.6,60,60,5762
Hitit Üniversitesi,Radyo Televizyon ve Sinema,Çorum,SÖZ,412,422.22,50,50,7239
Hitit Üniversitesi,Halkla İlişkiler ve Tanıtım,Çorum,SÖZ,408,421.59,60,60,12550
Hitit Üniversitesi,İletişim Tasarımı,Çorum,SÖZ,410,425.0,30,30,9287
Nevşehir Hacı Bektaş Veli Üniversitesi,Bilgisayar Mühendisliği,Nevşehir,SAY,460,469.34,60,60,320
Nevşehir Hacı Bektaş Veli Üniversitesi,Elektrik-Elektronik Mühendisliği,Nevşehir,SAY,455,468.98,70,70,447
Nevşehir Hacı Bektaş Veli Üniversitesi,Makine Mühendisliği,Nevşehir,SAY,450,464.98,80,80,446
Nevşehir Hacı Bektaş Veli Üniversitesi,İnşaat Mühendisliği,Nevşehir,SAY,445,454.44,80,80,585
Nevşehir Hacı Bektaş Veli Üniversitesi,Endüstri Mühendisliği,Nevşehir,SAY,448,461.68,60,60,637
Nevşehir Hacı Bektaş Veli Üniversitesi,Kimya Mühendisliği,Nevşehir,SAY,440,451.34,50,50,856
Nevşehir Hacı Bektaş Veli Üniversitesi,Mekatronik Mühendisliği,Nevşehir,SAY,438,452.14,50,50,747
Nevşehir Hacı Bektaş Veli Üniversitesi,Yazılım Mühendisliği,Nevşehir,SAY,442,453.46,60,60,787
Nevşehir Hacı Bektaş Veli Üniversitesi,Biyomedikal Mühendisliği,Nevşehir,SAY,435,449.86,40,40,900
Nevşehir Hacı Bektaş Veli Üniversitesi,Çevre Mühendisliği,Nevşehir,SAY,428,443.06,60,60,1490
Nevşehir Hacı Bektaş Veli Üniversitesi,Gıda Mühendisliği,Nevşehir,SAY,420,435.06,60,60,2487
Nevşehir Hacı Bektaş Veli Üniversitesi,Jeoloji Mühendisliği,Nevşehir,SAY,412,425.98,40,40,6859
Nevşehir Hacı Bektaş Veli Üniversitesi,Maden Mühendisliği,Nevşehir,SAY,405,420.71,40,40,37216
Nevşehir Hacı Bektaş Veli Üniversitesi,Metalurji ve Malzeme Mühendisliği,Nevşehir,SAY,408,417.42,30,30,14016
Nevşehir Hacı Bektaş Veli Üniversitesi,Tekstil Mühendisliği,Nevşehir,SAY,400,415.72,40,40,882597
Nevşehir Hacı Bektaş Veli Üniversitesi,Fizik,Nevşehir,SAY,418,431.31,50,50,3589
Nevşehir Hacı Bektaş Veli Üniversitesi,Kimya,Nevşehir,SAY,413,425.87,60,60,5216
Nevşehir Hacı Bektaş Veli Üniversitesi,Matematik,Nevşehir,SAY,422,437.77,50,50,2196
Nevşehir Hacı Bektaş Veli Üniversitesi,İstatistik,Nevşehir,SAY,420,433.83,50,50,2372
Nevşehir Hacı Bektaş Veli Üniversitesi,Biyoloji,Nevşehir,SAY,410,424.11,40,40,10766
Nevşehir Hacı Bektaş Veli Üniversitesi,Moleküler Biyoloji ve Genetik,Nevşehir,SAY,433,444.86,40,40,1069
Nevşehir Hacı Bektaş Veli Üniversitesi,Tıp,Nevşehir,SAY,475,488.03,80,80,242
Nevşehir Hacı Bektaş Veli Üniversitesi,Veteriner,Nevşehir,SAY,438,453.19,30,30,869
Nevşehir Hacı Bektaş Veli Üniversitesi,Hemşirelik,Nevşehir,SAY,415,425.13,80,80,4954
Nevşehir Hacı Bektaş Veli Üniversitesi,Ebelik,Nevşehir,SAY,402,413.56,30,30,167638
Nevşehir Hacı Bektaş Veli Üniversitesi,Fizyoterapi ve Rehabilitasyon,Nevşehir,SAY,425,433.89,30,30,2084
Nevşehir Hacı Bektaş Veli Üniversitesi,Beslenme ve Diyetetik,Nevşehir,SAY,420,433.15,30,30,2763
Nevşehir Hacı Bektaş Veli Üniversitesi,Şehir ve Bölge Planlama,Nevşehir,SAY,425,434.43,40,40,1923
Nevşehir Hacı Bektaş Veli Üniversitesi,Peyzaj Mimarlığı,Nevşehir,SAY,412,421.21,30,30,6623
Nevşehir Hacı Bektaş Veli Üniversitesi,Orman Mühendisliği,Nevşehir,SAY,402,413.19,30,30,166332
Nevşehir Hacı Bektaş Veli Üniversitesi,Ziraat Mühendisliği,Nevşehir,SAY,398,410.6,50,50,878259
Nevşehir Hacı Bektaş Veli Üniversitesi,Tarım Ekonomisi,Nevşehir,SAY,390,402.93,40,40,1027951
Nevşehir Hacı Bektaş Veli Üniversitesi,İşletme,Nevşehir,EA,438,448.61,80,80,886
Nevşehir Hacı Bektaş Veli Üniversitesi,İktisat,Nevşehir,EA,435,443.07,70,70,980
Nevşehir Hacı Bektaş Veli Üniversitesi,Maliye,Nevşehir,EA,428,442.89,50,50,1276
Nevşehir Hacı Bektaş Veli Üniversitesi,Kamu Yönetimi,Nevşehir,EA,422,436.12,60,60,2239
Nevşehir Hacı Bektaş Veli Üniversitesi,Uluslararası İlişkiler,Nevşehir,EA,442,450.5,60,60,704
Nevşehir Hacı Bektaş Veli Üniversitesi,Siyaset Bilimi ve Kamu Yönetimi,Nevşehir,EA,433,445.5,60,60,1125
Nevşehir Hacı Bektaş Veli Üniversitesi,Çalışma Ekonomisi ve Endüstri İlişkileri,Nevşehir,EA,418,431.44,30,30,3058
Nevşehir Hacı Bektaş Veli Üniversitesi,Uluslararası Ticaret ve Lojistik,Nevşehir,EA,425,437.57,40,40,1775
Nevşehir Hacı Bektaş Veli Üniversitesi,Bankacılık ve Finans,Nevşehir,EA,428,442.42,60,60,1624
Nevşehir Hacı Bektaş Veli Üniversitesi,Muhasebe ve Finansal Yönetim,Nevşehir,EA,415,426.7,50,50,4292
Nevşehir Hacı Bektaş Veli Üniversitesi,Turizm İşletmeciliği,Nevşehir,EA,405,415.75,60,60,32106
Nevşehir Hacı Bektaş Veli Üniversitesi,Gastronomi ve Mutfak Sanatları,Nevşehir,EA,398,406.85,40,40,964245
Nevşehir Hacı Bektaş Veli Üniversitesi,Sosyoloji,Nevşehir,EA,412,422.12,60,60,6470
Nevşehir Hacı Bektaş Veli Üniversitesi,Psikoloji,Nevşehir,EA,442,455.12,60,60,783
Nevşehir Hacı Bektaş Veli Üniversitesi,Tarih,Nevşehir,EA,405,414.37,70,70,36447
Nevşehir Hacı Bektaş Veli Üniversitesi,Coğrafya,Nevşehir,EA,392,401.12,30,30,987603
Nevşehir Hacı Bektaş Veli Üniversitesi,Felsefe,Nevşehir,EA,410,422.81,40,40,8257
Nevşehir Hacı Bektaş Veli Üniversitesi,Arkeoloji,Nevşehir,EA,402,414.28,40,40,159518
Nevşehir Hacı Bektaş Veli Üniversitesi,Sanat Tarihi,Nevşehir,EA,398,406.0,40,40,1113176
Nevşehir Hacı Bektaş Veli Üniversitesi,Sosyal Hizmet,Nevşehir,EA,412,425.33,50,50,5905
Nevşehir Hacı Bektaş Veli Üniversitesi,Türk Dili ve Edebiyatı,Nevşehir,SÖZ,412,424.33,60,60,6307
Nevşehir Hacı Bektaş Veli Üniversitesi,Türk Dili ve Edebiyatı Öğretmenliği,Nevşehir,SÖZ,415,429.67,30,30,4917
Nevşehir Hacı Bektaş Veli Üniversitesi,İngilizce Öğretmenliği,Nevşehir,SÖZ,422,437.87,30,30,2118
Nevşehir Hacı Bektaş Veli Üniversitesi,Almanca Öğretmenliği,Nevşehir,SÖZ,405,419.31,20,20,37237
Nevşehir Hacı Bektaş Veli Üniversitesi,Fransızca Öğretmenliği,Nevşehir,SÖZ,402,415.44,30,30,183686
Nevşehir Hacı Bektaş Veli Üniversitesi,Rehberlik ve Psikolojik Danışmanlık,Nevşehir,SÖZ,428,440.74,40,40,1655
Nevşehir Hacı Bektaş Veli Üniversitesi,Okul Öncesi Öğretmenliği,Nevşehir,SÖZ,412,420.14,50,50,7809
Nevşehir Hacı Bektaş Veli Üniversitesi,Sınıf Öğretmenliği,Nevşehir,SÖZ,415,427.46,50,50,4950
Nevşehir Hacı Bektaş Veli Üniversitesi,İlahiyat,Nevşehir,SÖZ,398,410.33,90,90,1103400
Nevşehir Hacı Bektaş Veli Üniversitesi,Arap Dili ve Edebiyatı,Nevşehir,SÖZ,390,402.56,30,30,1000795
Nevşehir Hacı Bektaş Veli Üniversitesi,İngiliz Dili ve Edebiyatı,Nevşehir,SÖZ,418,426.16,30,30,2923
Nevşehir Hacı Bektaş Veli Üniversitesi,Fransız Dili ve Edebiyatı,Nevşehir,SÖZ,400,413.14,20,20,860474
Nevşehir Hacı Bektaş Veli Üniversitesi,Alman Dili ve Edebiyatı,Nevşehir,SÖZ,398,409.42,20,20,1116565
Nevşehir Hacı Bektaş Veli Üniversitesi,Japon Dili ve Edebiyatı,Nevşehir,SÖZ,408,423.35,30,30,13369
Nevşehir Hacı Bektaş Veli Üniversitesi,Çin Dili ve Edebiyatı,Nevşehir,SÖZ,405,417.76,20,20,28575
Nevşehir Hacı Bektaş Veli Üniversitesi,Gazetecilik,Nevşehir,SÖZ,413,428.64,70,70,6033
Nevşehir Hacı Bektaş Veli Üniversitesi,Radyo Televizyon ve Sinema,Nevşehir,SÖZ,412,422.99,40,40,6438
Nevşehir Hacı Bektaş Veli Üniversitesi,Halkla İlişkiler ve Tanıtım,Nevşehir,SÖZ,408,422.22,60,60,12575
Nevşehir Hacı Bektaş Veli Üniversitesi,İletişim Tasarımı,Nevşehir,SÖZ,410,421.49,30,30,9445
Niğde Ömer Halisdemir Üniversitesi,Bilgisayar Mühendisliği,Niğde,SAY,460,469.43,60,60,426
Niğde Ömer Halisdemir Üniversitesi,Elektrik-Elektronik Mühendisliği,Niğde,SAY,455,465.65,80,80,404
Niğde Ömer Halisdemir Üniversitesi,Makine Mühendisliği,Niğde,SAY,450,461.52,70,70,450
Niğde Ömer Halisdemir Üniversitesi,İnşaat Mühendisliği,Niğde,SAY,445,456.11,80,80,641
Niğde Ömer Halisdemir Üniversitesi,Endüstri Mühendisliği,Niğde,SAY,448,460.78,50,50,581
Niğde Ömer Halisdemir Üniversitesi,Kimya Mühendisliği,Niğde,SAY,440,454.59,50,50,720
Niğde Ömer Halisdemir Üniversitesi,Mekatronik Mühendisliği,Niğde,SAY,438,452.64,50,50,981
Niğde Ömer Halisdemir Üniversitesi,Yazılım Mühendisliği,Niğde,SAY,442,451.75,60,60,646
Niğde Ömer Halisdemir Üniversitesi,Biyomedikal Mühendisliği,Niğde,SAY,435,443.45,30,30,1069
Niğde Ömer Halisdemir Üniversitesi,Çevre Mühendisliği,Niğde,SAY,428,443.57,40,40,1682
Niğde Ömer Halisdemir Üniversitesi,Gıda Mühendisliği,Niğde,SAY,420,431.78,60,60,3076
Niğde Ömer Halisdemir Üniversitesi,Jeoloji Mühendisliği,Niğde,SAY,412,423.71,40,40,6143
Niğde Ömer Halisdemir Üniversitesi,Maden Mühendisliği,Niğde,SAY,405,417.36,30,30,30593
Niğde Ömer Halisdemir Üniversitesi,Metalurji ve Malzeme Mühendisliği,Niğde,SAY,408,421.4,30,30,14439
Niğde Ömer Halisdemir Üniversitesi,Tekstil Mühendisliği,Niğde,SAY,400,410.44,30,30,1054379
Niğde Ömer Halisdemir Üniversitesi,Fizik,Niğde,SAY,418,428.5,70,70,3207
Niğde Ömer Halisdemir Üniversitesi,Kimya,Niğde,SAY,413,423.95,40,40,5189
Niğde Ömer Halisdemir Üniversitesi,Matematik,Niğde,SAY,422,430.42,40,40,2542
Niğde Ömer Halisdemir Üniversitesi,İstatistik,Niğde,SAY,420,428.74,50,50,2687
Niğde Ömer Halisdemir Üniversitesi,Biyoloji,Niğde,SAY,410,424.12,50,50,9904
Niğde Ömer Halisdemir Üniversitesi,Moleküler Biyoloji ve Genetik,Niğde,SAY,433,444.51,40,40,1117
Niğde Ömer Halisdemir Üniversitesi,Tıp,Niğde,SAY,475,483.9,70,70,273
Niğde Ömer Halisdemir Üniversitesi,Veteriner,Niğde,SAY,438,448.4,40,40,938
Niğde Ömer Halisdemir Üniversitesi,Hemşirelik,Niğde,SAY,415,425.32,70,70,5134
Niğde Ömer Halisdemir Üniversitesi,Ebelik,Niğde,SAY,402,413.91,30,30,174077
Niğde Ömer Halisdemir Üniversitesi,Fizyoterapi ve Rehabilitasyon,Niğde,SAY,425,434.74,40,40,1598
Niğde Ömer Halisdemir Üniversitesi,Beslenme ve Diyetetik,Niğde,SAY,420,429.92,40,40,2848
Niğde Ömer Halisdemir Üniversitesi,Şehir ve Bölge Planlama,Niğde,SAY,425,436.42,30,30,1573
Niğde Ömer Halisdemir Üniversitesi,Peyzaj Mimarlığı,Niğde,SAY,412,421.4,30,30,7697
Niğde Ömer Halisdemir Üniversitesi,Orman Mühendisliği,Niğde,SAY,402,413.84,30,30,171022
Niğde Ömer Halisdemir Üniversitesi,Ziraat Mühendisliği,Niğde,SAY,398,409.48,40,40,944789
Niğde Ömer Halisdemir Üniversitesi,Tarım Ekonomisi,Niğde,SAY,390,401.56,30,30,941717
Niğde Ömer Halisdemir Üniversitesi,İşletme,Niğde,EA,438,453.41,70,70,919
Niğde Ömer Halisdemir Üniversitesi,İktisat,Niğde,EA,435,447.09,80,80,877
Niğde Ömer Halisdemir Üniversitesi,Maliye,Niğde,EA,428,439.4,50,50,1480
Niğde Ömer Halisdemir Üniversitesi,Kamu Yönetimi,Niğde,EA,422,433.97,50,50,2462
Niğde Ömer Halisdemir Üniversitesi,Uluslararası İlişkiler,Niğde,EA,442,451.3,60,60,784
Niğde Ömer Halisdemir Üniversitesi,Siyaset Bilimi ve Kamu Yönetimi,Niğde,EA,433,443.48,50,50,1011
Niğde Ömer Halisdemir Üniversitesi,Çalışma Ekonomisi ve Endüstri İlişkileri,Niğde,EA,418,430.6,40,40,3685
Niğde Ömer Halisdemir Üniversitesi,Uluslararası Ticaret ve Lojistik,Niğde,EA,425,440.77,60,60,1740
Niğde Ömer Halisdemir Üniversitesi,Bankacılık ve Finans,Niğde,EA,428,442.32,50,50,1574
Niğde Ömer Halisdemir Üniversitesi,Muhasebe ve Finansal Yönetim,Niğde,EA,415,427.43,60,60,4555
Niğde Ömer Halisdemir Üniversitesi,Turizm İşletmeciliği,Niğde,EA,405,414.87,60,60,37395
Niğde Ömer Halisdemir Üniversitesi,Gastronomi ve Mutfak Sanatları,Niğde,EA,398,411.63,30,30,1012089
Niğde Ömer Halisdemir Üniversitesi,Sosyoloji,Niğde,EA,412,427.24,50,50,6170
Niğde Ömer Halisdemir Üniversitesi,Psikoloji,Niğde,EA,442,457.5,50,50,777
Niğde Ömer Halisdemir Üniversitesi,Tarih,Niğde,EA,405,420.21,60,60,34801
Niğde Ömer Halisdemir Üniversitesi,Coğrafya,Niğde,EA,392,403.5,40,40,1018310
Niğde Ömer Halisdemir Üniversitesi,Felsefe,Niğde,EA,410,425.12,40,40,9020
Niğde Ömer Halisdemir Üniversitesi,Arkeoloji,Niğde,EA,402,414.16,40,40,195329
Niğde Ömer Halisdemir Üniversitesi,Sanat Tarihi,Niğde,EA,398,406.41,30,30,893036
Niğde Ömer Halisdemir Üniversitesi,Sosyal Hizmet,Niğde,EA,412,425.85,60,60,7072
Niğde Ömer Halisdemir Üniversitesi,Türk Dili ve Edebiyatı,Niğde,SÖZ,412,426.71,50,50,7505
Niğde Ömer Halisdemir Üniversitesi,Türk Dili ve Edebiyatı Öğretmenliği,Niğde,SÖZ,415,428.11,30,30,5143
Niğde Ömer Halisdemir Üniversitesi,İngilizce Öğretmenliği,Niğde,SÖZ,422,430.12,40,40,2181
Niğde Ömer Halisdemir Üniversitesi,Almanca Öğretmenliği,Niğde,SÖZ,405,420.72,30,30,37339
Niğde Ömer Halisdemir Üniversitesi,Fransızca Öğretmenliği,Niğde,SÖZ,402,416.36,20,20,157112
Niğde Ömer Halisdemir Üniversitesi,Rehberlik ve Psikolojik Danışmanlık,Niğde,SÖZ,428,440.18,40,40,1441
Niğde Ömer Halisdemir Üniversitesi,Okul Öncesi Öğretmenliği,Niğde,SÖZ,412,425.81,50,50,7131
Niğde Ömer Halisdemir Üniversitesi,Sınıf Öğretmenliği,Niğde,SÖZ,415,429.02,50,50,5062
Niğde Ömer Halisdemir Üniversitesi,İlahiyat,Niğde,SÖZ,398,407.97,70,70,1145820
Niğde Ömer Halisdemir Üniversitesi,Arap Dili ve Edebiyatı,Niğde,SÖZ,390,400.2,40,40,1124929
Niğde Ömer Halisdemir Üniversitesi,İngiliz Dili ve Edebiyatı,Niğde,SÖZ,418,426.18,40,40,3593
Niğde Ömer Halisdemir Üniversitesi,Fransız Dili ve Edebiyatı,Niğde,SÖZ,400,414.75,30,30,1021856
Niğde Ömer Halisdemir Üniversitesi,Alman Dili ve Edebiyatı,Niğde,SÖZ,398,409.56,20,20,1023126
Niğde Ömer Halisdemir Üniversitesi,Japon Dili ve Edebiyatı,Niğde,SÖZ,408,422.89,30,30,16018
Niğde Ömer Halisdemir Üniversitesi,Çin Dili ve Edebiyatı,Niğde,SÖZ,405,419.31,30,30,29034
Niğde Ömer Halisdemir Üniversitesi,Gazetecilik,Niğde,SÖZ,413,425.04,60,60,6375
Niğde Ömer Halisdemir Üniversitesi,Radyo Televizyon ve Sinema,Niğde,SÖZ,412,425.99,60,60,7400
Niğde Ömer Halisdemir Üniversitesi,Halkla İlişkiler ve Tanıtım,Niğde,SÖZ,408,421.39,60,60,12162
Niğde Ömer Halisdemir Üniversitesi,İletişim Tasarımı,Niğde,SÖZ,410,419.93,30,30,9750
Aksaray Üniversitesi,Bilgisayar Mühendisliği,Aksaray,SAY,460,472.26,90,90,416
Aksaray Üniversitesi,Elektrik-Elektronik Mühendisliği,Aksaray,SAY,455,468.17,60,60,417
Aksaray Üniversitesi,Makine Mühendisliği,Aksaray,SAY,450,458.34,80,80,454
Aksaray Üniversitesi,İnşaat Mühendisliği,Aksaray,SAY,445,459.38,80,80,701
Aksaray Üniversitesi,Endüstri Mühendisliği,Aksaray,SAY,448,458.62,50,50,628
Aksaray Üniversitesi,Kimya Mühendisliği,Aksaray,SAY,440,449.65,50,50,682
Aksaray Üniversitesi,Mekatronik Mühendisliği,Aksaray,SAY,438,452.3,50,50,859
Aksaray Üniversitesi,Yazılım Mühendisliği,Aksaray,SAY,442,457.32,60,60,627
Aksaray Üniversitesi,Biyomedikal Mühendisliği,Aksaray,SAY,435,447.8,30,30,1017
Aksaray Üniversitesi,Çevre Mühendisliği,Aksaray,SAY,428,440.95,60,60,1581
Aksaray Üniversitesi,Gıda Mühendisliği,Aksaray,SAY,420,435.8,60,60,3120
Aksaray Üniversitesi,Jeoloji Mühendisliği,Aksaray,SAY,412,422.93,30,30,7784
Aksaray Üniversitesi,Maden Mühendisliği,Aksaray,SAY,405,418.21,40,40,36696
Aksaray Üniversitesi,Metalurji ve Malzeme Mühendisliği,Aksaray,SAY,408,419.9,30,30,12870
Aksaray Üniversitesi,Tekstil Mühendisliği,Aksaray,SAY,400,408.81,30,30,937052
Aksaray Üniversitesi,Fizik,Aksaray,SAY,418,426.34,60,60,2938
Aksaray Üniversitesi,Kimya,Aksaray,SAY,413,424.89,60,60,5852
Aksaray Üniversitesi,Matematik,Aksaray,SAY,422,433.37,50,50,2483
Aksaray Üniversitesi,İstatistik,Aksaray,SAY,420,435.31,60,60,2562
Aksaray Üniversitesi,Biyoloji,Aksaray,SAY,410,420.04,60,60,8278
Aksaray Üniversitesi,Moleküler Biyoloji ve Genetik,Aksaray,SAY,433,441.28,40,40,976
Aksaray Üniversitesi,Veteriner,Aksaray,SAY,438,453.59,30,30,894
Aksaray Üniversitesi,Hemşirelik,Aksaray,SAY,415,429.55,70,70,5159
Aksaray Üniversitesi,Ebelik,Aksaray,SAY,402,417.8,30,30,196254
Aksaray Üniversitesi,Fizyoterapi ve Rehabilitasyon,Aksaray,SAY,425,437.37,40,40,1627
Aksaray Üniversitesi,Beslenme ve Diyetetik,Aksaray,SAY,420,429.14,30,30,2664
Aksaray Üniversitesi,Şehir ve Bölge Planlama,Aksaray,SAY,425,437.07,40,40,1609
Aksaray Üniversitesi,Peyzaj Mimarlığı,Aksaray,SAY,412,423.63,40,40,6907
Aksaray Üniversitesi,Orman Mühendisliği,Aksaray,SAY,402,416.35,40,40,194353
Aksaray Üniversitesi,Ziraat Mühendisliği,Aksaray,SAY,398,406.36,50,50,998588
Aksaray Üniversitesi,Tarım Ekonomisi,Aksaray,SAY,390,405.34,40,40,1108079
Aksaray Üniversitesi,İşletme,Aksaray,EA,438,446.03,80,80,775
Aksaray Üniversitesi,İktisat,Aksaray,EA,435,445.23,70,70,1030
Aksaray Üniversitesi,Maliye,Aksaray,EA,428,438.56,50,50,1696
Aksaray Üniversitesi,Kamu Yönetimi,Aksaray,EA,422,436.65,60,60,2484
Aksaray Üniversitesi,Uluslararası İlişkiler,Aksaray,EA,442,451.09,50,50,716
Aksaray Üniversitesi,Siyaset Bilimi ve Kamu Yönetimi,Aksaray,EA,433,441.17,60,60,1263
Aksaray Üniversitesi,Çalışma Ekonomisi ve Endüstri İlişkileri,Aksaray,EA,418,433.88,40,40,3587
Aksaray Üniversitesi,Uluslararası Ticaret ve Lojistik,Aksaray,EA,425,439.57,60,60,1978
Aksaray Üniversitesi,Bankacılık ve Finans,Aksaray,EA,428,438.44,60,60,1359
Aksaray Üniversitesi,Muhasebe ve Finansal Yönetim,Aksaray,EA,415,423.52,60,60,4573
Aksaray Üniversitesi,Turizm İşletmeciliği,Aksaray,EA,405,418.98,50,50,37700
Aksaray Üniversitesi,Gastronomi ve Mutfak Sanatları,Aksaray,EA,398,409.24,30,30,1078293
Aksaray Üniversitesi,Sosyoloji,Aksaray,EA,412,420.75,60,60,7294
Aksaray Üniversitesi,Psikoloji,Aksaray,EA,442,450.9,50,50,815
Aksaray Üniversitesi,Tarih,Aksaray,EA,405,419.99,50,50,37775
Aksaray Üniversitesi,Coğrafya,Aksaray,EA,392,401.07,30,30,929351
Aksaray Üniversitesi,Felsefe,Aksaray,EA,410,420.1,30,30,9951
Aksaray Üniversitesi,Arkeoloji,Aksaray,EA,402,417.16,40,40,178052
Aksaray Üniversitesi,Sanat Tarihi,Aksaray,EA,398,409.69,40,40,852195
Aksaray Üniversitesi,Sosyal Hizmet,Aksaray,EA,412,420.45,60,60,7238
Aksaray Üniversitesi,Türk Dili ve Edebiyatı,Aksaray,SÖZ,412,422.18,50,50,6981
Aksaray Üniversitesi,Türk Dili ve Edebiyatı Öğretmenliği,Aksaray,SÖZ,415,429.25,40,40,5050
Aksaray Üniversitesi,İngilizce Öğretmenliği,Aksaray,SÖZ,422,433.86,30,30,2380
Aksaray Üniversitesi,Almanca Öğretmenliği,Aksaray,SÖZ,405,414.16,30,30,35602
Aksaray Üniversitesi,Fransızca Öğretmenliği,Aksaray,SÖZ,402,414.7,20,20,184471
Aksaray Üniversitesi,Rehberlik ve Psikolojik Danışmanlık,Aksaray,SÖZ,428,443.86,40,40,1653
Aksaray Üniversitesi,Okul Öncesi Öğretmenliği,Aksaray,SÖZ,412,421.42,50,50,5981
Aksaray Üniversitesi,Sınıf Öğretmenliği,Aksaray,SÖZ,415,424.15,50,50,4293
Aksaray Üniversitesi,İlahiyat,Aksaray,SÖZ,398,411.17,70,70,914194
Aksaray Üniversitesi,Arap Dili ve Edebiyatı,Aksaray,SÖZ,390,404.63,30,30,865484
Aksaray Üniversitesi,İngiliz Dili ve Edebiyatı,Aksaray,SÖZ,418,429.45,30,30,3486
Aksaray Üniversitesi,Fransız Dili ve Edebiyatı,Aksaray,SÖZ,400,409.19,30,30,969805
Aksaray Üniversitesi,Alman Dili ve Edebiyatı,Aksaray,SÖZ,398,413.47,20,20,895433
Aksaray Üniversitesi,Japon Dili ve Edebiyatı,Aksaray,SÖZ,408,422.24,30,30,13085
Aksaray Üniversitesi,Çin Dili ve Edebiyatı,Aksaray,SÖZ,405,414.08,20,20,33820
Aksaray Üniversitesi,Gazetecilik,Aksaray,SÖZ,413,425.67,50,50,5057
Aksaray Üniversitesi,Radyo Televizyon ve Sinema,Aksaray,SÖZ,412,420.24,50,50,6017
Aksaray Üniversitesi,Halkla İlişkiler ve Tanıtım,Aksaray,SÖZ,408,422.38,40,40,16194
Aksaray Üniversitesi,İletişim Tasarımı,Aksaray,SÖZ,410,422.92,40,40,8337
Karamanoğlu Mehmetbey Üniversitesi,Bilgisayar Mühendisliği,Karaman,SAY,460,471.61,60,60,338
Karamanoğlu Mehmetbey Üniversitesi,Elektrik-Elektronik Mühendisliği,Karaman,SAY,455,466.05,80,80,381
Karamanoğlu Mehmetbey Üniversitesi,Makine Mühendisliği,Karaman,SAY,450,463.24,60,60,523
Karamanoğlu Mehmetbey Üniversitesi,İnşaat Mühendisliği,Karaman,SAY,445,459.59,90,90,599
Karamanoğlu Mehmetbey Üniversitesi,Endüstri Mühendisliği,Karaman,SAY,448,461.95,70,70,613
Karamanoğlu Mehmetbey Üniversitesi,Kimya Mühendisliği,Karaman,SAY,440,449.34,70,70,856
Karamanoğlu Mehmetbey Üniversitesi,Mekatronik Mühendisliği,Karaman,SAY,438,446.05,50,50,797
Karamanoğlu Mehmetbey Üniversitesi,Yazılım Mühendisliği,Karaman,SAY,442,457.83,60,60,788
Karamanoğlu Mehmetbey Üniversitesi,Biyomedikal Mühendisliği,Karaman,SAY,435,449.29,30,30,1117
Karamanoğlu Mehmetbey Üniversitesi,Çevre Mühendisliği,Karaman,SAY,428,441.18,50,50,1273
Karamanoğlu Mehmetbey Üniversitesi,Gıda Mühendisliği,Karaman,SAY,420,432.7,50,50,2939
Karamanoğlu Mehmetbey Üniversitesi,Jeoloji Mühendisliği,Karaman,SAY,412,427.49,40,40,7321
Karamanoğlu Mehmetbey Üniversitesi,Maden Mühendisliği,Karaman,SAY,405,419.59,30,30,36071
Karamanoğlu Mehmetbey Üniversitesi,Metalurji ve Malzeme Mühendisliği,Karaman,SAY,408,420.94,30,30,12965
Karamanoğlu Mehmetbey Üniversitesi,Tekstil Mühendisliği,Karaman,SAY,400,410.82,40,40,878311
Karamanoğlu Mehmetbey Üniversitesi,Fizik,Karaman,SAY,418,426.63,60,60,3266
Karamanoğlu Mehmetbey Üniversitesi,Kimya,Karaman,SAY,413,421.19,50,50,6766
Karamanoğlu Mehmetbey Üniversitesi,Matematik,Karaman,SAY,422,436.62,60,60,2202
Karamanoğlu Mehmetbey Üniversitesi,İstatistik,Karaman,SAY,420,428.3,60,60,2407
Karamanoğlu Mehmetbey Üniversitesi,Biyoloji,Karaman,SAY,410,425.64,70,70,9614
Karamanoğlu Mehmetbey Üniversitesi,Moleküler Biyoloji ve Genetik,Karaman,SAY,433,447.44,30,30,1121
Karamanoğlu Mehmetbey Üniversitesi,Veteriner,Karaman,SAY,438,448.28,40,40,887
Karamanoğlu Mehmetbey Üniversitesi,Hemşirelik,Karaman,SAY,415,426.83,90,90,4483
Karamanoğlu Mehmetbey Üniversitesi,Ebelik,Karaman,SAY,402,415.4,30,30,153018
Karamanoğlu Mehmetbey Üniversitesi,Fizyoterapi ve Rehabilitasyon,Karaman,SAY,425,440.26,30,30,1827
Karamanoğlu Mehmetbey Üniversitesi,Beslenme ve Diyetetik,Karaman,SAY,420,428.19,30,30,2934
Karamanoğlu Mehmetbey Üniversitesi,Şehir ve Bölge Planlama,Karaman,SAY,425,440.81,30,30,2088
Karamanoğlu Mehmetbey Üniversitesi,Peyzaj Mimarlığı,Karaman,SAY,412,422.33,30,30,7559
Karamanoğlu Mehmetbey Üniversitesi,Orman Mühendisliği,Karaman,SAY,402,410.35,40,40,167324
Karamanoğlu Mehmetbey Üniversitesi,Ziraat Mühendisliği,Karaman,SAY,398,413.47,70,70,1080559
Karamanoğlu Mehmetbey Üniversitesi,Tarım Ekonomisi,Karaman,SAY,390,402.86,30,30,1069107
Karamanoğlu Mehmetbey Üniversitesi,İşletme,Karaman,EA,438,448.61,80,80,790
Karamanoğlu Mehmetbey Üniversitesi,İktisat,Karaman,EA,435,445.16,60,60,1129
Karamanoğlu Mehmetbey Üniversitesi,Maliye,Karaman,EA,428,437.79,50,50,1698
Karamanoğlu Mehmetbey Üniversitesi,Kamu Yönetimi,Karaman,EA,422,431.5,40,40,2447
Karamanoğlu Mehmetbey Üniversitesi,Uluslararası İlişkiler,Karaman,EA,442,451.33,50,50,770
Karamanoğlu Mehmetbey Üniversitesi,Siyaset Bilimi ve Kamu Yönetimi,Karaman,EA,433,442.19,60,60,946
Karamanoğlu Mehmetbey Üniversitesi,Çalışma Ekonomisi ve Endüstri İlişkileri,Karaman,EA,418,427.67,30,30,3021
Karamanoğlu Mehmetbey Üniversitesi,Uluslararası Ticaret ve Lojistik,Karaman,EA,425,437.15,50,50,1689
Karamanoğlu Mehmetbey Üniversitesi,Bankacılık ve Finans,Karaman,EA,428,439.23,50,50,1373
Karamanoğlu Mehmetbey Üniversitesi,Muhasebe ve Finansal Yönetim,Karaman,EA,415,427.13,60,60,4681
Karamanoğlu Mehmetbey Üniversitesi,Turizm İşletmeciliği,Karaman,EA,405,413.97,60,60,29329
Karamanoğlu Mehmetbey Üniversitesi,Gastronomi ve Mutfak Sanatları,Karaman,EA,398,413.64,30,30,1105117
Karamanoğlu Mehmetbey Üniversitesi,Sosyoloji,Karaman,EA,412,425.02,50,50,7506
Karamanoğlu Mehmetbey Üniversitesi,Psikoloji,Karaman,EA,442,457.47,60,60,770
Karamanoğlu Mehmetbey Üniversitesi,Tarih,Karaman,EA,405,419.19,60,60,35365
Karamanoğlu Mehmetbey Üniversitesi,Coğrafya,Karaman,EA,392,403.11,40,40,1012532
Karamanoğlu Mehmetbey Üniversitesi,Felsefe,Karaman,EA,410,425.91,40,40,10795
Karamanoğlu Mehmetbey Üniversitesi,Arkeoloji,Karaman,EA,402,414.38,30,30,171271
Karamanoğlu Mehmetbey Üniversitesi,Sanat Tarihi,Karaman,EA,398,406.41,40,40,1126406
Karamanoğlu Mehmetbey Üniversitesi,Sosyal Hizmet,Karaman,EA,412,424.12,50,50,7226
Karamanoğlu Mehmetbey Üniversitesi,Türk Dili ve Edebiyatı,Karaman,SÖZ,412,420.77,70,70,7536
Karamanoğlu Mehmetbey Üniversitesi,Türk Dili ve Edebiyatı Öğretmenliği,Karaman,SÖZ,415,423.77,30,30,5108
Karamanoğlu Mehmetbey Üniversitesi,İngilizce Öğretmenliği,Karaman,SÖZ,422,434.44,30,30,2209
Karamanoğlu Mehmetbey Üniversitesi,Almanca Öğretmenliği,Karaman,SÖZ,405,419.07,20,20,37710
Karamanoğlu Mehmetbey Üniversitesi,Fransızca Öğretmenliği,Karaman,SÖZ,402,411.51,30,30,159886
Karamanoğlu Mehmetbey Üniversitesi,Rehberlik ve Psikolojik Danışmanlık,Karaman,SÖZ,428,438.9,30,30,1411
Karamanoğlu Mehmetbey Üniversitesi,Okul Öncesi Öğretmenliği,Karaman,SÖZ,412,420.24,70,70,6481
Karamanoğlu Mehmetbey Üniversitesi,Sınıf Öğretmenliği,Karaman,SÖZ,415,425.0,60,60,4695
Karamanoğlu Mehmetbey Üniversitesi,İlahiyat,Karaman,SÖZ,398,409.46,60,60,894480
Karamanoğlu Mehmetbey Üniversitesi,Arap Dili ve Edebiyatı,Karaman,SÖZ,390,399.1,40,40,1114369
Karamanoğlu Mehmetbey Üniversitesi,İngiliz Dili ve Edebiyatı,Karaman,SÖZ,418,431.65,30,30,3339
Karamanoğlu Mehmetbey Üniversitesi,Fransız Dili ve Edebiyatı,Karaman,SÖZ,400,415.37,30,30,1045784
Karamanoğlu Mehmetbey Üniversitesi,Alman Dili ve Edebiyatı,Karaman,SÖZ,398,412.14,20,20,1140442
Karamanoğlu Mehmetbey Üniversitesi,Japon Dili ve Edebiyatı,Karaman,SÖZ,408,417.13,30,30,14340
Karamanoğlu Mehmetbey Üniversitesi,Çin Dili ve Edebiyatı,Karaman,SÖZ,405,415.1,20,20,31372
Karamanoğlu Mehmetbey Üniversitesi,Gazetecilik,Karaman,SÖZ,413,428.3,50,50,6172
Karamanoğlu Mehmetbey Üniversitesi,Radyo Televizyon ve Sinema,Karaman,SÖZ,412,427.61,70,70,6277
Karamanoğlu Mehmetbey Üniversitesi,Halkla İlişkiler ve Tanıtım,Karaman,SÖZ,408,418.36,50,50,12757
Karamanoğlu Mehmetbey Üniversitesi,İletişim Tasarımı,Karaman,SÖZ,410,425.6,30,30,9656
Osmaniye Korkut Ata Üniversitesi,Bilgisayar Mühendisliği,Osmaniye,SAY,460,473.49,80,80,426
Osmaniye Korkut Ata Üniversitesi,Elektrik-Elektronik Mühendisliği,Osmaniye,SAY,455,470.8,60,60,421
Osmaniye Korkut Ata Üniversitesi,Makine Mühendisliği,Osmaniye,SAY,450,465.14,60,60,463
Osmaniye Korkut Ata Üniversitesi,İnşaat Mühendisliği,Osmaniye,SAY,445,454.38,70,70,549
Osmaniye Korkut Ata Üniversitesi,Endüstri Mühendisliği,Osmaniye,SAY,448,456.68,60,60,574
Osmaniye Korkut Ata Üniversitesi,Kimya Mühendisliği,Osmaniye,SAY,440,448.24,60,60,836
Osmaniye Korkut Ata Üniversitesi,Mekatronik Mühendisliği,Osmaniye,SAY,438,453.87,60,60,763
Osmaniye Korkut Ata Üniversitesi,Yazılım Mühendisliği,Osmaniye,SAY,442,453.42,50,50,685
Osmaniye Korkut Ata Üniversitesi,Biyomedikal Mühendisliği,Osmaniye,SAY,435,445.12,30,30,1006
Osmaniye Korkut Ata Üniversitesi,Çevre Mühendisliği,Osmaniye,SAY,428,439.44,50,50,1602
Osmaniye Korkut Ata Üniversitesi,Gıda Mühendisliği,Osmaniye,SAY,420,435.13,60,60,3068
Osmaniye Korkut Ata Üniversitesi,Jeoloji Mühendisliği,Osmaniye,SAY,412,425.8,30,30,7814
Osmaniye Korkut Ata Üniversitesi,Maden Mühendisliği,Osmaniye,SAY,405,414.15,40,40,32515
Osmaniye Korkut Ata Üniversitesi,Metalurji ve Malzeme Mühendisliği,Osmaniye,SAY,408,418.4,30,30,15595
Osmaniye Korkut Ata Üniversitesi,Tekstil Mühendisliği,Osmaniye,SAY,400,410.66,30,30,852052
Osmaniye Korkut Ata Üniversitesi,Fizik,Osmaniye,SAY,418,431.01,60,60,3008
Osmaniye Korkut Ata Üniversitesi,Kimya,Osmaniye,SAY,413,422.19,60,60,5457
Osmaniye Korkut Ata Üniversitesi,Matematik,Osmaniye,SAY,422,433.93,50,50,2237
Osmaniye Korkut Ata Üniversitesi,İstatistik,Osmaniye,SAY,420,434.05,50,50,2934
Osmaniye Korkut Ata Üniversitesi,Biyoloji,Osmaniye,SAY,410,425.62,70,70,9207
Osmaniye Korkut Ata Üniversitesi,Moleküler Biyoloji ve Genetik,Osmaniye,SAY,433,447.78,30,30,1175
Osmaniye Korkut Ata Üniversitesi,Veteriner,Osmaniye,SAY,438,451.59,30,30,834
Osmaniye Korkut Ata Üniversitesi,Hemşirelik,Osmaniye,SAY,415,430.87,80,80,5210
Osmaniye Korkut Ata Üniversitesi,Ebelik,Osmaniye,SAY,402,417.98,30,30,190514
Osmaniye Korkut Ata Üniversitesi,Fizyoterapi ve Rehabilitasyon,Osmaniye,SAY,425,435.16,30,30,1894
Osmaniye Korkut Ata Üniversitesi,Beslenme ve Diyetetik,Osmaniye,SAY,420,433.3,40,40,2794
Osmaniye Korkut Ata Üniversitesi,Şehir ve Bölge Planlama,Osmaniye,SAY,425,433.29,30,30,2087
Osmaniye Korkut Ata Üniversitesi,Peyzaj Mimarlığı,Osmaniye,SAY,412,424.0,30,30,6813
Osmaniye Korkut Ata Üniversitesi,Orman Mühendisliği,Osmaniye,SAY,402,411.88,40,40,191124
Osmaniye Korkut Ata Üniversitesi,Ziraat Mühendisliği,Osmaniye,SAY,398,408.46,60,60,975781
Osmaniye Korkut Ata Üniversitesi,Tarım Ekonomisi,Osmaniye,SAY,390,399.22,30,30,883137
Osmaniye Korkut Ata Üniversitesi,İşletme,Osmaniye,EA,438,449.46,80,80,796
Osmaniye Korkut Ata Üniversitesi,İktisat,Osmaniye,EA,435,445.86,60,60,1019
Osmaniye Korkut Ata Üniversitesi,Maliye,Osmaniye,EA,428,441.28,50,50,1390
Osmaniye Korkut Ata Üniversitesi,Kamu Yönetimi,Osmaniye,EA,422,436.13,60,60,2024
Osmaniye Korkut Ata Üniversitesi,Uluslararası İlişkiler,Osmaniye,EA,442,451.56,60,60,728
Osmaniye Korkut Ata Üniversitesi,Siyaset Bilimi ve Kamu Yönetimi,Osmaniye,EA,433,441.02,50,50,1164
Osmaniye Korkut Ata Üniversitesi,Çalışma Ekonomisi ve Endüstri İlişkileri,Osmaniye,EA,418,431.42,40,40,3587
Osmaniye Korkut Ata Üniversitesi,Uluslararası Ticaret ve Lojistik,Osmaniye,EA,425,439.45,60,60,1949
Osmaniye Korkut Ata Üniversitesi,Bankacılık ve Finans,Osmaniye,EA,428,442.41,70,70,1506
Osmaniye Korkut Ata Üniversitesi,Muhasebe ve Finansal Yönetim,Osmaniye,EA,415,429.93,60,60,3920
Osmaniye Korkut Ata Üniversitesi,Turizm İşletmeciliği,Osmaniye,EA,405,420.94,50,50,29951
Osmaniye Korkut Ata Üniversitesi,Gastronomi ve Mutfak Sanatları,Osmaniye,EA,398,408.49,30,30,1046952
Osmaniye Korkut Ata Üniversitesi,Sosyoloji,Osmaniye,EA,412,421.49,50,50,7594
Osmaniye Korkut Ata Üniversitesi,Psikoloji,Osmaniye,EA,442,452.49,60,60,770
Osmaniye Korkut Ata Üniversitesi,Tarih,Osmaniye,EA,405,420.57,50,50,33079
Osmaniye Korkut Ata Üniversitesi,Coğrafya,Osmaniye,EA,392,406.98,40,40,965514
Osmaniye Korkut Ata Üniversitesi,Felsefe,Osmaniye,EA,410,418.5,30,30,10076
Osmaniye Korkut Ata Üniversitesi,Arkeoloji,Osmaniye,EA,402,416.62,40,40,178656
Osmaniye Korkut Ata Üniversitesi,Sanat Tarihi,Osmaniye,EA,398,406.72,40,40,932805
Osmaniye Korkut Ata Üniversitesi,Sosyal Hizmet,Osmaniye,EA,412,427.35,50,50,6796
Osmaniye Korkut Ata Üniversitesi,Türk Dili ve Edebiyatı,Osmaniye,SÖZ,412,425.52,60,60,7356
Osmaniye Korkut Ata Üniversitesi,Türk Dili ve Edebiyatı Öğretmenliği,Osmaniye,SÖZ,415,428.22,40,40,4466
Osmaniye Korkut Ata Üniversitesi,İngilizce Öğretmenliği,Osmaniye,SÖZ,422,435.04,40,40,2222
Osmaniye Korkut Ata Üniversitesi,Almanca Öğretmenliği,Osmaniye,SÖZ,405,420.52,30,30,34938
Osmaniye Korkut Ata Üniversitesi,Fransızca Öğretmenliği,Osmaniye,SÖZ,402,410.41,20,20,172682
Osmaniye Korkut Ata Üniversitesi,Rehberlik ve Psikolojik Danışmanlık,Osmaniye,SÖZ,428,442.76,40,40,1550
Osmaniye Korkut Ata Üniversitesi,Okul Öncesi Öğretmenliği,Osmaniye,SÖZ,412,422.92,50,50,5840
Osmaniye Korkut Ata Üniversitesi,Sınıf Öğretmenliği,Osmaniye,SÖZ,415,426.5,60,60,4202
Osmaniye Korkut Ata Üniversitesi,İlahiyat,Osmaniye,SÖZ,398,406.18,80,80,1126786
Osmaniye Korkut Ata Üniversitesi,Arap Dili ve Edebiyatı,Osmaniye,SÖZ,390,404.7,30,30,1006774
Osmaniye Korkut Ata Üniversitesi,İngiliz Dili ve Edebiyatı,Osmaniye,SÖZ,418,429.74,40,40,3558
Osmaniye Korkut Ata Üniversitesi,Fransız Dili ve Edebiyatı,Osmaniye,SÖZ,400,415.56,20,20,881734
Osmaniye Korkut Ata Üniversitesi,Alman Dili ve Edebiyatı,Osmaniye,SÖZ,398,406.89,30,30,1034669
Osmaniye Korkut Ata Üniversitesi,Japon Dili ve Edebiyatı,Osmaniye,SÖZ,408,423.15,30,30,14962
Osmaniye Korkut Ata Üniversitesi,Çin Dili ve Edebiyatı,Osmaniye,SÖZ,405,420.9,20,20,30642
Osmaniye Korkut Ata Üniversitesi,Gazetecilik,Osmaniye,SÖZ,413,422.58,50,50,5642
Osmaniye Korkut Ata Üniversitesi,Radyo Televizyon ve Sinema,Osmaniye,SÖZ,412,423.35,60,60,7594
Osmaniye Korkut Ata Üniversitesi,Halkla İlişkiler ve Tanıtım,Osmaniye,SÖZ,408,422.39,60,60,14409
Osmaniye Korkut Ata Üniversitesi,İletişim Tasarımı,Osmaniye,SÖZ,410,420.93,40,40,9086
Kahramanmaraş Sütçü İmam Üniversitesi,Bilgisayar Mühendisliği,Kahramanmaraş,SAY,460,468.12,80,80,394
Kahramanmaraş Sütçü İmam Üniversitesi,Elektrik-Elektronik Mühendisliği,Kahramanmaraş,SAY,455,469.39,90,90,393
Kahramanmaraş Sütçü İmam Üniversitesi,Makine Mühendisliği,Kahramanmaraş,SAY,450,459.3,70,70,574
Kahramanmaraş Sütçü İmam Üniversitesi,İnşaat Mühendisliği,Kahramanmaraş,SAY,445,460.95,80,80,653
Kahramanmaraş Sütçü İmam Üniversitesi,Endüstri Mühendisliği,Kahramanmaraş,SAY,448,462.78,60,60,523
Kahramanmaraş Sütçü İmam Üniversitesi,Kimya Mühendisliği,Kahramanmaraş,SAY,440,454.41,50,50,826
Kahramanmaraş Sütçü İmam Üniversitesi,Mekatronik Mühendisliği,Kahramanmaraş,SAY,438,451.52,60,60,794
Kahramanmaraş Sütçü İmam Üniversitesi,Yazılım Mühendisliği,Kahramanmaraş,SAY,442,452.92,60,60,771
Kahramanmaraş Sütçü İmam Üniversitesi,Biyomedikal Mühendisliği,Kahramanmaraş,SAY,435,445.57,40,40,1067
Kahramanmaraş Sütçü İmam Üniversitesi,Çevre Mühendisliği,Kahramanmaraş,SAY,428,442.59,40,40,1440
Kahramanmaraş Sütçü İmam Üniversitesi,Gıda Mühendisliği,Kahramanmaraş,SAY,420,429.74,70,70,2618
Kahramanmaraş Sütçü İmam Üniversitesi,Jeoloji Mühendisliği,Kahramanmaraş,SAY,412,425.19,40,40,7396
Kahramanmaraş Sütçü İmam Üniversitesi,Maden Mühendisliği,Kahramanmaraş,SAY,405,419.79,40,40,35127
Kahramanmaraş Sütçü İmam Üniversitesi,Metalurji ve Malzeme Mühendisliği,Kahramanmaraş,SAY,408,422.93,30,30,14541
Kahramanmaraş Sütçü İmam Üniversitesi,Tekstil Mühendisliği,Kahramanmaraş,SAY,400,412.03,30,30,916116
Kahramanmaraş Sütçü İmam Üniversitesi,Fizik,Kahramanmaraş,SAY,418,431.91,60,60,3400
Kahramanmaraş Sütçü İmam Üniversitesi,Kimya,Kahramanmaraş,SAY,413,423.53,50,50,5446
Kahramanmaraş Sütçü İmam Üniversitesi,Matematik,Kahramanmaraş,SAY,422,430.57,50,50,2283
Kahramanmaraş Sütçü İmam Üniversitesi,İstatistik,Kahramanmaraş,SAY,420,432.4,50,50,2638
Kahramanmaraş Sütçü İmam Üniversitesi,Biyoloji,Kahramanmaraş,SAY,410,419.96,70,70,9987
Kahramanmaraş Sütçü İmam Üniversitesi,Moleküler Biyoloji ve Genetik,Kahramanmaraş,SAY,433,442.86,30,30,1124
Kahramanmaraş Sütçü İmam Üniversitesi,Tıp,Kahramanmaraş,SAY,475,489.56,70,70,280
Kahramanmaraş Sütçü İmam Üniversitesi,Veteriner,Kahramanmaraş,SAY,438,448.08,30,30,987
Kahramanmaraş Sütçü İmam Üniversitesi,Hemşirelik,Kahramanmaraş,SAY,415,427.68,90,90,4479
Kahramanmaraş Sütçü İmam Üniversitesi,Ebelik,Kahramanmaraş,SAY,402,411.97,40,40,163876
Kahramanmaraş Sütçü İmam Üniversitesi,Fizyoterapi ve Rehabilitasyon,Kahramanmaraş,SAY,425,433.89,30,30,1852
Kahramanmaraş Sütçü İmam Üniversitesi,Beslenme ve Diyetetik,Kahramanmaraş,SAY,420,431.94,30,30,2981
Kahramanmaraş Sütçü İmam Üniversitesi,Şehir ve Bölge Planlama,Kahramanmaraş,SAY,425,439.12,30,30,1825
Kahramanmaraş Sütçü İmam Üniversitesi,Peyzaj Mimarlığı,Kahramanmaraş,SAY,412,421.24,40,40,7575
Kahramanmaraş Sütçü İmam Üniversitesi,Orman Mühendisliği,Kahramanmaraş,SAY,402,416.5,30,30,170332
Kahramanmaraş Sütçü İmam Üniversitesi,Ziraat Mühendisliği,Kahramanmaraş,SAY,398,407.23,50,50,1086029
Kahramanmaraş Sütçü İmam Üniversitesi,Tarım Ekonomisi,Kahramanmaraş,SAY,390,405.93,30,30,1081509
Kahramanmaraş Sütçü İmam Üniversitesi,İşletme,Kahramanmaraş,EA,438,447.13,70,70,823
Kahramanmaraş Sütçü İmam Üniversitesi,İktisat,Kahramanmaraş,EA,435,444.63,70,70,1094
Kahramanmaraş Sütçü İmam Üniversitesi,Maliye,Kahramanmaraş,EA,428,442.44,50,50,1603
Kahramanmaraş Sütçü İmam Üniversitesi,Kamu Yönetimi,Kahramanmaraş,EA,422,436.02,60,60,2286
Kahramanmaraş Sütçü İmam Üniversitesi,Uluslararası İlişkiler,Kahramanmaraş,EA,442,453.89,50,50,676
Kahramanmaraş Sütçü İmam Üniversitesi,Siyaset Bilimi ve Kamu Yönetimi,Kahramanmaraş,EA,433,442.49,60,60,1088
Kahramanmaraş Sütçü İmam Üniversitesi,Çalışma Ekonomisi ve Endüstri İlişkileri,Kahramanmaraş,EA,418,430.03,30,30,3127
Kahramanmaraş Sütçü İmam Üniversitesi,Uluslararası Ticaret ve Lojistik,Kahramanmaraş,EA,425,433.4,50,50,1861
Kahramanmaraş Sütçü İmam Üniversitesi,Bankacılık ve Finans,Kahramanmaraş,EA,428,439.16,70,70,1502
Kahramanmaraş Sütçü İmam Üniversitesi,Muhasebe ve Finansal Yönetim,Kahramanmaraş,EA,415,424.49,50,50,4605
Kahramanmaraş Sütçü İmam Üniversitesi,Turizm İşletmeciliği,Kahramanmaraş,EA,405,416.33,40,40,30636
Kahramanmaraş Sütçü İmam Üniversitesi,Gastronomi ve Mutfak Sanatları,Kahramanmaraş,EA,398,409.02,30,30,912061
Kahramanmaraş Sütçü İmam Üniversitesi,Sosyoloji,Kahramanmaraş,EA,412,426.68,50,50,6245
Kahramanmaraş Sütçü İmam Üniversitesi,Psikoloji,Kahramanmaraş,EA,442,457.74,50,50,696
Kahramanmaraş Sütçü İmam Üniversitesi,Tarih,Kahramanmaraş,EA,405,417.83,60,60,30310
Kahramanmaraş Sütçü İmam Üniversitesi,Coğrafya,Kahramanmaraş,EA,392,406.69,30,30,1032213
Kahramanmaraş Sütçü İmam Üniversitesi,Felsefe,Kahramanmaraş,EA,410,418.24,40,40,8833
Kahramanmaraş Sütçü İmam Üniversitesi,Arkeoloji,Kahramanmaraş,EA,402,413.15,30,30,181578
Kahramanmaraş Sütçü İmam Üniversitesi,Sanat Tarihi,Kahramanmaraş,EA,398,412.24,30,30,1083225
Kahramanmaraş Sütçü İmam Üniversitesi,Sosyal Hizmet,Kahramanmaraş,EA,412,420.2,60,60,6899
Kahramanmaraş Sütçü İmam Üniversitesi,Türk Dili ve Edebiyatı,Kahramanmaraş,SÖZ,412,423.79,60,60,7007
Kahramanmaraş Sütçü İmam Üniversitesi,Türk Dili ve Edebiyatı Öğretmenliği,Kahramanmaraş,SÖZ,415,425.62,30,30,5069
Kahramanmaraş Sütçü İmam Üniversitesi,İngilizce Öğretmenliği,Kahramanmaraş,SÖZ,422,430.07,40,40,2087
Kahramanmaraş Sütçü İmam Üniversitesi,Almanca Öğretmenliği,Kahramanmaraş,SÖZ,405,416.6,30,30,35464
Kahramanmaraş Sütçü İmam Üniversitesi,Fransızca Öğretmenliği,Kahramanmaraş,SÖZ,402,414.0,20,20,163981
Kahramanmaraş Sütçü İmam Üniversitesi,Rehberlik ve Psikolojik Danışmanlık,Kahramanmaraş,SÖZ,428,436.62,30,30,1581
Kahramanmaraş Sütçü İmam Üniversitesi,Okul Öncesi Öğretmenliği,Kahramanmaraş,SÖZ,412,424.22,50,50,6123
Kahramanmaraş Sütçü İmam Üniversitesi,Sınıf Öğretmenliği,Kahramanmaraş,SÖZ,415,426.22,50,50,5046
Kahramanmaraş Sütçü İmam Üniversitesi,İlahiyat,Kahramanmaraş,SÖZ,398,406.48,90,90,902818
Kahramanmaraş Sütçü İmam Üniversitesi,Arap Dili ve Edebiyatı,Kahramanmaraş,SÖZ,390,398.83,40,40,1078471
Kahramanmaraş Sütçü İmam Üniversitesi,İngiliz Dili ve Edebiyatı,Kahramanmaraş,SÖZ,418,431.21,40,40,3291
Kahramanmaraş Sütçü İmam Üniversitesi,Fransız Dili ve Edebiyatı,Kahramanmaraş,SÖZ,400,408.85,30,30,899313
Kahramanmaraş Sütçü İmam Üniversitesi,Alman Dili ve Edebiyatı,Kahramanmaraş,SÖZ,398,413.06,20,20,961583
Kahramanmaraş Sütçü İmam Üniversitesi,Japon Dili ve Edebiyatı,Kahramanmaraş,SÖZ,408,419.23,20,20,14436
Kahramanmaraş Sütçü İmam Üniversitesi,Çin Dili ve Edebiyatı,Kahramanmaraş,SÖZ,405,413.83,30,30,32366
Kahramanmaraş Sütçü İmam Üniversitesi,Gazetecilik,Kahramanmaraş,SÖZ,413,427.85,40,40,5358
Kahramanmaraş Sütçü İmam Üniversitesi,Radyo Televizyon ve Sinema,Kahramanmaraş,SÖZ,412,423.31,60,60,7795
Kahramanmaraş Sütçü İmam Üniversitesi,Halkla İlişkiler ve Tanıtım,Kahramanmaraş,SÖZ,408,416.77,50,50,16252
Kahramanmaraş Sütçü İmam Üniversitesi,İletişim Tasarımı,Kahramanmaraş,SÖZ,410,420.15,30,30,10447
Adıyaman Üniversitesi,Bilgisayar Mühendisliği,Adıyaman,SAY,460,474.95,90,90,371
Adıyaman Üniversitesi,Elektrik-Elektronik Mühendisliği,Adıyaman,SAY,455,470.37,60,60,482
Adıyaman Üniversitesi,Makine Mühendisliği,Adıyaman,SAY,450,461.57,90,90,567
Adıyaman Üniversitesi,İnşaat Mühendisliği,Adıyaman,SAY,445,460.53,70,70,594
Adıyaman Üniversitesi,Endüstri Mühendisliği,Adıyaman,SAY,448,462.68,70,70,510
Adıyaman Üniversitesi,Kimya Mühendisliği,Adıyaman,SAY,440,449.79,60,60,693
Adıyaman Üniversitesi,Mekatronik Mühendisliği,Adıyaman,SAY,438,448.23,70,70,845
Adıyaman Üniversitesi,Yazılım Mühendisliği,Adıyaman,SAY,442,450.04,60,60,658
Adıyaman Üniversitesi,Biyomedikal Mühendisliği,Adıyaman,SAY,435,449.05,30,30,944
Adıyaman Üniversitesi,Çevre Mühendisliği,Adıyaman,SAY,428,440.93,70,70,1540
Adıyaman Üniversitesi,Gıda Mühendisliği,Adıyaman,SAY,420,433.59,60,60,2499
Adıyaman Üniversitesi,Jeoloji Mühendisliği,Adıyaman,SAY,412,425.61,30,30,7857
Adıyaman Üniversitesi,Maden Mühendisliği,Adıyaman,SAY,405,413.7,30,30,37034
Adıyaman Üniversitesi,Metalurji ve Malzeme Mühendisliği,Adıyaman,SAY,408,418.78,40,40,12281
Adıyaman Üniversitesi,Tekstil Mühendisliği,Adıyaman,SAY,400,411.43,30,30,887630
Adıyaman Üniversitesi,Fizik,Adıyaman,SAY,418,429.16,50,50,3133
Adıyaman Üniversitesi,Kimya,Adıyaman,SAY,413,425.42,70,70,5579
Adıyaman Üniversitesi,Matematik,Adıyaman,SAY,422,432.12,60,60,2471
Adıyaman Üniversitesi,İstatistik,Adıyaman,SAY,420,433.78,60,60,2734
Adıyaman Üniversitesi,Biyoloji,Adıyaman,SAY,410,418.02,70,70,10216
Adıyaman Üniversitesi,Moleküler Biyoloji ve Genetik,Adıyaman,SAY,433,447.77,30,30,949
Adıyaman Üniversitesi,Veteriner,Adıyaman,SAY,438,451.72,40,40,757
Adıyaman Üniversitesi,Hemşirelik,Adıyaman,SAY,415,427.76,80,80,4123
Adıyaman Üniversitesi,Ebelik,Adıyaman,SAY,402,416.21,40,40,195280
Adıyaman Üniversitesi,Fizyoterapi ve Rehabilitasyon,Adıyaman,SAY,425,433.26,40,40,1694
Adıyaman Üniversitesi,Beslenme ve Diyetetik,Adıyaman,SAY,420,429.8,30,30,3056
Adıyaman Üniversitesi,Şehir ve Bölge Planlama,Adıyaman,SAY,425,434.65,30,30,1556
Adıyaman Üniversitesi,Peyzaj Mimarlığı,Adıyaman,SAY,412,420.33,40,40,7484
Adıyaman Üniversitesi,Orman Mühendisliği,Adıyaman,SAY,402,412.75,30,30,196775
Adıyaman Üniversitesi,Ziraat Mühendisliği,Adıyaman,SAY,398,407.81,50,50,951292
Adıyaman Üniversitesi,Tarım Ekonomisi,Adıyaman,SAY,390,405.18,30,30,917809
Adıyaman Üniversitesi,İşletme,Adıyaman,EA,438,450.44,80,80,875
Adıyaman Üniversitesi,İktisat,Adıyaman,EA,435,444.55,70,70,1079
Adıyaman Üniversitesi,Maliye,Adıyaman,EA,428,442.8,50,50,1442
Adıyaman Üniversitesi,Kamu Yönetimi,Adıyaman,EA,422,430.06,50,50,2325
Adıyaman Üniversitesi,Uluslararası İlişkiler,Adıyaman,EA,442,454.31,50,50,749
Adıyaman Üniversitesi,Siyaset Bilimi ve Kamu Yönetimi,Adıyaman,EA,433,447.31,50,50,1191
Adıyaman Üniversitesi,Çalışma Ekonomisi ve Endüstri İlişkileri,Adıyaman,EA,418,426.46,40,40,3578
Adıyaman Üniversitesi,Uluslararası Ticaret ve Lojistik,Adıyaman,EA,425,440.26,60,60,1888
Adıyaman Üniversitesi,Bankacılık ve Finans,Adıyaman,EA,428,436.94,50,50,1374
Adıyaman Üniversitesi,Muhasebe ve Finansal Yönetim,Adıyaman,EA,415,426.85,50,50,4320
Adıyaman Üniversitesi,Turizm İşletmeciliği,Adıyaman,EA,405,420.25,60,60,31959
Adıyaman Üniversitesi,Gastronomi ve Mutfak Sanatları,Adıyaman,EA,398,411.13,40,40,1019906
Adıyaman Üniversitesi,Sosyoloji,Adıyaman,EA,412,427.89,50,50,6021
Adıyaman Üniversitesi,Psikoloji,Adıyaman,EA,442,450.61,50,50,659
Adıyaman Üniversitesi,Tarih,Adıyaman,EA,405,416.21,60,60,37525
Adıyaman Üniversitesi,Coğrafya,Adıyaman,EA,392,402.55,40,40,1050332
Adıyaman Üniversitesi,Felsefe,Adıyaman,EA,410,420.01,40,40,8376
Adıyaman Üniversitesi,Arkeoloji,Adıyaman,EA,402,417.12,30,30,168464
Adıyaman Üniversitesi,Sanat Tarihi,Adıyaman,EA,398,406.21,30,30,1021323
Adıyaman Üniversitesi,Sosyal Hizmet,Adıyaman,EA,412,424.26,60,60,6372
Adıyaman Üniversitesi,Türk Dili ve Edebiyatı,Adıyaman,SÖZ,412,421.53,40,40,7269
Adıyaman Üniversitesi,Türk Dili ve Edebiyatı Öğretmenliği,Adıyaman,SÖZ,415,429.88,30,30,4383
Adıyaman Üniversitesi,İngilizce Öğretmenliği,Adıyaman,SÖZ,422,435.76,40,40,2051
Adıyaman Üniversitesi,Almanca Öğretmenliği,Adıyaman,SÖZ,405,414.9,30,30,36503
Adıyaman Üniversitesi,Fransızca Öğretmenliği,Adıyaman,SÖZ,402,417.34,20,20,170287
Adıyaman Üniversitesi,Rehberlik ve Psikolojik Danışmanlık,Adıyaman,SÖZ,428,443.79,40,40,1433
Adıyaman Üniversitesi,Okul Öncesi Öğretmenliği,Adıyaman,SÖZ,412,421.23,60,60,6012
Adıyaman Üniversitesi,Sınıf Öğretmenliği,Adıyaman,SÖZ,415,425.03,50,50,4992
Adıyaman Üniversitesi,İlahiyat,Adıyaman,SÖZ,398,412.33,80,80,1027209
Adıyaman Üniversitesi,Arap Dili ve Edebiyatı,Adıyaman,SÖZ,390,400.42,30,30,1012818
Adıyaman Üniversitesi,İngiliz Dili ve Edebiyatı,Adıyaman,SÖZ,418,431.07,30,30,3627
Adıyaman Üniversitesi,Fransız Dili ve Edebiyatı,Adıyaman,SÖZ,400,409.88,30,30,901045
Adıyaman Üniversitesi,Alman Dili ve Edebiyatı,Adıyaman,SÖZ,398,408.83,30,30,957389
Adıyaman Üniversitesi,Gazetecilik,Adıyaman,SÖZ,413,423.72,60,60,6313
Adıyaman Üniversitesi,Radyo Televizyon ve Sinema,Adıyaman,SÖZ,412,422.2,50,50,7635
Adıyaman Üniversitesi,Halkla İlişkiler ve Tanıtım,Adıyaman,SÖZ,408,422.28,60,60,15211
Adıyaman Üniversitesi,İletişim Tasarımı,Adıyaman,SÖZ,410,422.33,30,30,10857
Kilis 7 Aralık Üniversitesi,Bilgisayar Mühendisliği,Kilis,SAY,460,474.35,80,80,335
Kilis 7 Aralık Üniversitesi,Elektrik-Elektronik Mühendisliği,Kilis,SAY,455,467.06,60,60,428
Kilis 7 Aralık Üniversitesi,Makine Mühendisliği,Kilis,SAY,450,459.35,70,70,493
Kilis 7 Aralık Üniversitesi,İnşaat Mühendisliği,Kilis,SAY,445,460.0,60,60,679
Kilis 7 Aralık Üniversitesi,Endüstri Mühendisliği,Kilis,SAY,448,457.35,50,50,506
Kilis 7 Aralık Üniversitesi,Kimya Mühendisliği,Kilis,SAY,440,454.04,50,50,791
Kilis 7 Aralık Üniversitesi,Mekatronik Mühendisliği,Kilis,SAY,438,453.47,60,60,835
Kilis 7 Aralık Üniversitesi,Yazılım Mühendisliği,Kilis,SAY,442,453.58,50,50,729
Kilis 7 Aralık Üniversitesi,Biyomedikal Mühendisliği,Kilis,SAY,435,450.05,30,30,1040
Kilis 7 Aralık Üniversitesi,Çevre Mühendisliği,Kilis,SAY,428,442.34,50,50,1376
Kilis 7 Aralık Üniversitesi,Gıda Mühendisliği,Kilis,SAY,420,432.59,60,60,2807
Kilis 7 Aralık Üniversitesi,Jeoloji Mühendisliği,Kilis,SAY,412,425.24,40,40,6631
Kilis 7 Aralık Üniversitesi,Maden Mühendisliği,Kilis,SAY,405,414.08,30,30,32104
Kilis 7 Aralık Üniversitesi,Metalurji ve Malzeme Mühendisliği,Kilis,SAY,408,418.74,40,40,15654
Kilis 7 Aralık Üniversitesi,Tekstil Mühendisliği,Kilis,SAY,400,409.55,40,40,870025
Kilis 7 Aralık Üniversitesi,Fizik,Kilis,SAY,418,426.15,40,40,3035
Kilis 7 Aralık Üniversitesi,Kimya,Kilis,SAY,413,421.68,50,50,5430
Kilis 7 Aralık Üniversitesi,Matematik,Kilis,SAY,422,434.95,50,50,2047
Kilis 7 Aralık Üniversitesi,İstatistik,Kilis,SAY,420,428.69,50,50,2805
Kilis 7 Aralık Üniversitesi,Biyoloji,Kilis,SAY,410,418.37,70,70,10835
Kilis 7 Aralık Üniversitesi,Moleküler Biyoloji ve Genetik,Kilis,SAY,433,444.89,30,30,954
Kilis 7 Aralık Üniversitesi,Veteriner,Kilis,SAY,438,453.39,40,40,924
Kilis 7 Aralık Üniversitesi,Hemşirelik,Kilis,SAY,415,430.8,70,70,5092
Kilis 7 Aralık Üniversitesi,Ebelik,Kilis,SAY,402,414.21,30,30,195016
Kilis 7 Aralık Üniversitesi,Fizyoterapi ve Rehabilitasyon,Kilis,SAY,425,434.83,30,30,1648
Kilis 7 Aralık Üniversitesi,Beslenme ve Diyetetik,Kilis,SAY,420,434.61,40,40,2860
Kilis 7 Aralık Üniversitesi,Şehir ve Bölge Planlama,Kilis,SAY,425,434.64,30,30,2028
Kilis 7 Aralık Üniversitesi,Peyzaj Mimarlığı,Kilis,SAY,412,420.1,40,40,7745
Kilis 7 Aralık Üniversitesi,Orman Mühendisliği,Kilis,SAY,402,410.75,30,30,168958
Kilis 7 Aralık Üniversitesi,Ziraat Mühendisliği,Kilis,SAY,398,406.79,60,60,954688
Kilis 7 Aralık Üniversitesi,Tarım Ekonomisi,Kilis,SAY,390,405.32,30,30,908987
Kilis 7 Aralık Üniversitesi,İşletme,Kilis,EA,438,453.16,70,70,866
Kilis 7 Aralık Üniversitesi,İktisat,Kilis,EA,435,450.35,90,90,856
Kilis 7 Aralık Üniversitesi,Maliye,Kilis,EA,428,438.01,60,60,1397
Kilis 7 Aralık Üniversitesi,Kamu Yönetimi,Kilis,EA,422,432.22,40,40,2250
Kilis 7 Aralık Üniversitesi,Uluslararası İlişkiler,Kilis,EA,442,452.72,50,50,720
Kilis 7 Aralık Üniversitesi,Siyaset Bilimi ve Kamu Yönetimi,Kilis,EA,433,447.69,60,60,1106
Kilis 7 Aralık Üniversitesi,Çalışma Ekonomisi ve Endüstri İlişkileri,Kilis,EA,418,428.4,40,40,2986
Kilis 7 Aralık Üniversitesi,Uluslararası Ticaret ve Lojistik,Kilis,EA,425,434.75,60,60,1721
Kilis 7 Aralık Üniversitesi,Bankacılık ve Finans,Kilis,EA,428,439.97,50,50,1364
Kilis 7 Aralık Üniversitesi,Muhasebe ve Finansal Yönetim,Kilis,EA,415,429.37,50,50,4584
Kilis 7 Aralık Üniversitesi,Turizm İşletmeciliği,Kilis,EA,405,417.56,50,50,38054
Kilis 7 Aralık Üniversitesi,Gastronomi ve Mutfak Sanatları,Kilis,EA,398,412.18,30,30,960915
Kilis 7 Aralık Üniversitesi,Sosyoloji,Kilis,EA,412,421.09,40,40,6970
Kilis 7 Aralık Üniversitesi,Psikoloji,Kilis,EA,442,451.38,60,60,721
Kilis 7 Aralık Üniversitesi,Tarih,Kilis,EA,405,418.22,40,40,37873
Kilis 7 Aralık Üniversitesi,Coğrafya,Kilis,EA,392,404.01,40,40,951163
Kilis 7 Aralık Üniversitesi,Felsefe,Kilis,EA,410,425.55,30,30,8580
Kilis 7 Aralık Üniversitesi,Arkeoloji,Kilis,EA,402,412.57,30,30,176954
Kilis 7 Aralık Üniversitesi,Sanat Tarihi,Kilis,EA,398,410.65,40,40,916111
Kilis 7 Aralık Üniversitesi,Sosyal Hizmet,Kilis,EA,412,423.42,60,60,6446
Kilis 7 Aralık Üniversitesi,Türk Dili ve Edebiyatı,Kilis,SÖZ,412,425.9,50,50,6423
Kilis 7 Aralık Üniversitesi,Türk Dili ve Edebiyatı Öğretmenliği,Kilis,SÖZ,415,427.18,30,30,4274
Kilis 7 Aralık Üniversitesi,İngilizce Öğretmenliği,Kilis,SÖZ,422,433.0,30,30,2329
Kilis 7 Aralık Üniversitesi,Almanca Öğretmenliği,Kilis,SÖZ,405,419.85,20,20,36872
Kilis 7 Aralık Üniversitesi,Fransızca Öğretmenliği,Kilis,SÖZ,402,413.74,20,20,181579
Kilis 7 Aralık Üniversitesi,Rehberlik ve Psikolojik Danışmanlık,Kilis,SÖZ,428,440.43,40,40,1628
Kilis 7 Aralık Üniversitesi,Okul Öncesi Öğretmenliği,Kilis,SÖZ,412,425.27,50,50,7633
Kilis 7 Aralık Üniversitesi,Sınıf Öğretmenliği,Kilis,SÖZ,415,427.14,40,40,4732
Kilis 7 Aralık Üniversitesi,İlahiyat,Kilis,SÖZ,398,409.62,60,60,1127349
Kilis 7 Aralık Üniversitesi,Arap Dili ve Edebiyatı,Kilis,SÖZ,390,398.09,30,30,1005105
Kilis 7 Aralık Üniversitesi,İngiliz Dili ve Edebiyatı,Kilis,SÖZ,418,431.2,30,30,3635
Kilis 7 Aralık Üniversitesi,Fransız Dili ve Edebiyatı,Kilis,SÖZ,400,409.89,30,30,973568
Kilis 7 Aralık Üniversitesi,Alman Dili ve Edebiyatı,Kilis,SÖZ,398,413.2,20,20,918367
Kilis 7 Aralık Üniversitesi,Gazetecilik,Kilis,SÖZ,413,424.4,50,50,5945
Kilis 7 Aralık Üniversitesi,Radyo Televizyon ve Sinema,Kilis,SÖZ,412,425.16,40,40,7188
Kilis 7 Aralık Üniversitesi,Halkla İlişkiler ve Tanıtım,Kilis,SÖZ,408,421.61,50,50,15861
Kilis 7 Aralık Üniversitesi,İletişim Tasarımı,Kilis,SÖZ,410,419.46,30,30,8605
Hatay Mustafa Kemal Üniversitesi,Bilgisayar Mühendisliği,Hatay,SAY,460,475.29,80,80,393
Hatay Mustafa Kemal Üniversitesi,Elektrik-Elektronik Mühendisliği,Hatay,SAY,455,469.17,80,80,435
Hatay Mustafa Kemal Üniversitesi,Makine Mühendisliği,Hatay,SAY,450,459.74,80,80,564
Hatay Mustafa Kemal Üniversitesi,İnşaat Mühendisliği,Hatay,SAY,445,453.37,70,70,628
Hatay Mustafa Kemal Üniversitesi,Endüstri Mühendisliği,Hatay,SAY,448,458.44,60,60,616
Hatay Mustafa Kemal Üniversitesi,Kimya Mühendisliği,Hatay,SAY,440,454.95,50,50,784
Hatay Mustafa Kemal Üniversitesi,Mekatronik Mühendisliği,Hatay,SAY,438,451.94,70,70,812
Hatay Mustafa Kemal Üniversitesi,Yazılım Mühendisliği,Hatay,SAY,442,450.18,50,50,754
Hatay Mustafa Kemal Üniversitesi,Biyomedikal Mühendisliği,Hatay,SAY,435,449.63,30,30,1055
Hatay Mustafa Kemal Üniversitesi,Çevre Mühendisliği,Hatay,SAY,428,440.49,60,60,1608
Hatay Mustafa Kemal Üniversitesi,Gıda Mühendisliği,Hatay,SAY,420,431.21,40,40,2912
Hatay Mustafa Kemal Üniversitesi,Jeoloji Mühendisliği,Hatay,SAY,412,421.49,30,30,5946
Hatay Mustafa Kemal Üniversitesi,Maden Mühendisliği,Hatay,SAY,405,417.62,40,40,37704
Hatay Mustafa Kemal Üniversitesi,Metalurji ve Malzeme Mühendisliği,Hatay,SAY,408,417.53,40,40,15528
Hatay Mustafa Kemal Üniversitesi,Tekstil Mühendisliği,Hatay,SAY,400,412.07,40,40,1034711
Hatay Mustafa Kemal Üniversitesi,Fizik,Hatay,SAY,418,430.29,50,50,2964
Hatay Mustafa Kemal Üniversitesi,Kimya,Hatay,SAY,413,426.62,60,60,6757
Hatay Mustafa Kemal Üniversitesi,Matematik,Hatay,SAY,422,431.87,60,60,2017
Hatay Mustafa Kemal Üniversitesi,İstatistik,Hatay,SAY,420,432.27,50,50,2994
Hatay Mustafa Kemal Üniversitesi,Biyoloji,Hatay,SAY,410,421.24,40,40,8915
Hatay Mustafa Kemal Üniversitesi,Moleküler Biyoloji ve Genetik,Hatay,SAY,433,445.73,40,40,1170
Hatay Mustafa Kemal Üniversitesi,Tıp,Hatay,SAY,475,483.7,90,90,272
Hatay Mustafa Kemal Üniversitesi,Veteriner,Hatay,SAY,438,453.92,30,30,886
Hatay Mustafa Kemal Üniversitesi,Hemşirelik,Hatay,SAY,415,429.2,70,70,4734
Hatay Mustafa Kemal Üniversitesi,Ebelik,Hatay,SAY,402,413.04,40,40,155743
Hatay Mustafa Kemal Üniversitesi,Fizyoterapi ve Rehabilitasyon,Hatay,SAY,425,436.51,30,30,1554
Hatay Mustafa Kemal Üniversitesi,Beslenme ve Diyetetik,Hatay,SAY,420,429.3,30,30,3138
Hatay Mustafa Kemal Üniversitesi,Şehir ve Bölge Planlama,Hatay,SAY,425,438.94,40,40,1705
Hatay Mustafa Kemal Üniversitesi,Peyzaj Mimarlığı,Hatay,SAY,412,425.58,40,40,7429
Hatay Mustafa Kemal Üniversitesi,Orman Mühendisliği,Hatay,SAY,402,410.6,30,30,183917
Hatay Mustafa Kemal Üniversitesi,Ziraat Mühendisliği,Hatay,SAY,398,412.88,60,60,851673
Hatay Mustafa Kemal Üniversitesi,Tarım Ekonomisi,Hatay,SAY,390,400.17,30,30,916537
Hatay Mustafa Kemal Üniversitesi,İşletme,Hatay,EA,438,450.22,80,80,953
Hatay Mustafa Kemal Üniversitesi,İktisat,Hatay,EA,435,443.82,70,70,1042
Hatay Mustafa Kemal Üniversitesi,Maliye,Hatay,EA,428,443.37,60,60,1560
Hatay Mustafa Kemal Üniversitesi,Kamu Yönetimi,Hatay,EA,422,430.75,70,70,1956
Hatay Mustafa Kemal Üniversitesi,Uluslararası İlişkiler,Hatay,EA,442,450.92,60,60,622
Hatay Mustafa Kemal Üniversitesi,Siyaset Bilimi ve Kamu Yönetimi,Hatay,EA,433,446.05,60,60,955
Hatay Mustafa Kemal Üniversitesi,Çalışma Ekonomisi ve Endüstri İlişkileri,Hatay,EA,418,430.11,40,40,3340
Hatay Mustafa Kemal Üniversitesi,Uluslararası Ticaret ve Lojistik,Hatay,EA,425,440.69,50,50,1588
Hatay Mustafa Kemal Üniversitesi,Bankacılık ve Finans,Hatay,EA,428,437.32,60,60,1689
Hatay Mustafa Kemal Üniversitesi,Muhasebe ve Finansal Yönetim,Hatay,EA,415,429.16,60,60,5040
Hatay Mustafa Kemal Üniversitesi,Turizm İşletmeciliği,Hatay,EA,405,420.57,40,40,34707
Hatay Mustafa Kemal Üniversitesi,Gastronomi ve Mutfak Sanatları,Hatay,EA,398,410.06,30,30,1023835
Hatay Mustafa Kemal Üniversitesi,Sosyoloji,Hatay,EA,412,425.13,50,50,6780
Hatay Mustafa Kemal Üniversitesi,Psikoloji,Hatay,EA,442,454.32,60,60,701
Hatay Mustafa Kemal Üniversitesi,Tarih,Hatay,EA,405,417.8,60,60,37030
Hatay Mustafa Kemal Üniversitesi,Coğrafya,Hatay,EA,392,403.78,30,30,967572
Hatay Mustafa Kemal Üniversitesi,Felsefe,Hatay,EA,410,419.07,40,40,8130
Hatay Mustafa Kemal Üniversitesi,Arkeoloji,Hatay,EA,402,415.08,40,40,188042
Hatay Mustafa Kemal Üniversitesi,Sanat Tarihi,Hatay,EA,398,411.38,30,30,1114707
Hatay Mustafa Kemal Üniversitesi,Sosyal Hizmet,Hatay,EA,412,426.42,60,60,6604
Hatay Mustafa Kemal Üniversitesi,Türk Dili ve Edebiyatı,Hatay,SÖZ,412,422.67,60,60,6893
Hatay Mustafa Kemal Üniversitesi,Türk Dili ve Edebiyatı Öğretmenliği,Hatay,SÖZ,415,423.05,40,40,4141
Hatay Mustafa Kemal Üniversitesi,İngilizce Öğretmenliği,Hatay,SÖZ,422,435.3,30,30,2408
Hatay Mustafa Kemal Üniversitesi,Almanca Öğretmenliği,Hatay,SÖZ,405,415.99,20,20,32197
Hatay Mustafa Kemal Üniversitesi,Fransızca Öğretmenliği,Hatay,SÖZ,402,417.41,20,20,195917
Hatay Mustafa Kemal Üniversitesi,Rehberlik ve Psikolojik Danışmanlık,Hatay,SÖZ,428,437.46,40,40,1673
Hatay Mustafa Kemal Üniversitesi,Okul Öncesi Öğretmenliği,Hatay,SÖZ,412,426.53,50,50,7267
Hatay Mustafa Kemal Üniversitesi,Sınıf Öğretmenliği,Hatay,SÖZ,415,429.09,70,70,3896
Hatay Mustafa Kemal Üniversitesi,İlahiyat,Hatay,SÖZ,398,409.0,80,80,889886
Hatay Mustafa Kemal Üniversitesi,Arap Dili ve Edebiyatı,Hatay,SÖZ,390,398.34,40,40,956456
Hatay Mustafa Kemal Üniversitesi,İngiliz Dili ve Edebiyatı,Hatay,SÖZ,418,430.01,40,40,2884
Hatay Mustafa Kemal Üniversitesi,Fransız Dili ve Edebiyatı,Hatay,SÖZ,400,410.94,30,30,1132487
Hatay Mustafa Kemal Üniversitesi,Alman Dili ve Edebiyatı,Hatay,SÖZ,398,412.99,20,20,1098119
Hatay Mustafa Kemal Üniversitesi,Japon Dili ve Edebiyatı,Hatay,SÖZ,408,420.08,20,20,12703
Hatay Mustafa Kemal Üniversitesi,Çin Dili ve Edebiyatı,Hatay,SÖZ,405,416.61,30,30,33097
Hatay Mustafa Kemal Üniversitesi,Gazetecilik,Hatay,SÖZ,413,426.7,70,70,5770
Hatay Mustafa Kemal Üniversitesi,Radyo Televizyon ve Sinema,Hatay,SÖZ,412,421.85,50,50,5899
Hatay Mustafa Kemal Üniversitesi,Halkla İlişkiler ve Tanıtım,Hatay,SÖZ,408,422.2,50,50,16213
Hatay Mustafa Kemal Üniversitesi,İletişim Tasarımı,Hatay,SÖZ,410,419.03,40,40,9741
Van Yüzüncü Yıl Üniversitesi,Bilgisayar Mühendisliği,Van,SAY,460,475.29,90,90,420
Van Yüzüncü Yıl Üniversitesi,Elektrik-Elektronik Mühendisliği,Van,SAY,455,463.4,80,80,409
Van Yüzüncü Yıl Üniversitesi,Makine Mühendisliği,Van,SAY,450,459.33,80,80,509
Van Yüzüncü Yıl Üniversitesi,İnşaat Mühendisliği,Van,SAY,445,456.34,70,70,552
Van Yüzüncü Yıl Üniversitesi,Endüstri Mühendisliği,Van,SAY,448,460.67,60,60,509
Van Yüzüncü Yıl Üniversitesi,Kimya Mühendisliği,Van,SAY,440,455.88,70,70,880
Van Yüzüncü Yıl Üniversitesi,Mekatronik Mühendisliği,Van,SAY,438,447.23,60,60,967
Van Yüzüncü Yıl Üniversitesi,Yazılım Mühendisliği,Van,SAY,442,454.39,60,60,656
Van Yüzüncü Yıl Üniversitesi,Biyomedikal Mühendisliği,Van,SAY,435,449.92,40,40,967
Van Yüzüncü Yıl Üniversitesi,Çevre Mühendisliği,Van,SAY,428,439.61,60,60,1350
Van Yüzüncü Yıl Üniversitesi,Gıda Mühendisliği,Van,SAY,420,430.41,60,60,2522
Van Yüzüncü Yıl Üniversitesi,Jeoloji Mühendisliği,Van,SAY,412,427.58,40,40,7479
Van Yüzüncü Yıl Üniversitesi,Maden Mühendisliği,Van,SAY,405,413.77,40,40,30134
Van Yüzüncü Yıl Üniversitesi,Metalurji ve Malzeme Mühendisliği,Van,SAY,408,422.12,40,40,12438
Van Yüzüncü Yıl Üniversitesi,Tekstil Mühendisliği,Van,SAY,400,408.23,30,30,1119040
Van Yüzüncü Yıl Üniversitesi,Fizik,Van,SAY,418,433.83,70,70,3497
Van Yüzüncü Yıl Üniversitesi,Kimya,Van,SAY,413,425.94,40,40,6368
Van Yüzüncü Yıl Üniversitesi,Matematik,Van,SAY,422,435.93,60,60,2411
Van Yüzüncü Yıl Üniversitesi,İstatistik,Van,SAY,420,433.85,50,50,2782
Van Yüzüncü Yıl Üniversitesi,Biyoloji,Van,SAY,410,419.63,50,50,10397
Van Yüzüncü Yıl Üniversitesi,Moleküler Biyoloji ve Genetik,Van,SAY,433,446.08,30,30,1122
Van Yüzüncü Yıl Üniversitesi,Tıp,Van,SAY,475,487.32,90,90,262
Van Yüzüncü Yıl Üniversitesi,Veteriner,Van,SAY,438,447.28,40,40,933
Van Yüzüncü Yıl Üniversitesi,Hemşirelik,Van,SAY,415,430.27,90,90,4348
Van Yüzüncü Yıl Üniversitesi,Ebelik,Van,SAY,402,410.44,30,30,155899
Van Yüzüncü Yıl Üniversitesi,Fizyoterapi ve Rehabilitasyon,Van,SAY,425,437.56,30,30,1818
Van Yüzüncü Yıl Üniversitesi,Beslenme ve Diyetetik,Van,SAY,420,434.4,30,30,2830
Van Yüzüncü Yıl Üniversitesi,Şehir ve Bölge Planlama,Van,SAY,425,436.21,40,40,2054
Van Yüzüncü Yıl Üniversitesi,Peyzaj Mimarlığı,Van,SAY,412,426.21,40,40,7713
Van Yüzüncü Yıl Üniversitesi,Orman Mühendisliği,Van,SAY,402,417.9,40,40,165585
Van Yüzüncü Yıl Üniversitesi,Ziraat Mühendisliği,Van,SAY,398,406.68,50,50,1047663
Van Yüzüncü Yıl Üniversitesi,Tarım Ekonomisi,Van,SAY,390,401.59,30,30,972546
Van Yüzüncü Yıl Üniversitesi,İşletme,Van,EA,438,450.57,60,60,983
Van Yüzüncü Yıl Üniversitesi,İktisat,Van,EA,435,450.32,80,80,1039
Van Yüzüncü Yıl Üniversitesi,Maliye,Van,EA,428,436.05,70,70,1377
Van Yüzüncü Yıl Üniversitesi,Kamu Yönetimi,Van,EA,422,430.96,50,50,2067
Van Yüzüncü Yıl Üniversitesi,Uluslararası İlişkiler,Van,EA,442,451.55,50,50,752
Van Yüzüncü Yıl Üniversitesi,Siyaset Bilimi ve Kamu Yönetimi,Van,EA,433,441.1,50,50,1106
Van Yüzüncü Yıl Üniversitesi,Çalışma Ekonomisi ve Endüstri İlişkileri,Van,EA,418,426.59,30,30,3786
Van Yüzüncü Yıl Üniversitesi,Uluslararası Ticaret ve Lojistik,Van,EA,425,433.69,60,60,1868
Van Yüzüncü Yıl Üniversitesi,Bankacılık ve Finans,Van,EA,428,437.17,60,60,1415
Van Yüzüncü Yıl Üniversitesi,Muhasebe ve Finansal Yönetim,Van,EA,415,427.78,50,50,3993
Van Yüzüncü Yıl Üniversitesi,Turizm İşletmeciliği,Van,EA,405,414.68,50,50,28546
Van Yüzüncü Yıl Üniversitesi,Gastronomi ve Mutfak Sanatları,Van,EA,398,408.35,30,30,1148890
Van Yüzüncü Yıl Üniversitesi,Sosyoloji,Van,EA,412,424.4,50,50,5820
Van Yüzüncü Yıl Üniversitesi,Psikoloji,Van,EA,442,453.55,50,50,816
Van Yüzüncü Yıl Üniversitesi,Tarih,Van,EA,405,414.8,70,70,37945
Van Yüzüncü Yıl Üniversitesi,Coğrafya,Van,EA,392,405.53,30,30,991129
Van Yüzüncü Yıl Üniversitesi,Felsefe,Van,EA,410,422.87,40,40,10326
Van Yüzüncü Yıl Üniversitesi,Arkeoloji,Van,EA,402,415.5,40,40,190568
Van Yüzüncü Yıl Üniversitesi,Sanat Tarihi,Van,EA,398,411.56,30,30,1138302
Van Yüzüncü Yıl Üniversitesi,Sosyal Hizmet,Van,EA,412,422.78,50,50,6371
Van Yüzüncü Yıl Üniversitesi,Türk Dili ve Edebiyatı,Van,SÖZ,412,420.3,60,60,7492
Van Yüzüncü Yıl Üniversitesi,Türk Dili ve Edebiyatı Öğretmenliği,Van,SÖZ,415,423.01,40,40,4371
Van Yüzüncü Yıl Üniversitesi,İngilizce Öğretmenliği,Van,SÖZ,422,436.46,40,40,2176
Van Yüzüncü Yıl Üniversitesi,Almanca Öğretmenliği,Van,SÖZ,405,418.75,30,30,34296
Van Yüzüncü Yıl Üniversitesi,Fransızca Öğretmenliği,Van,SÖZ,402,415.33,20,20,194108
Van Yüzüncü Yıl Üniversitesi,Rehberlik ve Psikolojik Danışmanlık,Van,SÖZ,428,439.78,30,30,1289
Van Yüzüncü Yıl Üniversitesi,Okul Öncesi Öğretmenliği,Van,SÖZ,412,426.63,50,50,5846
Van Yüzüncü Yıl Üniversitesi,Sınıf Öğretmenliği,Van,SÖZ,415,423.94,40,40,4275
Van Yüzüncü Yıl Üniversitesi,İlahiyat,Van,SÖZ,398,410.83,80,80,1086537
Van Yüzüncü Yıl Üniversitesi,Arap Dili ve Edebiyatı,Van,SÖZ,390,404.43,30,30,857239
Van Yüzüncü Yıl Üniversitesi,İngiliz Dili ve Edebiyatı,Van,SÖZ,418,432.15,40,40,3565
Van Yüzüncü Yıl Üniversitesi,Fransız Dili ve Edebiyatı,Van,SÖZ,400,412.11,30,30,1124600
Van Yüzüncü Yıl Üniversitesi,Alman Dili ve Edebiyatı,Van,SÖZ,398,413.59,30,30,1038501
Van Yüzüncü Yıl Üniversitesi,Japon Dili ve Edebiyatı,Van,SÖZ,408,419.56,20,20,14381
Van Yüzüncü Yıl Üniversitesi,Çin Dili ve Edebiyatı,Van,SÖZ,405,417.86,30,30,31503
Van Yüzüncü Yıl Üniversitesi,Gazetecilik,Van,SÖZ,413,426.54,50,50,6301
Van Yüzüncü Yıl Üniversitesi,Radyo Televizyon ve Sinema,Van,SÖZ,412,421.89,50,50,7301
Van Yüzüncü Yıl Üniversitesi,Halkla İlişkiler ve Tanıtım,Van,SÖZ,408,417.52,50,50,16278
Van Yüzüncü Yıl Üniversitesi,İletişim Tasarımı,Van,SÖZ,410,422.03,30,30,9529
Bitlis Eren Üniversitesi,Bilgisayar Mühendisliği,Bitlis,SAY,460,471.46,80,80,325
Bitlis Eren Üniversitesi,Elektrik-Elektronik Mühendisliği,Bitlis,SAY,455,466.86,80,80,504
Bitlis Eren Üniversitesi,Makine Mühendisliği,Bitlis,SAY,450,463.44,80,80,463
Bitlis Eren Üniversitesi,İnşaat Mühendisliği,Bitlis,SAY,445,459.71,80,80,695
Bitlis Eren Üniversitesi,Endüstri Mühendisliği,Bitlis,SAY,448,462.93,50,50,492
Bitlis Eren Üniversitesi,Kimya Mühendisliği,Bitlis,SAY,440,449.16,50,50,758
Bitlis Eren Üniversitesi,Mekatronik Mühendisliği,Bitlis,SAY,438,448.21,40,40,818
Bitlis Eren Üniversitesi,Yazılım Mühendisliği,Bitlis,SAY,442,453.19,50,50,650
Bitlis Eren Üniversitesi,Biyomedikal Mühendisliği,Bitlis,SAY,435,446.23,30,30,935
Bitlis Eren Üniversitesi,Çevre Mühendisliği,Bitlis,SAY,428,443.9,50,50,1332
Bitlis Eren Üniversitesi,Gıda Mühendisliği,Bitlis,SAY,420,431.76,50,50,2326
Bitlis Eren Üniversitesi,Jeoloji Mühendisliği,Bitlis,SAY,412,425.69,40,40,6429
Bitlis Eren Üniversitesi,Maden Mühendisliği,Bitlis,SAY,405,413.45,40,40,33429
Bitlis Eren Üniversitesi,Metalurji ve Malzeme Mühendisliği,Bitlis,SAY,408,423.35,30,30,15894
Bitlis Eren Üniversitesi,Tekstil Mühendisliği,Bitlis,SAY,400,410.31,40,40,1073768
Bitlis Eren Üniversitesi,Fizik,Bitlis,SAY,418,431.83,50,50,3376
Bitlis Eren Üniversitesi,Kimya,Bitlis,SAY,413,427.43,50,50,6814
Bitlis Eren Üniversitesi,Matematik,Bitlis,SAY,422,431.99,60,60,2440
Bitlis Eren Üniversitesi,İstatistik,Bitlis,SAY,420,430.91,50,50,3120
Bitlis Eren Üniversitesi,Biyoloji,Bitlis,SAY,410,423.92,50,50,8941
Bitlis Eren Üniversitesi,Moleküler Biyoloji ve Genetik,Bitlis,SAY,433,445.44,30,30,1090
Bitlis Eren Üniversitesi,Veteriner,Bitlis,SAY,438,449.21,40,40,816
Bitlis Eren Üniversitesi,Hemşirelik,Bitlis,SAY,415,423.33,70,70,4439
Bitlis Eren Üniversitesi,Ebelik,Bitlis,SAY,402,410.35,40,40,184241
Bitlis Eren Üniversitesi,Fizyoterapi ve Rehabilitasyon,Bitlis,SAY,425,438.07,30,30,1698
Bitlis Eren Üniversitesi,Beslenme ve Diyetetik,Bitlis,SAY,420,428.97,40,40,3024
Bitlis Eren Üniversitesi,Şehir ve Bölge Planlama,Bitlis,SAY,425,440.91,40,40,1585
Bitlis Eren Üniversitesi,Peyzaj Mimarlığı,Bitlis,SAY,412,421.15,40,40,6098
Bitlis Eren Üniversitesi,Orman Mühendisliği,Bitlis,SAY,402,415.51,30,30,186125
Bitlis Eren Üniversitesi,Ziraat Mühendisliği,Bitlis,SAY,398,409.74,50,50,1029235
Bitlis Eren Üniversitesi,Tarım Ekonomisi,Bitlis,SAY,390,403.19,30,30,906000
Bitlis Eren Üniversitesi,İşletme,Bitlis,EA,438,451.73,60,60,842
Bitlis Eren Üniversitesi,İktisat,Bitlis,EA,435,445.79,70,70,1091
Bitlis Eren Üniversitesi,Maliye,Bitlis,EA,428,438.57,70,70,1629
Bitlis Eren Üniversitesi,Kamu Yönetimi,Bitlis,EA,422,431.1,60,60,2175
Bitlis Eren Üniversitesi,Uluslararası İlişkiler,Bitlis,EA,442,452.25,50,50,671
Bitlis Eren Üniversitesi,Siyaset Bilimi ve Kamu Yönetimi,Bitlis,EA,433,441.99,60,60,947
Bitlis Eren Üniversitesi,Çalışma Ekonomisi ve Endüstri İlişkileri,Bitlis,EA,418,430.76,30,30,3150
Bitlis Eren Üniversitesi,Uluslararası Ticaret ve Lojistik,Bitlis,EA,425,440.09,60,60,2016
Bitlis Eren Üniversitesi,Bankacılık ve Finans,Bitlis,EA,428,439.25,60,60,1654
Bitlis Eren Üniversitesi,Muhasebe ve Finansal Yönetim,Bitlis,EA,415,424.2,50,50,4573
Bitlis Eren Üniversitesi,Turizm İşletmeciliği,Bitlis,EA,405,416.26,70,70,28265
Bitlis Eren Üniversitesi,Gastronomi ve Mutfak Sanatları,Bitlis,EA,398,412.49,30,30,1102105
Bitlis Eren Üniversitesi,Sosyoloji,Bitlis,EA,412,423.58,60,60,6429
Bitlis Eren Üniversitesi,Psikoloji,Bitlis,EA,442,453.37,40,40,808
Bitlis Eren Üniversitesi,Tarih,Bitlis,EA,405,419.4,60,60,28770
Bitlis Eren Üniversitesi,Coğrafya,Bitlis,EA,392,403.0,30,30,909713
Bitlis Eren Üniversitesi,Felsefe,Bitlis,EA,410,423.44,30,30,9893
Bitlis Eren Üniversitesi,Arkeoloji,Bitlis,EA,402,410.75,30,30,168336
Bitlis Eren Üniversitesi,Sanat Tarihi,Bitlis,EA,398,406.49,30,30,888683
Bitlis Eren Üniversitesi,Sosyal Hizmet,Bitlis,EA,412,421.96,50,50,6491
Bitlis Eren Üniversitesi,Türk Dili ve Edebiyatı,Bitlis,SÖZ,412,425.68,60,60,7810
Bitlis Eren Üniversitesi,Türk Dili ve Edebiyatı Öğretmenliği,Bitlis,SÖZ,415,423.78,40,40,5011
Bitlis Eren Üniversitesi,İngilizce Öğretmenliği,Bitlis,SÖZ,422,433.74,40,40,1992
Bitlis Eren Üniversitesi,Almanca Öğretmenliği,Bitlis,SÖZ,405,420.47,30,30,28940
Bitlis Eren Üniversitesi,Fransızca Öğretmenliği,Bitlis,SÖZ,402,414.6,30,30,167024
Bitlis Eren Üniversitesi,Rehberlik ve Psikolojik Danışmanlık,Bitlis,SÖZ,428,442.78,30,30,1447
Bitlis Eren Üniversitesi,Okul Öncesi Öğretmenliği,Bitlis,SÖZ,412,427.08,50,50,6958
Bitlis Eren Üniversitesi,Sınıf Öğretmenliği,Bitlis,SÖZ,415,427.86,60,60,4258
Bitlis Eren Üniversitesi,İlahiyat,Bitlis,SÖZ,398,410.38,80,80,852073
Bitlis Eren Üniversitesi,Arap Dili ve Edebiyatı,Bitlis,SÖZ,390,399.49,40,40,922865
Bitlis Eren Üniversitesi,İngiliz Dili ve Edebiyatı,Bitlis,SÖZ,418,429.79,40,40,3529
Bitlis Eren Üniversitesi,Fransız Dili ve Edebiyatı,Bitlis,SÖZ,400,408.05,30,30,1042715
Bitlis Eren Üniversitesi,Alman Dili ve Edebiyatı,Bitlis,SÖZ,398,410.83,20,20,979745
Bitlis Eren Üniversitesi,Gazetecilik,Bitlis,SÖZ,413,427.54,60,60,6267
Bitlis Eren Üniversitesi,Radyo Televizyon ve Sinema,Bitlis,SÖZ,412,426.29,60,60,6094
Bitlis Eren Üniversitesi,Halkla İlişkiler ve Tanıtım,Bitlis,SÖZ,408,418.31,60,60,12247
Bitlis Eren Üniversitesi,İletişim Tasarımı,Bitlis,SÖZ,410,420.58,40,40,10259
Muş Alparslan Üniversitesi,Bilgisayar Mühendisliği,Muş,SAY,460,475.17,80,80,372
Muş Alparslan Üniversitesi,Fizik,Muş,SAY,418,427.49,50,50,2969
Muş Alparslan Üniversitesi,Matematik,Muş,SAY,422,437.46,60,60,2065
Muş Alparslan Üniversitesi,Hemşirelik,Muş,SAY,415,428.21,70,70,3959
Muş Alparslan Üniversitesi,İşletme,Muş,EA,438,450.6,90,90,795
Muş Alparslan Üniversitesi,Kamu Yönetimi,Muş,EA,422,434.93,60,60,2112
Muş Alparslan Üniversitesi,Türk Dili ve Edebiyatı,Muş,SÖZ,412,422.35,50,50,6257
Muş Alparslan Üniversitesi,Okul Öncesi Öğretmenliği,Muş,SÖZ,412,424.84,60,60,6899
Muş Alparslan Üniversitesi,Sınıf Öğretmenliği,Muş,SÖZ,415,428.38,50,50,4351
Muş Alparslan Üniversitesi,İlahiyat,Muş,SÖZ,398,412.74,60,60,1057012
Bingöl Üniversitesi,Bilgisayar Mühendisliği,Bingöl,SAY,460,475.32,70,70,370
Bingöl Üniversitesi,Fizik,Bingöl,SAY,418,430.98,70,70,3005
Bingöl Üniversitesi,Matematik,Bingöl,SAY,422,430.03,60,60,2529
Bingöl Üniversitesi,Hemşirelik,Bingöl,SAY,415,424.71,80,80,4108
Bingöl Üniversitesi,İşletme,Bingöl,EA,438,451.0,90,90,932
Bingöl Üniversitesi,Kamu Yönetimi,Bingöl,EA,422,433.74,70,70,2105
Bingöl Üniversitesi,Türk Dili ve Edebiyatı,Bingöl,SÖZ,412,425.81,40,40,7258
Bingöl Üniversitesi,Okul Öncesi Öğretmenliği,Bingöl,SÖZ,412,427.43,40,40,7320
Bingöl Üniversitesi,Sınıf Öğretmenliği,Bingöl,SÖZ,415,423.03,40,40,4663
Bingöl Üniversitesi,İlahiyat,Bingöl,SÖZ,398,406.28,60,60,1034307
Tunceli Munzur Üniversitesi,Bilgisayar Mühendisliği,Tunceli,SAY,460,470.43,60,60,391
Tunceli Munzur Üniversitesi,Fizik,Tunceli,SAY,418,431.12,50,50,3589
Tunceli Munzur Üniversitesi,Matematik,Tunceli,SAY,422,437.18,60,60,2141
Tunceli Munzur Üniversitesi,Hemşirelik,Tunceli,SAY,415,426.79,80,80,4938
Tunceli Munzur Üniversitesi,İşletme,Tunceli,EA,438,449.36,90,90,826
Tunceli Munzur Üniversitesi,Kamu Yönetimi,Tunceli,EA,422,433.44,60,60,2065
Tunceli Munzur Üniversitesi,Türk Dili ve Edebiyatı,Tunceli,SÖZ,412,423.24,60,60,7474
Tunceli Munzur Üniversitesi,Okul Öncesi Öğretmenliği,Tunceli,SÖZ,412,426.78,50,50,7483
Tunceli Munzur Üniversitesi,Sınıf Öğretmenliği,Tunceli,SÖZ,415,425.1,40,40,4461
Tunceli Munzur Üniversitesi,İlahiyat,Tunceli,SÖZ,398,408.14,80,80,1028502
Erzincan Binali Yıldırım Üniversitesi,Bilgisayar Mühendisliği,Erzincan,SAY,460,472.18,80,80,345
Erzincan Binali Yıldırım Üniversitesi,Elektrik-Elektronik Mühendisliği,Erzincan,SAY,455,468.44,90,90,474
Erzincan Binali Yıldırım Üniversitesi,Makine Mühendisliği,Erzincan,SAY,450,464.74,60,60,539
Erzincan Binali Yıldırım Üniversitesi,İnşaat Mühendisliği,Erzincan,SAY,445,458.65,80,80,620
Erzincan Binali Yıldırım Üniversitesi,Endüstri Mühendisliği,Erzincan,SAY,448,458.52,60,60,532
Erzincan Binali Yıldırım Üniversitesi,Kimya Mühendisliği,Erzincan,SAY,440,454.4,60,60,715
Erzincan Binali Yıldırım Üniversitesi,Mekatronik Mühendisliği,Erzincan,SAY,438,449.49,50,50,786
Erzincan Binali Yıldırım Üniversitesi,Yazılım Mühendisliği,Erzincan,SAY,442,454.72,50,50,802
Erzincan Binali Yıldırım Üniversitesi,Biyomedikal Mühendisliği,Erzincan,SAY,435,448.75,40,40,1022
Erzincan Binali Yıldırım Üniversitesi,Çevre Mühendisliği,Erzincan,SAY,428,441.21,60,60,1561
Erzincan Binali Yıldırım Üniversitesi,Gıda Mühendisliği,Erzincan,SAY,420,430.31,50,50,3084
Erzincan Binali Yıldırım Üniversitesi,Jeoloji Mühendisliği,Erzincan,SAY,412,425.6,30,30,6195
Erzincan Binali Yıldırım Üniversitesi,Maden Mühendisliği,Erzincan,SAY,405,420.9,30,30,36844
Erzincan Binali Yıldırım Üniversitesi,Metalurji ve Malzeme Mühendisliği,Erzincan,SAY,408,420.73,40,40,14341
Erzincan Binali Yıldırım Üniversitesi,Tekstil Mühendisliği,Erzincan,SAY,400,410.4,40,40,1098012
Erzincan Binali Yıldırım Üniversitesi,Fizik,Erzincan,SAY,418,429.18,60,60,3262
Erzincan Binali Yıldırım Üniversitesi,Kimya,Erzincan,SAY,413,427.78,60,60,6416
Erzincan Binali Yıldırım Üniversitesi,Matematik,Erzincan,SAY,422,431.03,60,60,2265
Erzincan Binali Yıldırım Üniversitesi,İstatistik,Erzincan,SAY,420,428.46,70,70,2858
Erzincan Binali Yıldırım Üniversitesi,Biyoloji,Erzincan,SAY,410,421.1,60,60,8223
Erzincan Binali Yıldırım Üniversitesi,Moleküler Biyoloji ve Genetik,Erzincan,SAY,433,442.6,40,40,1182
Erzincan Binali Yıldırım Üniversitesi,Veteriner,Erzincan,SAY,438,448.45,40,40,923
Erzincan Binali Yıldırım Üniversitesi,Hemşirelik,Erzincan,SAY,415,429.96,60,60,4268
Erzincan Binali Yıldırım Üniversitesi,Ebelik,Erzincan,SAY,402,414.12,40,40,181954
Erzincan Binali Yıldırım Üniversitesi,Fizyoterapi ve Rehabilitasyon,Erzincan,SAY,425,439.37,40,40,1658
Erzincan Binali Yıldırım Üniversitesi,Beslenme ve Diyetetik,Erzincan,SAY,420,428.03,40,40,2829
Erzincan Binali Yıldırım Üniversitesi,Şehir ve Bölge Planlama,Erzincan,SAY,425,436.16,40,40,1618
Erzincan Binali Yıldırım Üniversitesi,Peyzaj Mimarlığı,Erzincan,SAY,412,427.04,30,30,6677
Erzincan Binali Yıldırım Üniversitesi,Orman Mühendisliği,Erzincan,SAY,402,410.79,40,40,163136
Erzincan Binali Yıldırım Üniversitesi,Ziraat Mühendisliği,Erzincan,SAY,398,411.48,50,50,971904
Erzincan Binali Yıldırım Üniversitesi,Tarım Ekonomisi,Erzincan,SAY,390,405.41,30,30,1134105
Erzincan Binali Yıldırım Üniversitesi,İşletme,Erzincan,EA,438,448.87,60,60,858
Erzincan Binali Yıldırım Üniversitesi,İktisat,Erzincan,EA,435,445.04,60,60,976
Erzincan Binali Yıldırım Üniversitesi,Maliye,Erzincan,EA,428,440.19,60,60,1417
Erzincan Binali Yıldırım Üniversitesi,Kamu Yönetimi,Erzincan,EA,422,434.25,60,60,2046
Erzincan Binali Yıldırım Üniversitesi,Uluslararası İlişkiler,Erzincan,EA,442,453.32,50,50,686
Erzincan Binali Yıldırım Üniversitesi,Siyaset Bilimi ve Kamu Yönetimi,Erzincan,EA,433,448.13,50,50,1228
Erzincan Binali Yıldırım Üniversitesi,Çalışma Ekonomisi ve Endüstri İlişkileri,Erzincan,EA,418,430.71,30,30,3273
Erzincan Binali Yıldırım Üniversitesi,Uluslararası Ticaret ve Lojistik,Erzincan,EA,425,439.78,60,60,1663
Erzincan Binali Yıldırım Üniversitesi,Bankacılık ve Finans,Erzincan,EA,428,443.98,60,60,1274
Erzincan Binali Yıldırım Üniversitesi,Muhasebe ve Finansal Yönetim,Erzincan,EA,415,429.56,60,60,5087
Erzincan Binali Yıldırım Üniversitesi,Turizm İşletmeciliği,Erzincan,EA,405,420.67,40,40,32201
Erzincan Binali Yıldırım Üniversitesi,Gastronomi ve Mutfak Sanatları,Erzincan,EA,398,412.48,40,40,930333
Erzincan Binali Yıldırım Üniversitesi,Sosyoloji,Erzincan,EA,412,423.29,60,60,6176
Erzincan Binali Yıldırım Üniversitesi,Psikoloji,Erzincan,EA,442,450.39,60,60,742
Erzincan Binali Yıldırım Üniversitesi,Tarih,Erzincan,EA,405,417.87,60,60,36814
Erzincan Binali Yıldırım Üniversitesi,Coğrafya,Erzincan,EA,392,405.34,40,40,853633
Erzincan Binali Yıldırım Üniversitesi,Felsefe,Erzincan,EA,410,424.59,30,30,9439
Erzincan Binali Yıldırım Üniversitesi,Arkeoloji,Erzincan,EA,402,416.57,30,30,176225
Erzincan Binali Yıldırım Üniversitesi,Sanat Tarihi,Erzincan,EA,398,408.69,30,30,895856
Erzincan Binali Yıldırım Üniversitesi,Sosyal Hizmet,Erzincan,EA,412,423.11,40,40,6376
Erzincan Binali Yıldırım Üniversitesi,Türk Dili ve Edebiyatı,Erzincan,SÖZ,412,420.34,60,60,6241
Erzincan Binali Yıldırım Üniversitesi,Türk Dili ve Edebiyatı Öğretmenliği,Erzincan,SÖZ,415,428.53,40,40,4306
Erzincan Binali Yıldırım Üniversitesi,İngilizce Öğretmenliği,Erzincan,SÖZ,422,434.58,40,40,2298
Erzincan Binali Yıldırım Üniversitesi,Almanca Öğretmenliği,Erzincan,SÖZ,405,415.01,20,20,28333
Erzincan Binali Yıldırım Üniversitesi,Fransızca Öğretmenliği,Erzincan,SÖZ,402,416.09,30,30,148792
Erzincan Binali Yıldırım Üniversitesi,Rehberlik ve Psikolojik Danışmanlık,Erzincan,SÖZ,428,437.35,30,30,1542
Erzincan Binali Yıldırım Üniversitesi,Okul Öncesi Öğretmenliği,Erzincan,SÖZ,412,426.47,50,50,5911
Erzincan Binali Yıldırım Üniversitesi,Sınıf Öğretmenliği,Erzincan,SÖZ,415,430.29,60,60,4721
Erzincan Binali Yıldırım Üniversitesi,İlahiyat,Erzincan,SÖZ,398,408.24,60,60,1102458
Erzincan Binali Yıldırım Üniversitesi,Arap Dili ve Edebiyatı,Erzincan,SÖZ,390,400.5,30,30,862259
Erzincan Binali Yıldırım Üniversitesi,İngiliz Dili ve Edebiyatı,Erzincan,SÖZ,418,431.32,40,40,3272
Erzincan Binali Yıldırım Üniversitesi,Fransız Dili ve Edebiyatı,Erzincan,SÖZ,400,412.88,20,20,1136699
Erzincan Binali Yıldırım Üniversitesi,Alman Dili ve Edebiyatı,Erzincan,SÖZ,398,410.11,20,20,977607
Erzincan Binali Yıldırım Üniversitesi,Gazetecilik,Erzincan,SÖZ,413,425.18,40,40,5322
Erzincan Binali Yıldırım Üniversitesi,Radyo Televizyon ve Sinema,Erzincan,SÖZ,412,425.79,50,50,7544
Erzincan Binali Yıldırım Üniversitesi,Halkla İlişkiler ve Tanıtım,Erzincan,SÖZ,408,422.99,60,60,15045
Erzincan Binali Yıldırım Üniversitesi,İletişim Tasarımı,Erzincan,SÖZ,410,422.56,40,40,8536
Bayburt Üniversitesi,Bilgisayar Mühendisliği,Bayburt,SAY,460,475.77,80,80,369
Bayburt Üniversitesi,Fizik,Bayburt,SAY,418,430.39,60,60,3515
Bayburt Üniversitesi,Matematik,Bayburt,SAY,422,433.36,70,70,2286
Bayburt Üniversitesi,Hemşirelik,Bayburt,SAY,415,429.79,80,80,4505
Bayburt Üniversitesi,İşletme,Bayburt,EA,438,447.45,80,80,883
Bayburt Üniversitesi,Kamu Yönetimi,Bayburt,EA,422,435.45,70,70,2211
Bayburt Üniversitesi,Türk Dili ve Edebiyatı,Bayburt,SÖZ,412,427.15,50,50,7391
Bayburt Üniversitesi,Okul Öncesi Öğretmenliği,Bayburt,SÖZ,412,422.36,50,50,6122
Bayburt Üniversitesi,Sınıf Öğretmenliği,Bayburt,SÖZ,415,425.72,60,60,4325
Bayburt Üniversitesi,İlahiyat,Bayburt,SÖZ,398,406.19,60,60,976121
Gümüşhane Üniversitesi,Bilgisayar Mühendisliği,Gümüşhane,SAY,460,473.8,70,70,345
Gümüşhane Üniversitesi,Fizik,Gümüşhane,SAY,418,430.02,70,70,3379
Gümüşhane Üniversitesi,Matematik,Gümüşhane,SAY,422,431.82,60,60,2423
Gümüşhane Üniversitesi,Hemşirelik,Gümüşhane,SAY,415,429.5,70,70,4944
Gümüşhane Üniversitesi,İşletme,Gümüşhane,EA,438,452.98,80,80,915
Gümüşhane Üniversitesi,Kamu Yönetimi,Gümüşhane,EA,422,435.37,60,60,2336
Gümüşhane Üniversitesi,Türk Dili ve Edebiyatı,Gümüşhane,SÖZ,412,424.65,40,40,7265
Gümüşhane Üniversitesi,Okul Öncesi Öğretmenliği,Gümüşhane,SÖZ,412,423.37,50,50,6465
Gümüşhane Üniversitesi,Sınıf Öğretmenliği,Gümüşhane,SÖZ,415,430.91,60,60,5103
Gümüşhane Üniversitesi,İlahiyat,Gümüşhane,SÖZ,398,406.32,70,70,985728
Ardahan Üniversitesi,Bilgisayar Mühendisliği,Ardahan,SAY,460,470.82,70,70,327
Ardahan Üniversitesi,Fizik,Ardahan,SAY,418,430.65,70,70,3171
Ardahan Üniversitesi,Matematik,Ardahan,SAY,422,435.02,60,60,2070
Ardahan Üniversitesi,Hemşirelik,Ardahan,SAY,415,425.11,70,70,4599
Ardahan Üniversitesi,İşletme,Ardahan,EA,438,452.89,80,80,978
Ardahan Üniversitesi,Kamu Yönetimi,Ardahan,EA,422,431.21,60,60,2364
Ardahan Üniversitesi,Türk Dili ve Edebiyatı,Ardahan,SÖZ,412,427.49,60,60,7436
Ardahan Üniversitesi,Okul Öncesi Öğretmenliği,Ardahan,SÖZ,412,422.67,60,60,6002
Ardahan Üniversitesi,Sınıf Öğretmenliği,Ardahan,SÖZ,415,424.24,60,60,4675
Ardahan Üniversitesi,İlahiyat,Ardahan,SÖZ,398,409.1,80,80,1046697
Kars Kafkas Üniversitesi,Bilgisayar Mühendisliği,Kars,SAY,460,469.07,80,80,411
Kars Kafkas Üniversitesi,Elektrik-Elektronik Mühendisliği,Kars,SAY,455,470.32,80,80,427
Kars Kafkas Üniversitesi,Makine Mühendisliği,Kars,SAY,450,458.29,70,70,464
Kars Kafkas Üniversitesi,İnşaat Mühendisliği,Kars,SAY,445,456.85,80,80,566
Kars Kafkas Üniversitesi,Endüstri Mühendisliği,Kars,SAY,448,460.85,50,50,518
Kars Kafkas Üniversitesi,Kimya Mühendisliği,Kars,SAY,440,453.3,60,60,866
Kars Kafkas Üniversitesi,Mekatronik Mühendisliği,Kars,SAY,438,449.63,60,60,742
Kars Kafkas Üniversitesi,Yazılım Mühendisliği,Kars,SAY,442,453.93,60,60,709
Kars Kafkas Üniversitesi,Biyomedikal Mühendisliği,Kars,SAY,435,449.26,40,40,1106
Kars Kafkas Üniversitesi,Çevre Mühendisliği,Kars,SAY,428,438.83,60,60,1465
Kars Kafkas Üniversitesi,Gıda Mühendisliği,Kars,SAY,420,433.92,60,60,2947
Kars Kafkas Üniversitesi,Jeoloji Mühendisliği,Kars,SAY,412,427.04,30,30,6026
Kars Kafkas Üniversitesi,Maden Mühendisliği,Kars,SAY,405,418.45,30,30,35771
Kars Kafkas Üniversitesi,Metalurji ve Malzeme Mühendisliği,Kars,SAY,408,418.86,40,40,14821
Kars Kafkas Üniversitesi,Tekstil Mühendisliği,Kars,SAY,400,413.4,40,40,1071744
Kars Kafkas Üniversitesi,Fizik,Kars,SAY,418,428.24,50,50,2850
Kars Kafkas Üniversitesi,Kimya,Kars,SAY,413,422.67,50,50,6768
Kars Kafkas Üniversitesi,Matematik,Kars,SAY,422,433.87,70,70,1990
Kars Kafkas Üniversitesi,İstatistik,Kars,SAY,420,429.22,60,60,2506
Kars Kafkas Üniversitesi,Biyoloji,Kars,SAY,410,418.39,70,70,9225
Kars Kafkas Üniversitesi,Moleküler Biyoloji ve Genetik,Kars,SAY,433,446.02,40,40,1072
Kars Kafkas Üniversitesi,Veteriner,Kars,SAY,438,446.6,40,40,740
Kars Kafkas Üniversitesi,Hemşirelik,Kars,SAY,415,426.6,60,60,4509
Kars Kafkas Üniversitesi,Ebelik,Kars,SAY,402,411.86,40,40,196780
Kars Kafkas Üniversitesi,Fizyoterapi ve Rehabilitasyon,Kars,SAY,425,435.86,30,30,1833
Kars Kafkas Üniversitesi,Beslenme ve Diyetetik,Kars,SAY,420,432.6,40,40,2560
Kars Kafkas Üniversitesi,Şehir ve Bölge Planlama,Kars,SAY,425,439.56,40,40,1784
Kars Kafkas Üniversitesi,Peyzaj Mimarlığı,Kars,SAY,412,426.52,30,30,5957
Kars Kafkas Üniversitesi,Orman Mühendisliği,Kars,SAY,402,412.55,30,30,157759
Kars Kafkas Üniversitesi,Ziraat Mühendisliği,Kars,SAY,398,412.95,70,70,956519
Kars Kafkas Üniversitesi,Tarım Ekonomisi,Kars,SAY,390,403.65,40,40,898049
Kars Kafkas Üniversitesi,İşletme,Kars,EA,438,451.3,80,80,791
Kars Kafkas Üniversitesi,İktisat,Kars,EA,435,449.19,60,60,909
Kars Kafkas Üniversitesi,Maliye,Kars,EA,428,436.71,70,70,1516
Kars Kafkas Üniversitesi,Kamu Yönetimi,Kars,EA,422,435.14,50,50,2642
Kars Kafkas Üniversitesi,Uluslararası İlişkiler,Kars,EA,442,450.72,60,60,794
Kars Kafkas Üniversitesi,Siyaset Bilimi ve Kamu Yönetimi,Kars,EA,433,443.78,60,60,1187
Kars Kafkas Üniversitesi,Çalışma Ekonomisi ve Endüstri İlişkileri,Kars,EA,418,432.38,30,30,2829
Kars Kafkas Üniversitesi,Uluslararası Ticaret ve Lojistik,Kars,EA,425,435.33,50,50,1763
Kars Kafkas Üniversitesi,Bankacılık ve Finans,Kars,EA,428,437.41,60,60,1321
Kars Kafkas Üniversitesi,Muhasebe ve Finansal Yönetim,Kars,EA,415,427.36,70,70,4789
Kars Kafkas Üniversitesi,Turizm İşletmeciliği,Kars,EA,405,418.93,60,60,37318
Kars Kafkas Üniversitesi,Gastronomi ve Mutfak Sanatları,Kars,EA,398,409.54,40,40,951000
Kars Kafkas Üniversitesi,Sosyoloji,Kars,EA,412,420.62,50,50,7185
Kars Kafkas Üniversitesi,Psikoloji,Kars,EA,442,455.16,60,60,813
Kars Kafkas Üniversitesi,Tarih,Kars,EA,405,419.3,50,50,31124
Kars Kafkas Üniversitesi,Coğrafya,Kars,EA,392,405.59,40,40,867571
Kars Kafkas Üniversitesi,Felsefe,Kars,EA,410,419.63,30,30,9471
Kars Kafkas Üniversitesi,Arkeoloji,Kars,EA,402,417.97,40,40,177033
Kars Kafkas Üniversitesi,Sanat Tarihi,Kars,EA,398,409.24,40,40,1049330
Kars Kafkas Üniversitesi,Sosyal Hizmet,Kars,EA,412,426.17,50,50,5879
Kars Kafkas Üniversitesi,Türk Dili ve Edebiyatı,Kars,SÖZ,412,425.08,60,60,7812
Kars Kafkas Üniversitesi,Türk Dili ve Edebiyatı Öğretmenliği,Kars,SÖZ,415,428.17,40,40,4424
Kars Kafkas Üniversitesi,İngilizce Öğretmenliği,Kars,SÖZ,422,437.13,30,30,2241
Kars Kafkas Üniversitesi,Almanca Öğretmenliği,Kars,SÖZ,405,418.97,20,20,37980
Kars Kafkas Üniversitesi,Fransızca Öğretmenliği,Kars,SÖZ,402,410.01,30,30,198014
Kars Kafkas Üniversitesi,Rehberlik ve Psikolojik Danışmanlık,Kars,SÖZ,428,438.22,40,40,1629
Kars Kafkas Üniversitesi,Okul Öncesi Öğretmenliği,Kars,SÖZ,412,426.79,60,60,6083
Kars Kafkas Üniversitesi,Sınıf Öğretmenliği,Kars,SÖZ,415,425.15,40,40,4704
Kars Kafkas Üniversitesi,İlahiyat,Kars,SÖZ,398,407.67,70,70,981314
Kars Kafkas Üniversitesi,Arap Dili ve Edebiyatı,Kars,SÖZ,390,401.37,40,40,957424
Kars Kafkas Üniversitesi,İngiliz Dili ve Edebiyatı,Kars,SÖZ,418,432.91,30,30,3414
Kars Kafkas Üniversitesi,Fransız Dili ve Edebiyatı,Kars,SÖZ,400,410.21,20,20,971080
Kars Kafkas Üniversitesi,Alman Dili ve Edebiyatı,Kars,SÖZ,398,407.31,30,30,923593
Kars Kafkas Üniversitesi,Gazetecilik,Kars,SÖZ,413,423.43,50,50,5743
Kars Kafkas Üniversitesi,Radyo Televizyon ve Sinema,Kars,SÖZ,412,421.12,60,60,7482
Kars Kafkas Üniversitesi,Halkla İlişkiler ve Tanıtım,Kars,SÖZ,408,419.07,50,50,14164
Kars Kafkas Üniversitesi,İletişim Tasarımı,Kars,SÖZ,410,422.54,30,30,10314
Ağrı İbrahim Çeçen Üniversitesi,Bilgisayar Mühendisliği,Ağrı,SAY,460,471.05,70,70,389
Ağrı İbrahim Çeçen Üniversitesi,Fizik,Ağrı,SAY,418,427.26,60,60,2986
Ağrı İbrahim Çeçen Üniversitesi,Matematik,Ağrı,SAY,422,437.05,50,50,2515
Ağrı İbrahim Çeçen Üniversitesi,Hemşirelik,Ağrı,SAY,415,424.73,80,80,5075
Ağrı İbrahim Çeçen Üniversitesi,İşletme,Ağrı,EA,438,448.59,80,80,981
Ağrı İbrahim Çeçen Üniversitesi,Kamu Yönetimi,Ağrı,EA,422,430.51,50,50,2453
Ağrı İbrahim Çeçen Üniversitesi,Türk Dili ve Edebiyatı,Ağrı,SÖZ,412,427.75,70,70,7422
Ağrı İbrahim Çeçen Üniversitesi,Okul Öncesi Öğretmenliği,Ağrı,SÖZ,412,424.39,50,50,6809
Ağrı İbrahim Çeçen Üniversitesi,Sınıf Öğretmenliği,Ağrı,SÖZ,415,424.83,50,50,3896
Ağrı İbrahim Çeçen Üniversitesi,İlahiyat,Ağrı,SÖZ,398,407.87,70,70,925806
Iğdır Üniversitesi,Bilgisayar Mühendisliği,Iğdır,SAY,460,473.91,80,80,329
Iğdır Üniversitesi,Fizik,Iğdır,SAY,418,432.64,50,50,2953
Iğdır Üniversitesi,Matematik,Iğdır,SAY,422,436.25,60,60,2271
Iğdır Üniversitesi,Hemşirelik,Iğdır,SAY,415,425.53,90,90,3982
Iğdır Üniversitesi,İşletme,Iğdır,EA,438,446.11,70,70,814
Iğdır Üniversitesi,Kamu Yönetimi,Iğdır,EA,422,433.48,50,50,2020
Iğdır Üniversitesi,Türk Dili ve Edebiyatı,Iğdır,SÖZ,412,426.44,40,40,6852
Iğdır Üniversitesi,Okul Öncesi Öğretmenliği,Iğdır,SÖZ,412,424.29,50,50,7803
Iğdır Üniversitesi,Sınıf Öğretmenliği,Iğdır,SÖZ,415,423.67,40,40,4022
Iğdır Üniversitesi,İlahiyat,Iğdır,SÖZ,398,409.85,80,80,973764
Siirt Üniversitesi,Bilgisayar Mühendisliği,Siirt,SAY,460,468.12,60,60,410
Siirt Üniversitesi,Fizik,Siirt,SAY,418,426.36,60,60,3470
Siirt Üniversitesi,Matematik,Siirt,SAY,422,432.41,50,50,2183
Siirt Üniversitesi,Hemşirelik,Siirt,SAY,415,428.14,60,60,4791
Siirt Üniversitesi,İşletme,Siirt,EA,438,452.58,70,70,900
Siirt Üniversitesi,Kamu Yönetimi,Siirt,EA,422,430.58,50,50,2605
Siirt Üniversitesi,Türk Dili ve Edebiyatı,Siirt,SÖZ,412,420.1,50,50,5889
Siirt Üniversitesi,Okul Öncesi Öğretmenliği,Siirt,SÖZ,412,427.67,50,50,6707
Siirt Üniversitesi,Sınıf Öğretmenliği,Siirt,SÖZ,415,430.54,40,40,5146
Siirt Üniversitesi,İlahiyat,Siirt,SÖZ,398,412.65,80,80,900459
Şırnak Üniversitesi,Bilgisayar Mühendisliği,Şırnak,SAY,460,474.31,70,70,323
Şırnak Üniversitesi,Fizik,Şırnak,SAY,418,428.52,60,60,3059
Şırnak Üniversitesi,Matematik,Şırnak,SAY,422,430.15,50,50,2633
Şırnak Üniversitesi,Hemşirelik,Şırnak,SAY,415,424.65,60,60,4913
Şırnak Üniversitesi,İşletme,Şırnak,EA,438,447.09,90,90,740
Şırnak Üniversitesi,Kamu Yönetimi,Şırnak,EA,422,437.82,60,60,2045
Şırnak Üniversitesi,Türk Dili ve Edebiyatı,Şırnak,SÖZ,412,423.02,50,50,7166
Şırnak Üniversitesi,Okul Öncesi Öğretmenliği,Şırnak,SÖZ,412,424.91,40,40,5916
Şırnak Üniversitesi,Sınıf Öğretmenliği,Şırnak,SÖZ,415,425.05,50,50,4317
Şırnak Üniversitesi,İlahiyat,Şırnak,SÖZ,398,407.82,60,60,902291
Batman Üniversitesi,Bilgisayar Mühendisliği,Batman,SAY,460,475.78,60,60,410
Batman Üniversitesi,Fizik,Batman,SAY,418,428.03,50,50,3630
Batman Üniversitesi,Matematik,Batman,SAY,422,431.01,60,60,2164
Batman Üniversitesi,Hemşirelik,Batman,SAY,415,429.43,70,70,4733
Batman Üniversitesi,İşletme,Batman,EA,438,448.11,70,70,863
Batman Üniversitesi,Kamu Yönetimi,Batman,EA,422,435.96,60,60,2458
Batman Üniversitesi,Türk Dili ve Edebiyatı,Batman,SÖZ,412,423.5,60,60,6753
Batman Üniversitesi,Okul Öncesi Öğretmenliği,Batman,SÖZ,412,426.94,60,60,6318
Batman Üniversitesi,Sınıf Öğretmenliği,Batman,SÖZ,415,428.0,50,50,4139
Batman Üniversitesi,İlahiyat,Batman,SÖZ,398,409.24,70,70,1082318
Mardin Artuklu Üniversitesi,Bilgisayar Mühendisliği,Mardin,SAY,460,471.07,70,70,429
Mardin Artuklu Üniversitesi,Fizik,Mardin,SAY,418,432.78,60,60,3070
Mardin Artuklu Üniversitesi,Matematik,Mardin,SAY,422,431.26,60,60,2498
Mardin Artuklu Üniversitesi,Hemşirelik,Mardin,SAY,415,427.96,70,70,4468
Mardin Artuklu Üniversitesi,İşletme,Mardin,EA,438,452.26,70,70,826
Mardin Artuklu Üniversitesi,Kamu Yönetimi,Mardin,EA,422,435.58,60,60,2064
Mardin Artuklu Üniversitesi,Türk Dili ve Edebiyatı,Mardin,SÖZ,412,427.59,50,50,7718
Mardin Artuklu Üniversitesi,Okul Öncesi Öğretmenliği,Mardin,SÖZ,412,425.34,60,60,6515
Mardin Artuklu Üniversitesi,Sınıf Öğretmenliği,Mardin,SÖZ,415,428.6,60,60,4456
Mardin Artuklu Üniversitesi,İlahiyat,Mardin,SÖZ,398,410.61,80,80,1116466
Hakkari Üniversitesi,Bilgisayar Mühendisliği,Hakkari,SAY,460,469.62,80,80,423
Hakkari Üniversitesi,Fizik,Hakkari,SAY,418,433.39,50,50,2955
Hakkari Üniversitesi,Matematik,Hakkari,SAY,422,431.25,60,60,2270
Hakkari Üniversitesi,Hemşirelik,Hakkari,SAY,415,430.61,80,80,4919
Hakkari Üniversitesi,İşletme,Hakkari,EA,438,448.17,70,70,973
Hakkari Üniversitesi,Kamu Yönetimi,Hakkari,EA,422,434.0,60,60,2251
Hakkari Üniversitesi,Türk Dili ve Edebiyatı,Hakkari,SÖZ,412,426.28,60,60,6628
Hakkari Üniversitesi,Okul Öncesi Öğretmenliği,Hakkari,SÖZ,412,423.76,60,60,7133
Hakkari Üniversitesi,Sınıf Öğretmenliği,Hakkari,SÖZ,415,429.07,40,40,4978
Hakkari Üniversitesi,İlahiyat,Hakkari,SÖZ,398,412.88,80,80,1052142
Kırklareli Üniversitesi,Bilgisayar Mühendisliği,Kırklareli,SAY,460,475.18,70,70,378
Kırklareli Üniversitesi,Elektrik-Elektronik Mühendisliği,Kırklareli,SAY,455,463.23,80,80,378
Kırklareli Üniversitesi,Makine Mühendisliği,Kırklareli,SAY,450,461.04,60,60,519
Kırklareli Üniversitesi,İnşaat Mühendisliği,Kırklareli,SAY,445,453.03,80,80,557
Kırklareli Üniversitesi,Endüstri Mühendisliği,Kırklareli,SAY,448,459.86,60,60,573
Kırklareli Üniversitesi,Kimya Mühendisliği,Kırklareli,SAY,440,449.12,60,60,838
Kırklareli Üniversitesi,Mekatronik Mühendisliği,Kırklareli,SAY,438,453.83,50,50,983
Kırklareli Üniversitesi,Yazılım Mühendisliği,Kırklareli,SAY,442,456.15,50,50,778
Kırklareli Üniversitesi,Biyomedikal Mühendisliği,Kırklareli,SAY,435,448.14,40,40,1098
Kırklareli Üniversitesi,Çevre Mühendisliği,Kırklareli,SAY,428,441.06,60,60,1440
Kırklareli Üniversitesi,Gıda Mühendisliği,Kırklareli,SAY,420,431.24,50,50,3071
Kırklareli Üniversitesi,Jeoloji Mühendisliği,Kırklareli,SAY,412,421.11,40,40,7732
Kırklareli Üniversitesi,Maden Mühendisliği,Kırklareli,SAY,405,420.19,30,30,28258
Kırklareli Üniversitesi,Metalurji ve Malzeme Mühendisliği,Kırklareli,SAY,408,420.05,40,40,14912
Kırklareli Üniversitesi,Tekstil Mühendisliği,Kırklareli,SAY,400,413.14,30,30,1060753
Kırklareli Üniversitesi,Fizik,Kırklareli,SAY,418,429.68,50,50,3420
Kırklareli Üniversitesi,Kimya,Kırklareli,SAY,413,424.29,50,50,6620
Kırklareli Üniversitesi,Matematik,Kırklareli,SAY,422,434.8,70,70,1977
Kırklareli Üniversitesi,İstatistik,Kırklareli,SAY,420,430.8,40,40,2953
Kırklareli Üniversitesi,Biyoloji,Kırklareli,SAY,410,423.75,50,50,9702
Kırklareli Üniversitesi,Moleküler Biyoloji ve Genetik,Kırklareli,SAY,433,447.09,30,30,968
Kırklareli Üniversitesi,Veteriner,Kırklareli,SAY,438,448.18,40,40,853
Kırklareli Üniversitesi,Hemşirelik,Kırklareli,SAY,415,428.25,80,80,4177
Kırklareli Üniversitesi,Ebelik,Kırklareli,SAY,402,410.8,40,40,148815
Kırklareli Üniversitesi,Fizyoterapi ve Rehabilitasyon,Kırklareli,SAY,425,435.12,40,40,1952
Kırklareli Üniversitesi,Beslenme ve Diyetetik,Kırklareli,SAY,420,431.95,30,30,2497
Kırklareli Üniversitesi,Şehir ve Bölge Planlama,Kırklareli,SAY,425,437.36,30,30,1609
Kırklareli Üniversitesi,Peyzaj Mimarlığı,Kırklareli,SAY,412,425.24,40,40,7033
Kırklareli Üniversitesi,Orman Mühendisliği,Kırklareli,SAY,402,410.38,40,40,162562
Kırklareli Üniversitesi,Ziraat Mühendisliği,Kırklareli,SAY,398,413.29,60,60,895155
Kırklareli Üniversitesi,Tarım Ekonomisi,Kırklareli,SAY,390,404.83,30,30,1127747
Kırklareli Üniversitesi,İşletme,Kırklareli,EA,438,446.26,90,90,979
Kırklareli Üniversitesi,İktisat,Kırklareli,EA,435,444.97,90,90,890
Kırklareli Üniversitesi,Maliye,Kırklareli,EA,428,438.06,70,70,1666
Kırklareli Üniversitesi,Kamu Yönetimi,Kırklareli,EA,422,432.09,40,40,2062
Kırklareli Üniversitesi,Uluslararası İlişkiler,Kırklareli,EA,442,450.6,50,50,623
Kırklareli Üniversitesi,Siyaset Bilimi ve Kamu Yönetimi,Kırklareli,EA,433,441.77,70,70,1220
Kırklareli Üniversitesi,Çalışma Ekonomisi ve Endüstri İlişkileri,Kırklareli,EA,418,433.37,30,30,3184
Kırklareli Üniversitesi,Uluslararası Ticaret ve Lojistik,Kırklareli,EA,425,433.79,50,50,1937
Kırklareli Üniversitesi,Bankacılık ve Finans,Kırklareli,EA,428,437.63,60,60,1326
Kırklareli Üniversitesi,Muhasebe ve Finansal Yönetim,Kırklareli,EA,415,425.48,40,40,5060
Kırklareli Üniversitesi,Turizm İşletmeciliği,Kırklareli,EA,405,420.25,40,40,34791
Kırklareli Üniversitesi,Gastronomi ve Mutfak Sanatları,Kırklareli,EA,398,410.17,30,30,1090900
Kırklareli Üniversitesi,Sosyoloji,Kırklareli,EA,412,421.06,60,60,6917
Kırklareli Üniversitesi,Psikoloji,Kırklareli,EA,442,451.09,60,60,714
Kırklareli Üniversitesi,Tarih,Kırklareli,EA,405,417.86,50,50,37779
Kırklareli Üniversitesi,Coğrafya,Kırklareli,EA,392,403.93,30,30,938368
Kırklareli Üniversitesi,Felsefe,Kırklareli,EA,410,419.91,30,30,10332
Kırklareli Üniversitesi,Arkeoloji,Kırklareli,EA,402,413.99,30,30,178231
Kırklareli Üniversitesi,Sanat Tarihi,Kırklareli,EA,398,406.98,30,30,1023277
Kırklareli Üniversitesi,Sosyal Hizmet,Kırklareli,EA,412,421.21,60,60,6536
Kırklareli Üniversitesi,Türk Dili ve Edebiyatı,Kırklareli,SÖZ,412,421.9,50,50,7711
Kırklareli Üniversitesi,Türk Dili ve Edebiyatı Öğretmenliği,Kırklareli,SÖZ,415,427.77,40,40,4491
Kırklareli Üniversitesi,İngilizce Öğretmenliği,Kırklareli,SÖZ,422,433.25,30,30,2129
Kırklareli Üniversitesi,Almanca Öğretmenliği,Kırklareli,SÖZ,405,415.59,20,20,35672
Kırklareli Üniversitesi,Fransızca Öğretmenliği,Kırklareli,SÖZ,402,410.6,20,20,153639
Kırklareli Üniversitesi,Rehberlik ve Psikolojik Danışmanlık,Kırklareli,SÖZ,428,442.47,30,30,1684
Kırklareli Üniversitesi,Okul Öncesi Öğretmenliği,Kırklareli,SÖZ,412,425.64,60,60,6387
Kırklareli Üniversitesi,Sınıf Öğretmenliği,Kırklareli,SÖZ,415,426.41,60,60,4726
Kırklareli Üniversitesi,İlahiyat,Kırklareli,SÖZ,398,410.78,60,60,1144347
Kırklareli Üniversitesi,Arap Dili ve Edebiyatı,Kırklareli,SÖZ,390,405.92,30,30,1060225
Kırklareli Üniversitesi,İngiliz Dili ve Edebiyatı,Kırklareli,SÖZ,418,433.51,30,30,3713
Kırklareli Üniversitesi,Fransız Dili ve Edebiyatı,Kırklareli,SÖZ,400,412.04,30,30,1115952
Kırklareli Üniversitesi,Alman Dili ve Edebiyatı,Kırklareli,SÖZ,398,411.11,20,20,875925
Kırklareli Üniversitesi,Japon Dili ve Edebiyatı,Kırklareli,SÖZ,408,422.08,20,20,13619
Kırklareli Üniversitesi,Çin Dili ve Edebiyatı,Kırklareli,SÖZ,405,419.99,30,30,32878
Kırklareli Üniversitesi,Gazetecilik,Kırklareli,SÖZ,413,427.87,50,50,6202
Kırklareli Üniversitesi,Radyo Televizyon ve Sinema,Kırklareli,SÖZ,412,420.04,60,60,7502
Kırklareli Üniversitesi,Halkla İlişkiler ve Tanıtım,Kırklareli,SÖZ,408,419.37,40,40,12845
Kırklareli Üniversitesi,İletişim Tasarımı,Kırklareli,SÖZ,410,421.56,40,40,10387
Tekirdağ Namık Kemal Üniversitesi,Bilgisayar Mühendisliği,Tekirdağ,SAY,460,473.11,70,70,412
Tekirdağ Namık Kemal Üniversitesi,Elektrik-Elektronik Mühendisliği,Tekirdağ,SAY,455,468.38,80,80,506
Tekirdağ Namık Kemal Üniversitesi,Makine Mühendisliği,Tekirdağ,SAY,450,459.08,70,70,467
Tekirdağ Namık Kemal Üniversitesi,İnşaat Mühendisliği,Tekirdağ,SAY,445,457.01,70,70,560
Tekirdağ Namık Kemal Üniversitesi,Endüstri Mühendisliği,Tekirdağ,SAY,448,457.29,60,60,518
Tekirdağ Namık Kemal Üniversitesi,Kimya Mühendisliği,Tekirdağ,SAY,440,452.45,60,60,733
Tekirdağ Namık Kemal Üniversitesi,Mekatronik Mühendisliği,Tekirdağ,SAY,438,452.93,50,50,866
Tekirdağ Namık Kemal Üniversitesi,Yazılım Mühendisliği,Tekirdağ,SAY,442,454.76,50,50,617
Tekirdağ Namık Kemal Üniversitesi,Biyomedikal Mühendisliği,Tekirdağ,SAY,435,449.01,40,40,927
Tekirdağ Namık Kemal Üniversitesi,Çevre Mühendisliği,Tekirdağ,SAY,428,438.98,60,60,1615
Tekirdağ Namık Kemal Üniversitesi,Gıda Mühendisliği,Tekirdağ,SAY,420,430.78,60,60,2344
Tekirdağ Namık Kemal Üniversitesi,Jeoloji Mühendisliği,Tekirdağ,SAY,412,421.55,40,40,7807
Tekirdağ Namık Kemal Üniversitesi,Maden Mühendisliği,Tekirdağ,SAY,405,414.32,40,40,34534
Tekirdağ Namık Kemal Üniversitesi,Metalurji ve Malzeme Mühendisliği,Tekirdağ,SAY,408,416.06,30,30,16039
Tekirdağ Namık Kemal Üniversitesi,Tekstil Mühendisliği,Tekirdağ,SAY,400,415.49,30,30,957814
Tekirdağ Namık Kemal Üniversitesi,Fizik,Tekirdağ,SAY,418,430.79,50,50,3265
Tekirdağ Namık Kemal Üniversitesi,Kimya,Tekirdağ,SAY,413,425.32,40,40,6554
Tekirdağ Namık Kemal Üniversitesi,Matematik,Tekirdağ,SAY,422,434.98,60,60,2582
Tekirdağ Namık Kemal Üniversitesi,İstatistik,Tekirdağ,SAY,420,430.41,60,60,2822
Tekirdağ Namık Kemal Üniversitesi,Biyoloji,Tekirdağ,SAY,410,424.1,50,50,10253
Tekirdağ Namık Kemal Üniversitesi,Moleküler Biyoloji ve Genetik,Tekirdağ,SAY,433,443.3,40,40,1126
Tekirdağ Namık Kemal Üniversitesi,Tıp,Tekirdağ,SAY,475,490.07,60,60,223
Tekirdağ Namık Kemal Üniversitesi,Veteriner,Tekirdağ,SAY,438,450.08,40,40,874
Tekirdağ Namık Kemal Üniversitesi,Hemşirelik,Tekirdağ,SAY,415,424.78,90,90,4369
Tekirdağ Namık Kemal Üniversitesi,Ebelik,Tekirdağ,SAY,402,415.68,40,40,147747
Tekirdağ Namık Kemal Üniversitesi,Fizyoterapi ve Rehabilitasyon,Tekirdağ,SAY,425,437.68,30,30,1616
Tekirdağ Namık Kemal Üniversitesi,Beslenme ve Diyetetik,Tekirdağ,SAY,420,433.29,40,40,2914
Tekirdağ Namık Kemal Üniversitesi,Şehir ve Bölge Planlama,Tekirdağ,SAY,425,440.34,40,40,1684
Tekirdağ Namık Kemal Üniversitesi,Peyzaj Mimarlığı,Tekirdağ,SAY,412,420.11,40,40,7493
Tekirdağ Namık Kemal Üniversitesi,Orman Mühendisliği,Tekirdağ,SAY,402,417.32,40,40,186997
Tekirdağ Namık Kemal Üniversitesi,Ziraat Mühendisliği,Tekirdağ,SAY,398,412.15,50,50,1013418
Tekirdağ Namık Kemal Üniversitesi,Tarım Ekonomisi,Tekirdağ,SAY,390,403.89,40,40,1100233
Tekirdağ Namık Kemal Üniversitesi,İşletme,Tekirdağ,EA,438,451.1,70,70,908
Tekirdağ Namık Kemal Üniversitesi,İktisat,Tekirdağ,EA,435,447.86,60,60,1009
Tekirdağ Namık Kemal Üniversitesi,Maliye,Tekirdağ,EA,428,436.39,50,50,1414
Tekirdağ Namık Kemal Üniversitesi,Kamu Yönetimi,Tekirdağ,EA,422,436.05,60,60,2211
Tekirdağ Namık Kemal Üniversitesi,Uluslararası İlişkiler,Tekirdağ,EA,442,452.55,50,50,705
Tekirdağ Namık Kemal Üniversitesi,Siyaset Bilimi ve Kamu Yönetimi,Tekirdağ,EA,433,446.31,60,60,964
Tekirdağ Namık Kemal Üniversitesi,Çalışma Ekonomisi ve Endüstri İlişkileri,Tekirdağ,EA,418,427.12,30,30,3023
Tekirdağ Namık Kemal Üniversitesi,Uluslararası Ticaret ve Lojistik,Tekirdağ,EA,425,436.83,60,60,1771
Tekirdağ Namık Kemal Üniversitesi,Bankacılık ve Finans,Tekirdağ,EA,428,442.79,50,50,1398
Tekirdağ Namık Kemal Üniversitesi,Muhasebe ve Finansal Yönetim,Tekirdağ,EA,415,426.99,50,50,5145
Tekirdağ Namık Kemal Üniversitesi,Turizm İşletmeciliği,Tekirdağ,EA,405,413.07,50,50,30947
Tekirdağ Namık Kemal Üniversitesi,Gastronomi ve Mutfak Sanatları,Tekirdağ,EA,398,413.21,30,30,902231
Tekirdağ Namık Kemal Üniversitesi,Sosyoloji,Tekirdağ,EA,412,420.26,60,60,5985
Tekirdağ Namık Kemal Üniversitesi,Psikoloji,Tekirdağ,EA,442,455.76,70,70,683
Tekirdağ Namık Kemal Üniversitesi,Tarih,Tekirdağ,EA,405,413.86,50,50,33456
Tekirdağ Namık Kemal Üniversitesi,Coğrafya,Tekirdağ,EA,392,407.65,30,30,1128448
Tekirdağ Namık Kemal Üniversitesi,Felsefe,Tekirdağ,EA,410,422.5,30,30,9163
Tekirdağ Namık Kemal Üniversitesi,Arkeoloji,Tekirdağ,EA,402,413.62,40,40,158820
Tekirdağ Namık Kemal Üniversitesi,Sanat Tarihi,Tekirdağ,EA,398,407.16,40,40,1088447
Tekirdağ Namık Kemal Üniversitesi,Sosyal Hizmet,Tekirdağ,EA,412,421.45,40,40,6277
Tekirdağ Namık Kemal Üniversitesi,Türk Dili ve Edebiyatı,Tekirdağ,SÖZ,412,427.37,50,50,6106
Tekirdağ Namık Kemal Üniversitesi,Türk Dili ve Edebiyatı Öğretmenliği,Tekirdağ,SÖZ,415,423.16,40,40,5034
Tekirdağ Namık Kemal Üniversitesi,İngilizce Öğretmenliği,Tekirdağ,SÖZ,422,437.24,40,40,2431
Tekirdağ Namık Kemal Üniversitesi,Almanca Öğretmenliği,Tekirdağ,SÖZ,405,413.79,20,20,31081
Tekirdağ Namık Kemal Üniversitesi,Fransızca Öğretmenliği,Tekirdağ,SÖZ,402,411.05,20,20,162070
Tekirdağ Namık Kemal Üniversitesi,Rehberlik ve Psikolojik Danışmanlık,Tekirdağ,SÖZ,428,442.15,30,30,1671
Tekirdağ Namık Kemal Üniversitesi,Okul Öncesi Öğretmenliği,Tekirdağ,SÖZ,412,421.41,60,60,6655
Tekirdağ Namık Kemal Üniversitesi,Sınıf Öğretmenliği,Tekirdağ,SÖZ,415,430.92,50,50,3902
Tekirdağ Namık Kemal Üniversitesi,İlahiyat,Tekirdağ,SÖZ,398,408.84,70,70,859904
Tekirdağ Namık Kemal Üniversitesi,Arap Dili ve Edebiyatı,Tekirdağ,SÖZ,390,402.69,30,30,1000032
Tekirdağ Namık Kemal Üniversitesi,İngiliz Dili ve Edebiyatı,Tekirdağ,SÖZ,418,432.57,30,30,2813
Tekirdağ Namık Kemal Üniversitesi,Fransız Dili ve Edebiyatı,Tekirdağ,SÖZ,400,413.37,30,30,864623
Tekirdağ Namık Kemal Üniversitesi,Alman Dili ve Edebiyatı,Tekirdağ,SÖZ,398,407.69,20,20,1035697
Tekirdağ Namık Kemal Üniversitesi,Japon Dili ve Edebiyatı,Tekirdağ,SÖZ,408,420.83,30,30,12086
Tekirdağ Namık Kemal Üniversitesi,Çin Dili ve Edebiyatı,Tekirdağ,SÖZ,405,417.65,20,20,31539
Tekirdağ Namık Kemal Üniversitesi,Gazetecilik,Tekirdağ,SÖZ,413,427.73,60,60,5709
Tekirdağ Namık Kemal Üniversitesi,Radyo Televizyon ve Sinema,Tekirdağ,SÖZ,412,423.94,50,50,6877
Tekirdağ Namık Kemal Üniversitesi,Halkla İlişkiler ve Tanıtım,Tekirdağ,SÖZ,408,418.47,60,60,15177
Tekirdağ Namık Kemal Üniversitesi,İletişim Tasarımı,Tekirdağ,SÖZ,410,425.19,30,30,8729
Kırşehir Ahi Evran Üniversitesi,Bilgisayar Mühendisliği,Kırşehir,SAY,460,473.82,60,60,430
Kırşehir Ahi Evran Üniversitesi,Elektrik-Elektronik Mühendisliği,Kırşehir,SAY,455,470.7,70,70,462
Kırşehir Ahi Evran Üniversitesi,Makine Mühendisliği,Kırşehir,SAY,450,462.28,70,70,457
Kırşehir Ahi Evran Üniversitesi,İnşaat Mühendisliği,Kırşehir,SAY,445,458.87,70,70,698
Kırşehir Ahi Evran Üniversitesi,Endüstri Mühendisliği,Kırşehir,SAY,448,456.95,60,60,529
Kırşehir Ahi Evran Üniversitesi,Kimya Mühendisliği,Kırşehir,SAY,440,452.91,70,70,881
Kırşehir Ahi Evran Üniversitesi,Mekatronik Mühendisliği,Kırşehir,SAY,438,453.79,50,50,841
Kırşehir Ahi Evran Üniversitesi,Yazılım Mühendisliği,Kırşehir,SAY,442,450.47,50,50,648
Kırşehir Ahi Evran Üniversitesi,Biyomedikal Mühendisliği,Kırşehir,SAY,435,446.34,40,40,884
Kırşehir Ahi Evran Üniversitesi,Çevre Mühendisliği,Kırşehir,SAY,428,436.69,50,50,1579
Kırşehir Ahi Evran Üniversitesi,Gıda Mühendisliği,Kırşehir,SAY,420,431.25,60,60,2381
Kırşehir Ahi Evran Üniversitesi,Jeoloji Mühendisliği,Kırşehir,SAY,412,421.06,30,30,5963
Kırşehir Ahi Evran Üniversitesi,Maden Mühendisliği,Kırşehir,SAY,405,417.38,30,30,37358
Kırşehir Ahi Evran Üniversitesi,Metalurji ve Malzeme Mühendisliği,Kırşehir,SAY,408,419.82,30,30,13900
Kırşehir Ahi Evran Üniversitesi,Tekstil Mühendisliği,Kırşehir,SAY,400,409.59,40,40,995887
Kırşehir Ahi Evran Üniversitesi,Fizik,Kırşehir,SAY,418,426.57,60,60,2942
Kırşehir Ahi Evran Üniversitesi,Kimya,Kırşehir,SAY,413,423.28,50,50,5951
Kırşehir Ahi Evran Üniversitesi,Matematik,Kırşehir,SAY,422,430.67,50,50,2152
Kırşehir Ahi Evran Üniversitesi,İstatistik,Kırşehir,SAY,420,428.17,60,60,2344
Kırşehir Ahi Evran Üniversitesi,Biyoloji,Kırşehir,SAY,410,420.69,60,60,10673
Kırşehir Ahi Evran Üniversitesi,Moleküler Biyoloji ve Genetik,Kırşehir,SAY,433,448.26,30,30,991
Kırşehir Ahi Evran Üniversitesi,Veteriner,Kırşehir,SAY,438,447.66,30,30,797
Kırşehir Ahi Evran Üniversitesi,Hemşirelik,Kırşehir,SAY,415,427.02,80,80,4418
Kırşehir Ahi Evran Üniversitesi,Ebelik,Kırşehir,SAY,402,413.83,40,40,196311
Kırşehir Ahi Evran Üniversitesi,Fizyoterapi ve Rehabilitasyon,Kırşehir,SAY,425,438.27,40,40,1663
Kırşehir Ahi Evran Üniversitesi,Beslenme ve Diyetetik,Kırşehir,SAY,420,432.56,30,30,3043
Kırşehir Ahi Evran Üniversitesi,Şehir ve Bölge Planlama,Kırşehir,SAY,425,437.19,30,30,1575
Kırşehir Ahi Evran Üniversitesi,Peyzaj Mimarlığı,Kırşehir,SAY,412,426.97,40,40,7494
Kırşehir Ahi Evran Üniversitesi,Orman Mühendisliği,Kırşehir,SAY,402,413.42,30,30,161595
Kırşehir Ahi Evran Üniversitesi,Ziraat Mühendisliği,Kırşehir,SAY,398,413.01,50,50,1111450
Kırşehir Ahi Evran Üniversitesi,Tarım Ekonomisi,Kırşehir,SAY,390,401.9,30,30,1148025
Kırşehir Ahi Evran Üniversitesi,İşletme,Kırşehir,EA,438,453.7,70,70,965
Kırşehir Ahi Evran Üniversitesi,İktisat,Kırşehir,EA,435,448.38,80,80,941
Kırşehir Ahi Evran Üniversitesi,Maliye,Kırşehir,EA,428,443.82,50,50,1382
Kırşehir Ahi Evran Üniversitesi,Kamu Yönetimi,Kırşehir,EA,422,433.41,60,60,2068
Kırşehir Ahi Evran Üniversitesi,Uluslararası İlişkiler,Kırşehir,EA,442,455.67,40,40,789
Kırşehir Ahi Evran Üniversitesi,Siyaset Bilimi ve Kamu Yönetimi,Kırşehir,EA,433,442.1,50,50,943
Kırşehir Ahi Evran Üniversitesi,Çalışma Ekonomisi ve Endüstri İlişkileri,Kırşehir,EA,418,430.54,40,40,3129
Kırşehir Ahi Evran Üniversitesi,Uluslararası Ticaret ve Lojistik,Kırşehir,EA,425,433.88,40,40,2001
Kırşehir Ahi Evran Üniversitesi,Bankacılık ve Finans,Kırşehir,EA,428,437.01,50,50,1466
Kırşehir Ahi Evran Üniversitesi,Muhasebe ve Finansal Yönetim,Kırşehir,EA,415,427.78,50,50,4213
Kırşehir Ahi Evran Üniversitesi,Turizm İşletmeciliği,Kırşehir,EA,405,416.53,50,50,35870
Kırşehir Ahi Evran Üniversitesi,Gastronomi ve Mutfak Sanatları,Kırşehir,EA,398,412.93,40,40,871883
Kırşehir Ahi Evran Üniversitesi,Sosyoloji,Kırşehir,EA,412,426.95,60,60,7170
Kırşehir Ahi Evran Üniversitesi,Psikoloji,Kırşehir,EA,442,456.3,50,50,673
Kırşehir Ahi Evran Üniversitesi,Tarih,Kırşehir,EA,405,419.86,60,60,37433
Kırşehir Ahi Evran Üniversitesi,Coğrafya,Kırşehir,EA,392,400.05,40,40,1123211
Kırşehir Ahi Evran Üniversitesi,Felsefe,Kırşehir,EA,410,421.71,30,30,10585
Kırşehir Ahi Evran Üniversitesi,Arkeoloji,Kırşehir,EA,402,412.33,30,30,180338
Kırşehir Ahi Evran Üniversitesi,Sanat Tarihi,Kırşehir,EA,398,411.2,30,30,1008908
Kırşehir Ahi Evran Üniversitesi,Sosyal Hizmet,Kırşehir,EA,412,425.45,70,70,7765
Kırşehir Ahi Evran Üniversitesi,Türk Dili ve Edebiyatı,Kırşehir,SÖZ,412,421.94,60,60,6734
Kırşehir Ahi Evran Üniversitesi,Türk Dili ve Edebiyatı Öğretmenliği,Kırşehir,SÖZ,415,423.45,40,40,4675
Kırşehir Ahi Evran Üniversitesi,İngilizce Öğretmenliği,Kırşehir,SÖZ,422,435.74,30,30,2227
Kırşehir Ahi Evran Üniversitesi,Almanca Öğretmenliği,Kırşehir,SÖZ,405,413.09,30,30,30104
Kırşehir Ahi Evran Üniversitesi,Fransızca Öğretmenliği,Kırşehir,SÖZ,402,416.79,30,30,186975
Kırşehir Ahi Evran Üniversitesi,Rehberlik ve Psikolojik Danışmanlık,Kırşehir,SÖZ,428,436.03,30,30,1296
Kırşehir Ahi Evran Üniversitesi,Okul Öncesi Öğretmenliği,Kırşehir,SÖZ,412,421.21,60,60,7508
Kırşehir Ahi Evran Üniversitesi,Sınıf Öğretmenliği,Kırşehir,SÖZ,415,428.76,60,60,4607
Kırşehir Ahi Evran Üniversitesi,İlahiyat,Kırşehir,SÖZ,398,409.1,90,90,925937
Kırşehir Ahi Evran Üniversitesi,Arap Dili ve Edebiyatı,Kırşehir,SÖZ,390,399.64,30,30,1075820
Kırşehir Ahi Evran Üniversitesi,İngiliz Dili ve Edebiyatı,Kırşehir,SÖZ,418,430.61,40,40,2828
Kırşehir Ahi Evran Üniversitesi,Fransız Dili ve Edebiyatı,Kırşehir,SÖZ,400,415.82,20,20,1012076
Kırşehir Ahi Evran Üniversitesi,Alman Dili ve Edebiyatı,Kırşehir,SÖZ,398,411.11,20,20,1059192
Kırşehir Ahi Evran Üniversitesi,Japon Dili ve Edebiyatı,Kırşehir,SÖZ,408,421.12,30,30,13156
Kırşehir Ahi Evran Üniversitesi,Çin Dili ve Edebiyatı,Kırşehir,SÖZ,405,420.01,20,20,34100
Kırşehir Ahi Evran Üniversitesi,Gazetecilik,Kırşehir,SÖZ,413,428.34,60,60,5537
Kırşehir Ahi Evran Üniversitesi,Radyo Televizyon ve Sinema,Kırşehir,SÖZ,412,426.94,60,60,6119
Kırşehir Ahi Evran Üniversitesi,Halkla İlişkiler ve Tanıtım,Kırşehir,SÖZ,408,416.75,50,50,14481
Kırşehir Ahi Evran Üniversitesi,İletişim Tasarımı,Kırşehir,SÖZ,410,423.22,30,30,10621
Yozgat Bozok Üniversitesi,Bilgisayar Mühendisliği,Yozgat,SAY,460,470.65,70,70,364
Yozgat Bozok Üniversitesi,Elektrik-Elektronik Mühendisliği,Yozgat,SAY,455,467.24,80,80,467
Yozgat Bozok Üniversitesi,Makine Mühendisliği,Yozgat,SAY,450,465.02,80,80,479
Yozgat Bozok Üniversitesi,İnşaat Mühendisliği,Yozgat,SAY,445,458.11,60,60,677
Yozgat Bozok Üniversitesi,Endüstri Mühendisliği,Yozgat,SAY,448,456.55,50,50,527
Yozgat Bozok Üniversitesi,Kimya Mühendisliği,Yozgat,SAY,440,451.25,50,50,876
Yozgat Bozok Üniversitesi,Mekatronik Mühendisliği,Yozgat,SAY,438,452.67,60,60,780
Yozgat Bozok Üniversitesi,Yazılım Mühendisliği,Yozgat,SAY,442,454.12,50,50,657
Yozgat Bozok Üniversitesi,Biyomedikal Mühendisliği,Yozgat,SAY,435,447.05,40,40,906
Yozgat Bozok Üniversitesi,Çevre Mühendisliği,Yozgat,SAY,428,443.38,50,50,1497
Yozgat Bozok Üniversitesi,Gıda Mühendisliği,Yozgat,SAY,420,428.88,50,50,3009
Yozgat Bozok Üniversitesi,Jeoloji Mühendisliği,Yozgat,SAY,412,420.73,30,30,7725
Yozgat Bozok Üniversitesi,Maden Mühendisliği,Yozgat,SAY,405,419.32,30,30,34673
Yozgat Bozok Üniversitesi,Metalurji ve Malzeme Mühendisliği,Yozgat,SAY,408,421.55,30,30,14830
Yozgat Bozok Üniversitesi,Tekstil Mühendisliği,Yozgat,SAY,400,411.49,40,40,882010
Yozgat Bozok Üniversitesi,Fizik,Yozgat,SAY,418,433.85,50,50,3318
Yozgat Bozok Üniversitesi,Kimya,Yozgat,SAY,413,425.57,50,50,6509
Yozgat Bozok Üniversitesi,Matematik,Yozgat,SAY,422,435.89,60,60,2314
Yozgat Bozok Üniversitesi,İstatistik,Yozgat,SAY,420,428.53,60,60,3032
Yozgat Bozok Üniversitesi,Biyoloji,Yozgat,SAY,410,420.66,50,50,10875
Yozgat Bozok Üniversitesi,Moleküler Biyoloji ve Genetik,Yozgat,SAY,433,443.85,40,40,1121
Yozgat Bozok Üniversitesi,Veteriner,Yozgat,SAY,438,449.52,30,30,769
Yozgat Bozok Üniversitesi,Hemşirelik,Yozgat,SAY,415,424.92,80,80,4235
Yozgat Bozok Üniversitesi,Ebelik,Yozgat,SAY,402,414.07,30,30,161050
Yozgat Bozok Üniversitesi,Fizyoterapi ve Rehabilitasyon,Yozgat,SAY,425,433.75,40,40,2049
Yozgat Bozok Üniversitesi,Beslenme ve Diyetetik,Yozgat,SAY,420,428.35,40,40,2878
Yozgat Bozok Üniversitesi,Şehir ve Bölge Planlama,Yozgat,SAY,425,436.4,40,40,1853
Yozgat Bozok Üniversitesi,Peyzaj Mimarlığı,Yozgat,SAY,412,426.52,30,30,7415
Yozgat Bozok Üniversitesi,Orman Mühendisliği,Yozgat,SAY,402,412.73,40,40,154604
Yozgat Bozok Üniversitesi,Ziraat Mühendisliği,Yozgat,SAY,398,412.03,60,60,978998
Yozgat Bozok Üniversitesi,Tarım Ekonomisi,Yozgat,SAY,390,400.04,30,30,870888
Yozgat Bozok Üniversitesi,İşletme,Yozgat,EA,438,446.49,90,90,813
Yozgat Bozok Üniversitesi,İktisat,Yozgat,EA,435,445.4,70,70,879
Yozgat Bozok Üniversitesi,Maliye,Yozgat,EA,428,439.74,60,60,1351
Yozgat Bozok Üniversitesi,Kamu Yönetimi,Yozgat,EA,422,434.51,60,60,2280
Yozgat Bozok Üniversitesi,Uluslararası İlişkiler,Yozgat,EA,442,455.11,50,50,775
Yozgat Bozok Üniversitesi,Siyaset Bilimi ve Kamu Yönetimi,Yozgat,EA,433,447.76,60,60,1257
Yozgat Bozok Üniversitesi,Çalışma Ekonomisi ve Endüstri İlişkileri,Yozgat,EA,418,433.36,30,30,3746
Yozgat Bozok Üniversitesi,Uluslararası Ticaret ve Lojistik,Yozgat,EA,425,437.01,50,50,1629
Yozgat Bozok Üniversitesi,Bankacılık ve Finans,Yozgat,EA,428,441.22,50,50,1678
Yozgat Bozok Üniversitesi,Muhasebe ve Finansal Yönetim,Yozgat,EA,415,423.49,40,40,4504
Yozgat Bozok Üniversitesi,Turizm İşletmeciliği,Yozgat,EA,405,419.62,50,50,35261
Yozgat Bozok Üniversitesi,Gastronomi ve Mutfak Sanatları,Yozgat,EA,398,411.4,40,40,996656
Yozgat Bozok Üniversitesi,Sosyoloji,Yozgat,EA,412,422.79,60,60,7173
Yozgat Bozok Üniversitesi,Psikoloji,Yozgat,EA,442,453.58,60,60,711
Yozgat Bozok Üniversitesi,Tarih,Yozgat,EA,405,419.27,70,70,37119
Yozgat Bozok Üniversitesi,Coğrafya,Yozgat,EA,392,404.66,30,30,992420
Yozgat Bozok Üniversitesi,Felsefe,Yozgat,EA,410,421.48,30,30,10284
Yozgat Bozok Üniversitesi,Arkeoloji,Yozgat,EA,402,412.37,40,40,177848
Yozgat Bozok Üniversitesi,Sanat Tarihi,Yozgat,EA,398,412.84,40,40,908430
Yozgat Bozok Üniversitesi,Sosyal Hizmet,Yozgat,EA,412,424.92,50,50,6574
Yozgat Bozok Üniversitesi,Türk Dili ve Edebiyatı,Yozgat,SÖZ,412,422.25,60,60,6105
Yozgat Bozok Üniversitesi,Türk Dili ve Edebiyatı Öğretmenliği,Yozgat,SÖZ,415,425.92,40,40,4968
Yozgat Bozok Üniversitesi,İngilizce Öğretmenliği,Yozgat,SÖZ,422,431.46,40,40,2533
Yozgat Bozok Üniversitesi,Almanca Öğretmenliği,Yozgat,SÖZ,405,414.95,20,20,34342
Yozgat Bozok Üniversitesi,Fransızca Öğretmenliği,Yozgat,SÖZ,402,415.55,20,20,171179
Yozgat Bozok Üniversitesi,Rehberlik ve Psikolojik Danışmanlık,Yozgat,SÖZ,428,436.91,40,40,1486
Yozgat Bozok Üniversitesi,Okul Öncesi Öğretmenliği,Yozgat,SÖZ,412,427.26,60,60,6496
Yozgat Bozok Üniversitesi,Sınıf Öğretmenliği,Yozgat,SÖZ,415,423.55,60,60,4870
Yozgat Bozok Üniversitesi,İlahiyat,Yozgat,SÖZ,398,406.25,70,70,859808
Yozgat Bozok Üniversitesi,Arap Dili ve Edebiyatı,Yozgat,SÖZ,390,403.74,40,40,1050826
Yozgat Bozok Üniversitesi,İngiliz Dili ve Edebiyatı,Yozgat,SÖZ,418,430.78,40,40,3660
Yozgat Bozok Üniversitesi,Fransız Dili ve Edebiyatı,Yozgat,SÖZ,400,410.55,30,30,1002279
Yozgat Bozok Üniversitesi,Alman Dili ve Edebiyatı,Yozgat,SÖZ,398,413.16,20,20,1030035
Yozgat Bozok Üniversitesi,Gazetecilik,Yozgat,SÖZ,413,424.78,50,50,5202
Yozgat Bozok Üniversitesi,Radyo Televizyon ve Sinema,Yozgat,SÖZ,412,427.17,50,50,6859
Yozgat Bozok Üniversitesi,Halkla İlişkiler ve Tanıtım,Yozgat,SÖZ,408,422.82,50,50,14971
Yozgat Bozok Üniversitesi,İletişim Tasarımı,Yozgat,SÖZ,410,425.01,40,40,8344
Amasya Üniversitesi,Bilgisayar Mühendisliği,Amasya,SAY,460,469.11,70,70,394
Amasya Üniversitesi,Elektrik-Elektronik Mühendisliği,Amasya,SAY,455,467.15,80,80,416
Amasya Üniversitesi,Makine Mühendisliği,Amasya,SAY,450,465.11,90,90,587
Amasya Üniversitesi,İnşaat Mühendisliği,Amasya,SAY,445,454.03,80,80,539
Amasya Üniversitesi,Endüstri Mühendisliği,Amasya,SAY,448,461.88,40,40,590
Amasya Üniversitesi,Kimya Mühendisliği,Amasya,SAY,440,448.4,60,60,737
Amasya Üniversitesi,Mekatronik Mühendisliği,Amasya,SAY,438,448.56,60,60,883
Amasya Üniversitesi,Yazılım Mühendisliği,Amasya,SAY,442,451.67,60,60,641
Amasya Üniversitesi,Biyomedikal Mühendisliği,Amasya,SAY,435,448.21,40,40,1065
Amasya Üniversitesi,Çevre Mühendisliği,Amasya,SAY,428,437.59,60,60,1371
Amasya Üniversitesi,Gıda Mühendisliği,Amasya,SAY,420,435.28,60,60,2632
Amasya Üniversitesi,Jeoloji Mühendisliği,Amasya,SAY,412,421.61,40,40,5847
Amasya Üniversitesi,Maden Mühendisliği,Amasya,SAY,405,413.3,40,40,28666
Amasya Üniversitesi,Metalurji ve Malzeme Mühendisliği,Amasya,SAY,408,416.53,30,30,13967
Amasya Üniversitesi,Tekstil Mühendisliği,Amasya,SAY,400,415.52,40,40,1106081
Amasya Üniversitesi,Fizik,Amasya,SAY,418,430.21,50,50,3778
Amasya Üniversitesi,Kimya,Amasya,SAY,413,423.23,60,60,5635
Amasya Üniversitesi,Matematik,Amasya,SAY,422,431.44,60,60,2426
Amasya Üniversitesi,İstatistik,Amasya,SAY,420,435.39,60,60,2898
Amasya Üniversitesi,Biyoloji,Amasya,SAY,410,418.71,50,50,10280
Amasya Üniversitesi,Moleküler Biyoloji ve Genetik,Amasya,SAY,433,446.14,40,40,1111
Amasya Üniversitesi,Veteriner,Amasya,SAY,438,447.1,40,40,894
Amasya Üniversitesi,Hemşirelik,Amasya,SAY,415,430.87,70,70,4941
Amasya Üniversitesi,Ebelik,Amasya,SAY,402,415.58,30,30,159713
Amasya Üniversitesi,Fizyoterapi ve Rehabilitasyon,Amasya,SAY,425,435.78,30,30,1946
Amasya Üniversitesi,Beslenme ve Diyetetik,Amasya,SAY,420,435.98,30,30,2350
Amasya Üniversitesi,Şehir ve Bölge Planlama,Amasya,SAY,425,434.7,30,30,1980
Amasya Üniversitesi,Peyzaj Mimarlığı,Amasya,SAY,412,423.46,40,40,7731
Amasya Üniversitesi,Orman Mühendisliği,Amasya,SAY,402,412.32,40,40,153669
Amasya Üniversitesi,Ziraat Mühendisliği,Amasya,SAY,398,411.98,50,50,891978
Amasya Üniversitesi,Tarım Ekonomisi,Amasya,SAY,390,405.99,30,30,1070032
Amasya Üniversitesi,İşletme,Amasya,EA,438,451.83,70,70,835
Amasya Üniversitesi,İktisat,Amasya,EA,435,449.93,70,70,999
Amasya Üniversitesi,Maliye,Amasya,EA,428,437.0,60,60,1503
Amasya Üniversitesi,Kamu Yönetimi,Amasya,EA,422,437.41,60,60,2253
Amasya Üniversitesi,Uluslararası İlişkiler,Amasya,EA,442,452.86,60,60,629
Amasya Üniversitesi,Siyaset Bilimi ve Kamu Yönetimi,Amasya,EA,433,447.26,70,70,995
Amasya Üniversitesi,Çalışma Ekonomisi ve Endüstri İlişkileri,Amasya,EA,418,427.27,30,30,3226
Amasya Üniversitesi,Uluslararası Ticaret ve Lojistik,Amasya,EA,425,438.53,60,60,1559
Amasya Üniversitesi,Bankacılık ve Finans,Amasya,EA,428,441.15,50,50,1304
Amasya Üniversitesi,Muhasebe ve Finansal Yönetim,Amasya,EA,415,424.35,60,60,4652
Amasya Üniversitesi,Turizm İşletmeciliği,Amasya,EA,405,418.71,40,40,37756
Amasya Üniversitesi,Gastronomi ve Mutfak Sanatları,Amasya,EA,398,410.67,40,40,1092525
Amasya Üniversitesi,Sosyoloji,Amasya,EA,412,422.59,50,50,7099
Amasya Üniversitesi,Psikoloji,Amasya,EA,442,452.58,50,50,740
Amasya Üniversitesi,Tarih,Amasya,EA,405,417.39,60,60,30013
Amasya Üniversitesi,Coğrafya,Amasya,EA,392,404.26,40,40,945125
Amasya Üniversitesi,Felsefe,Amasya,EA,410,425.53,40,40,8912
Amasya Üniversitesi,Arkeoloji,Amasya,EA,402,417.58,30,30,166490
Amasya Üniversitesi,Sanat Tarihi,Amasya,EA,398,410.57,30,30,1136018
Amasya Üniversitesi,Sosyal Hizmet,Amasya,EA,412,426.9,50,50,7602
Amasya Üniversitesi,Türk Dili ve Edebiyatı,Amasya,SÖZ,412,424.26,50,50,5985
Amasya Üniversitesi,Türk Dili ve Edebiyatı Öğretmenliği,Amasya,SÖZ,415,427.2,40,40,3949
Amasya Üniversitesi,İngilizce Öğretmenliği,Amasya,SÖZ,422,430.35,30,30,2450
Amasya Üniversitesi,Almanca Öğretmenliği,Amasya,SÖZ,405,418.63,30,30,29943
Amasya Üniversitesi,Fransızca Öğretmenliği,Amasya,SÖZ,402,417.11,20,20,164528
Amasya Üniversitesi,Rehberlik ve Psikolojik Danışmanlık,Amasya,SÖZ,428,437.86,30,30,1273
Amasya Üniversitesi,Okul Öncesi Öğretmenliği,Amasya,SÖZ,412,420.99,50,50,7322
Amasya Üniversitesi,Sınıf Öğretmenliği,Amasya,SÖZ,415,423.51,60,60,4592
Amasya Üniversitesi,İlahiyat,Amasya,SÖZ,398,408.2,90,90,1021485
Amasya Üniversitesi,Arap Dili ve Edebiyatı,Amasya,SÖZ,390,403.15,40,40,953387
Amasya Üniversitesi,İngiliz Dili ve Edebiyatı,Amasya,SÖZ,418,432.81,30,30,3209
Amasya Üniversitesi,Fransız Dili ve Edebiyatı,Amasya,SÖZ,400,412.49,30,30,965331
Amasya Üniversitesi,Alman Dili ve Edebiyatı,Amasya,SÖZ,398,413.62,20,20,1041680
Amasya Üniversitesi,Japon Dili ve Edebiyatı,Amasya,SÖZ,408,418.09,20,20,12814
Amasya Üniversitesi,Çin Dili ve Edebiyatı,Amasya,SÖZ,405,414.11,30,30,35117
Amasya Üniversitesi,Gazetecilik,Amasya,SÖZ,413,424.76,60,60,6449
Amasya Üniversitesi,Radyo Televizyon ve Sinema,Amasya,SÖZ,412,425.58,60,60,6491
Amasya Üniversitesi,Halkla İlişkiler ve Tanıtım,Amasya,SÖZ,408,422.45,50,50,15328
Amasya Üniversitesi,İletişim Tasarımı,Amasya,SÖZ,410,425.69,30,30,9130
Bartın Üniversitesi,Bilgisayar Mühendisliği,Bartın,SAY,460,471.97,70,70,326
Bartın Üniversitesi,Elektrik-Elektronik Mühendisliği,Bartın,SAY,455,469.31,70,70,423
Bartın Üniversitesi,Makine Mühendisliği,Bartın,SAY,450,459.75,60,60,497
Bartın Üniversitesi,İnşaat Mühendisliği,Bartın,SAY,445,456.43,80,80,643
Bartın Üniversitesi,Endüstri Mühendisliği,Bartın,SAY,448,458.83,50,50,627
Bartın Üniversitesi,Kimya Mühendisliği,Bartın,SAY,440,450.14,50,50,713
Bartın Üniversitesi,Mekatronik Mühendisliği,Bartın,SAY,438,447.83,50,50,973
Bartın Üniversitesi,Yazılım Mühendisliği,Bartın,SAY,442,453.43,50,50,644
Bartın Üniversitesi,Biyomedikal Mühendisliği,Bartın,SAY,435,446.47,30,30,964
Bartın Üniversitesi,Çevre Mühendisliği,Bartın,SAY,428,437.23,60,60,1651
Bartın Üniversitesi,Gıda Mühendisliği,Bartın,SAY,420,432.2,60,60,2324
Bartın Üniversitesi,Jeoloji Mühendisliği,Bartın,SAY,412,421.95,40,40,7409
Bartın Üniversitesi,Maden Mühendisliği,Bartın,SAY,405,417.88,40,40,30316
Bartın Üniversitesi,Metalurji ve Malzeme Mühendisliği,Bartın,SAY,408,417.95,30,30,16235
Bartın Üniversitesi,Tekstil Mühendisliği,Bartın,SAY,400,410.7,30,30,1010670
Bartın Üniversitesi,Fizik,Bartın,SAY,418,432.32,40,40,3121
Bartın Üniversitesi,Kimya,Bartın,SAY,413,421.26,50,50,5350
Bartın Üniversitesi,Matematik,Bartın,SAY,422,435.86,50,50,1960
Bartın Üniversitesi,İstatistik,Bartın,SAY,420,435.34,60,60,2941
Bartın Üniversitesi,Biyoloji,Bartın,SAY,410,423.58,60,60,9357
Bartın Üniversitesi,Moleküler Biyoloji ve Genetik,Bartın,SAY,433,442.14,30,30,1264
Bartın Üniversitesi,Veteriner,Bartın,SAY,438,453.38,40,40,903
Bartın Üniversitesi,Hemşirelik,Bartın,SAY,415,427.5,70,70,3934
Bartın Üniversitesi,Ebelik,Bartın,SAY,402,417.94,30,30,152141
Bartın Üniversitesi,Fizyoterapi ve Rehabilitasyon,Bartın,SAY,425,438.58,40,40,1555
Bartın Üniversitesi,Beslenme ve Diyetetik,Bartın,SAY,420,429.48,30,30,2781
Bartın Üniversitesi,Şehir ve Bölge Planlama,Bartın,SAY,425,440.08,30,30,1629
Bartın Üniversitesi,Peyzaj Mimarlığı,Bartın,SAY,412,425.47,30,30,7202
Bartın Üniversitesi,Orman Mühendisliği,Bartın,SAY,402,413.93,40,40,190833
Bartın Üniversitesi,Ziraat Mühendisliği,Bartın,SAY,398,412.38,50,50,1067463
Bartın Üniversitesi,Tarım Ekonomisi,Bartın,SAY,390,403.25,30,30,1022830
Bartın Üniversitesi,İşletme,Bartın,EA,438,449.21,70,70,778
Bartın Üniversitesi,İktisat,Bartın,EA,435,447.41,70,70,1098
Bartın Üniversitesi,Maliye,Bartın,EA,428,441.34,40,40,1316
Bartın Üniversitesi,Kamu Yönetimi,Bartın,EA,422,431.79,60,60,2087
Bartın Üniversitesi,Uluslararası İlişkiler,Bartın,EA,442,452.34,50,50,815
Bartın Üniversitesi,Siyaset Bilimi ve Kamu Yönetimi,Bartın,EA,433,448.81,60,60,1207
Bartın Üniversitesi,Çalışma Ekonomisi ve Endüstri İlişkileri,Bartın,EA,418,430.68,30,30,3126
Bartın Üniversitesi,Uluslararası Ticaret ve Lojistik,Bartın,EA,425,440.39,50,50,1741
Bartın Üniversitesi,Bankacılık ve Finans,Bartın,EA,428,437.76,40,40,1469
Bartın Üniversitesi,Muhasebe ve Finansal Yönetim,Bartın,EA,415,424.09,60,60,4151
Bartın Üniversitesi,Turizm İşletmeciliği,Bartın,EA,405,414.6,50,50,32539
Bartın Üniversitesi,Gastronomi ve Mutfak Sanatları,Bartın,EA,398,407.12,30,30,876059
Bartın Üniversitesi,Sosyoloji,Bartın,EA,412,427.71,60,60,7298
Bartın Üniversitesi,Psikoloji,Bartın,EA,442,456.09,50,50,665
Bartın Üniversitesi,Tarih,Bartın,EA,405,413.23,50,50,30704
Bartın Üniversitesi,Coğrafya,Bartın,EA,392,405.24,30,30,967675
Bartın Üniversitesi,Felsefe,Bartın,EA,410,418.47,30,30,9711
Bartın Üniversitesi,Arkeoloji,Bartın,EA,402,411.92,30,30,187299
Bartın Üniversitesi,Sanat Tarihi,Bartın,EA,398,408.69,40,40,872125
Bartın Üniversitesi,Sosyal Hizmet,Bartın,EA,412,422.49,50,50,5887
Bartın Üniversitesi,Türk Dili ve Edebiyatı,Bartın,SÖZ,412,424.72,60,60,6114
Bartın Üniversitesi,Türk Dili ve Edebiyatı Öğretmenliği,Bartın,SÖZ,415,428.63,30,30,4471
Bartın Üniversitesi,İngilizce Öğretmenliği,Bartın,SÖZ,422,437.58,30,30,2612
Bartın Üniversitesi,Almanca Öğretmenliği,Bartın,SÖZ,405,419.62,30,30,33421
Bartın Üniversitesi,Fransızca Öğretmenliği,Bartın,SÖZ,402,412.47,30,30,164248
Bartın Üniversitesi,Rehberlik ve Psikolojik Danışmanlık,Bartın,SÖZ,428,441.2,30,30,1292
Bartın Üniversitesi,Okul Öncesi Öğretmenliği,Bartın,SÖZ,412,423.21,60,60,6573
Bartın Üniversitesi,Sınıf Öğretmenliği,Bartın,SÖZ,415,424.41,50,50,4888
Bartın Üniversitesi,İlahiyat,Bartın,SÖZ,398,409.77,70,70,1080131
Bartın Üniversitesi,Arap Dili ve Edebiyatı,Bartın,SÖZ,390,402.85,40,40,869176
Bartın Üniversitesi,İngiliz Dili ve Edebiyatı,Bartın,SÖZ,418,426.19,30,30,3088
Bartın Üniversitesi,Fransız Dili ve Edebiyatı,Bartın,SÖZ,400,412.17,30,30,1062173
Bartın Üniversitesi,Alman Dili ve Edebiyatı,Bartın,SÖZ,398,413.06,30,30,961752
Bartın Üniversitesi,Japon Dili ve Edebiyatı,Bartın,SÖZ,408,416.31,20,20,14861
Bartın Üniversitesi,Çin Dili ve Edebiyatı,Bartın,SÖZ,405,416.87,30,30,29325
Bartın Üniversitesi,Gazetecilik,Bartın,SÖZ,413,424.26,50,50,6255
Bartın Üniversitesi,Radyo Televizyon ve Sinema,Bartın,SÖZ,412,423.74,60,60,6080
Bartın Üniversitesi,Halkla İlişkiler ve Tanıtım,Bartın,SÖZ,408,422.47,50,50,15955
Bartın Üniversitesi,İletişim Tasarımı,Bartın,SÖZ,410,418.89,40,40,9301
İstanbul Medeniyet Üniversitesi,Bilgisayar Mühendisliği,İstanbul,SAY,470.0,478.43,70,70,286
İstanbul Medeniyet Üniversitesi,Elektrik-Elektronik Mühendisliği,İstanbul,SAY,466.91,476.16,70,70,318
İstanbul Medeniyet Üniversitesi,Makine Mühendisliği,İstanbul,SAY,461.2,469.8,70,70,344
İstanbul Medeniyet Üniversitesi,İnşaat Mühendisliği,İstanbul,SAY,454.26,468.48,60,60,399
İstanbul Medeniyet Üniversitesi,Endüstri Mühendisliği,İstanbul,SAY,456.82,468.93,40,40,409
İstanbul Medeniyet Üniversitesi,Kimya Mühendisliği,İstanbul,SAY,450.86,461.63,60,60,522
İstanbul Medeniyet Üniversitesi,Mekatronik Mühendisliği,İstanbul,SAY,446.87,457.86,50,50,535
İstanbul Medeniyet Üniversitesi,Yazılım Mühendisliği,İstanbul,SAY,447.11,455.19,40,40,669
İstanbul Medeniyet Üniversitesi,Biyomedikal Mühendisliği,İstanbul,SAY,442.66,453.68,30,30,762
İstanbul Medeniyet Üniversitesi,Çevre Mühendisliği,İstanbul,SAY,431.97,444.87,60,60,1309
İstanbul Medeniyet Üniversitesi,Gıda Mühendisliği,İstanbul,SAY,423.66,434.43,60,60,1748
İstanbul Medeniyet Üniversitesi,Jeoloji Mühendisliği,İstanbul,SAY,415.82,427.44,30,30,4034
İstanbul Medeniyet Üniversitesi,Maden Mühendisliği,İstanbul,SAY,411.17,421.35,40,40,8036
İstanbul Medeniyet Üniversitesi,Metalurji ve Malzeme Mühendisliği,İstanbul,SAY,410.43,421.69,40,40,9316
İstanbul Medeniyet Üniversitesi,Tekstil Mühendisliği,İstanbul,SAY,403.79,412.34,30,30,57976
İstanbul Medeniyet Üniversitesi,Fizik,İstanbul,SAY,424.73,437.06,40,40,1637
İstanbul Medeniyet Üniversitesi,Kimya,İstanbul,SAY,416.96,429.36,50,50,3268
İstanbul Medeniyet Üniversitesi,Matematik,İstanbul,SAY,424.79,438.79,50,50,1632
İstanbul Medeniyet Üniversitesi,İstatistik,İstanbul,SAY,424.05,432.85,50,50,1847
İstanbul Medeniyet Üniversitesi,Biyoloji,İstanbul,SAY,411.59,423.87,50,50,7393
İstanbul Medeniyet Üniversitesi,Moleküler Biyoloji ve Genetik,İstanbul,SAY,437.62,445.87,30,30,888
İstanbul Medeniyet Üniversitesi,Veteriner,İstanbul,SAY,446.89,461.94,40,40,619
İstanbul Medeniyet Üniversitesi,Hemşirelik,İstanbul,SAY,422.54,435.64,90,90,2018
İstanbul Medeniyet Üniversitesi,Ebelik,İstanbul,SAY,405.23,417.75,30,30,32073
İstanbul Medeniyet Üniversitesi,Fizyoterapi ve Rehabilitasyon,İstanbul,SAY,432.83,444.66,30,30,1033
İstanbul Medeniyet Üniversitesi,Beslenme ve Diyetetik,İstanbul,SAY,421.88,435.87,30,30,2387
İstanbul Medeniyet Üniversitesi,Şehir ve Bölge Planlama,İstanbul,SAY,430.12,441.98,30,30,1128
İstanbul Medeniyet Üniversitesi,Peyzaj Mimarlığı,İstanbul,SAY,413.58,423.64,40,40,5838
İstanbul Medeniyet Üniversitesi,Orman Mühendisliği,İstanbul,SAY,409.6,424.91,30,30,10101
İstanbul Medeniyet Üniversitesi,Ziraat Mühendisliği,İstanbul,SAY,401.81,412.73,60,60,224424
İstanbul Medeniyet Üniversitesi,Tarım Ekonomisi,İstanbul,SAY,397.03,411.73,30,30,946191
İstanbul Medeniyet Üniversitesi,İşletme,İstanbul,EA,445.25,457.48,60,60,549
İstanbul Medeniyet Üniversitesi,İktisat,İstanbul,EA,442.69,456.72,80,80,722
İstanbul Medeniyet Üniversitesi,Maliye,İstanbul,EA,430.82,440.9,60,60,1201
İstanbul Medeniyet Üniversitesi,Kamu Yönetimi,İstanbul,EA,425.35,436.51,60,60,1695
İstanbul Medeniyet Üniversitesi,Uluslararası İlişkiler,İstanbul,EA,448.8,460.43,50,50,547
İstanbul Medeniyet Üniversitesi,Siyaset Bilimi ve Kamu Yönetimi,İstanbul,EA,438.88,452.35,60,60,730
İstanbul Medeniyet Üniversitesi,Çalışma Ekonomisi ve Endüstri İlişkileri,İstanbul,EA,423.01,434.33,30,30,1892
İstanbul Medeniyet Üniversitesi,Uluslararası Ticaret ve Lojistik,İstanbul,EA,430.71,441.92,50,50,1122
İstanbul Medeniyet Üniversitesi,Bankacılık ve Finans,İstanbul,EA,435.78,451.17,50,50,940
İstanbul Medeniyet Üniversitesi,Muhasebe ve Finansal Yönetim,İstanbul,EA,418.35,429.26,50,50,2908
İstanbul Medeniyet Üniversitesi,Turizm İşletmeciliği,İstanbul,EA,409.77,424.59,50,50,9850
İstanbul Medeniyet Üniversitesi,Gastronomi ve Mutfak Sanatları,İstanbul,EA,406.16,415.49,40,40,20287
İstanbul Medeniyet Üniversitesi,Sosyoloji,İstanbul,EA,418.37,432.46,50,50,2980
İstanbul Medeniyet Üniversitesi,Psikoloji,İstanbul,EA,445.61,455.99,50,50,598
İstanbul Medeniyet Üniversitesi,Tarih,İstanbul,EA,409.47,419.11,50,50,9602
İstanbul Medeniyet Üniversitesi,Coğrafya,İstanbul,EA,398.88,407.45,40,40,987122
İstanbul Medeniyet Üniversitesi,Felsefe,İstanbul,EA,415.11,424.5,30,30,4754
İstanbul Medeniyet Üniversitesi,Arkeoloji,İstanbul,EA,405.57,415.38,40,40,28090
İstanbul Medeniyet Üniversitesi,Sanat Tarihi,İstanbul,EA,404.62,414.28,30,30,43021
İstanbul Medeniyet Üniversitesi,Sosyal Hizmet,İstanbul,EA,412.96,422.96,60,60,5627
İstanbul Medeniyet Üniversitesi,Türk Dili ve Edebiyatı,İstanbul,SÖZ,416.19,428.94,70,70,4476
İstanbul Medeniyet Üniversitesi,Türk Dili ve Edebiyatı Öğretmenliği,İstanbul,SÖZ,419.5,431.91,30,30,3097
İstanbul Medeniyet Üniversitesi,İngilizce Öğretmenliği,İstanbul,SÖZ,424.67,437.0,40,40,1863
İstanbul Medeniyet Üniversitesi,Almanca Öğretmenliği,İstanbul,SÖZ,410.34,421.55,30,30,8219
İstanbul Medeniyet Üniversitesi,Fransızca Öğretmenliği,İstanbul,SÖZ,408.39,421.0,30,30,11795
İstanbul Medeniyet Üniversitesi,Rehberlik ve Psikolojik Danışmanlık,İstanbul,SÖZ,433.68,447.34,30,30,1211
İstanbul Medeniyet Üniversitesi,Okul Öncesi Öğretmenliği,İstanbul,SÖZ,416.66,428.52,50,50,3290
İstanbul Medeniyet Üniversitesi,Sınıf Öğretmenliği,İstanbul,SÖZ,419.54,428.06,40,40,3195
İstanbul Medeniyet Üniversitesi,İlahiyat,İstanbul,SÖZ,404.66,418.14,60,60,38478
İstanbul Medeniyet Üniversitesi,Arap Dili ve Edebiyatı,İstanbul,SÖZ,395.71,404.74,30,30,897062
İstanbul Medeniyet Üniversitesi,İngiliz Dili ve Edebiyatı,İstanbul,SÖZ,423.11,431.27,30,30,2128
İstanbul Medeniyet Üniversitesi,Fransız Dili ve Edebiyatı,İstanbul,SÖZ,405.5,421.41,20,20,27060
İstanbul Medeniyet Üniversitesi,Alman Dili ve Edebiyatı,İstanbul,SÖZ,405.16,415.84,30,30,30801
İstanbul Medeniyet Üniversitesi,Japon Dili ve Edebiyatı,İstanbul,SÖZ,413.94,427.76,30,30,5473
İstanbul Medeniyet Üniversitesi,Çin Dili ve Edebiyatı,İstanbul,SÖZ,409.36,419.64,30,30,11078
İstanbul Medeniyet Üniversitesi,Gazetecilik,İstanbul,SÖZ,415.84,425.13,50,50,4614
İstanbul Medeniyet Üniversitesi,Radyo Televizyon ve Sinema,İstanbul,SÖZ,413.55,423.78,60,60,6086
İstanbul Medeniyet Üniversitesi,Halkla İlişkiler ve Tanıtım,İstanbul,SÖZ,415.13,425.98,60,60,4833
İstanbul Medeniyet Üniversitesi,İletişim Tasarımı,İstanbul,SÖZ,414.21,423.03,40,40,5719
Mimar Sinan Güzel Sanatlar Üniversitesi,Bilgisayar Mühendisliği,İstanbul,SAY,550.85,562.79,80,80,100
Mimar Sinan Güzel Sanatlar Üniversitesi,Elektrik-Elektronik Mühendisliği,İstanbul,SAY,543.9,557.55,70,70,100
Mimar Sinan Güzel Sanatlar Üniversitesi,Makine Mühendisliği,İstanbul,SAY,537.6,547.2,80,80,100
Mimar Sinan Güzel Sanatlar Üniversitesi,İnşaat Mühendisliği,İstanbul,SAY,530.25,541.18,90,90,100
Mimar Sinan Güzel Sanatlar Üniversitesi,Endüstri Mühendisliği,İstanbul,SAY,535.5,549.53,60,60,100
Mimar Sinan Güzel Sanatlar Üniversitesi,Kimya Mühendisliği,İstanbul,SAY,525.0,534.74,60,60,112
Mimar Sinan Güzel Sanatlar Üniversitesi,Mekatronik Mühendisliği,İstanbul,SAY,517.28,531.99,60,60,103
Mimar Sinan Güzel Sanatlar Üniversitesi,Yazılım Mühendisliği,İstanbul,SAY,522.9,536.09,40,40,114
Mimar Sinan Güzel Sanatlar Üniversitesi,Biyomedikal Mühendisliği,İstanbul,SAY,514.5,530.08,30,30,124
Mimar Sinan Güzel Sanatlar Üniversitesi,Çevre Mühendisliği,İstanbul,SAY,502.24,516.83,50,50,143
Mimar Sinan Güzel Sanatlar Üniversitesi,Gıda Mühendisliği,İstanbul,SAY,495.56,505.07,50,50,171
Mimar Sinan Güzel Sanatlar Üniversitesi,Jeoloji Mühendisliği,İstanbul,SAY,484.43,498.85,30,30,215
Mimar Sinan Güzel Sanatlar Üniversitesi,Maden Mühendisliği,İstanbul,SAY,475.47,490.17,40,40,218
Mimar Sinan Güzel Sanatlar Üniversitesi,Metalurji ve Malzeme Mühendisliği,İstanbul,SAY,480.9,491.04,40,40,189
Mimar Sinan Güzel Sanatlar Üniversitesi,Tekstil Mühendisliği,İstanbul,SAY,471.36,484.18,30,30,239
Mimar Sinan Güzel Sanatlar Üniversitesi,Fizik,İstanbul,SAY,491.48,502.34,60,60,165
Mimar Sinan Güzel Sanatlar Üniversitesi,Kimya,İstanbul,SAY,487.25,497.05,60,60,203
Mimar Sinan Güzel Sanatlar Üniversitesi,Matematik,İstanbul,SAY,498.75,508.63,60,60,158
Mimar Sinan Güzel Sanatlar Üniversitesi,İstatistik,İstanbul,SAY,495.6,504.59,50,50,162
Mimar Sinan Güzel Sanatlar Üniversitesi,Biyoloji,İstanbul,SAY,483.0,495.83,60,60,188
Mimar Sinan Güzel Sanatlar Üniversitesi,Moleküler Biyoloji ve Genetik,İstanbul,SAY,512.4,527.54,40,40,107
Mimar Sinan Güzel Sanatlar Üniversitesi,Veteriner,İstanbul,SAY,517.17,529.97,30,30,121
Mimar Sinan Güzel Sanatlar Üniversitesi,Hemşirelik,İstanbul,SAY,491.4,499.93,90,90,189
Mimar Sinan Güzel Sanatlar Üniversitesi,Ebelik,İstanbul,SAY,474.6,484.63,30,30,254
Mimar Sinan Güzel Sanatlar Üniversitesi,Fizyoterapi ve Rehabilitasyon,İstanbul,SAY,499.98,515.46,40,40,164
Mimar Sinan Güzel Sanatlar Üniversitesi,Beslenme ve Diyetetik,İstanbul,SAY,495.6,506.85,40,40,140
Mimar Sinan Güzel Sanatlar Üniversitesi,Mimarlık,İstanbul,SAY,522.27,534.84,50,50,100
Mimar Sinan Güzel Sanatlar Üniversitesi,Şehir ve Bölge Planlama,İstanbul,SAY,501.9,515.69,30,30,147
Mimar Sinan Güzel Sanatlar Üniversitesi,Peyzaj Mimarlığı,İstanbul,SAY,482.66,493.78,40,40,229
Mimar Sinan Güzel Sanatlar Üniversitesi,Orman Mühendisliği,İstanbul,SAY,471.65,485.82,30,30,271
Mimar Sinan Güzel Sanatlar Üniversitesi,Ziraat Mühendisliği,İstanbul,SAY,470.4,481.1,40,40,321
Mimar Sinan Güzel Sanatlar Üniversitesi,Tarım Ekonomisi,İstanbul,SAY,462.0,475.57,40,40,335
Mimar Sinan Güzel Sanatlar Üniversitesi,İşletme,İstanbul,EA,519.75,531.47,90,90,112
Mimar Sinan Güzel Sanatlar Üniversitesi,İktisat,İstanbul,EA,511.69,527.57,90,90,127
Mimar Sinan Güzel Sanatlar Üniversitesi,Maliye,İstanbul,EA,504.0,515.69,60,60,145
Mimar Sinan Güzel Sanatlar Üniversitesi,Kamu Yönetimi,İstanbul,EA,497.72,513.29,50,50,177
Mimar Sinan Güzel Sanatlar Üniversitesi,Uluslararası İlişkiler,İstanbul,EA,522.9,531.43,70,70,100
Mimar Sinan Güzel Sanatlar Üniversitesi,Siyaset Bilimi ve Kamu Yönetimi,İstanbul,EA,512.22,527.69,50,50,120
Mimar Sinan Güzel Sanatlar Üniversitesi,Çalışma Ekonomisi ve Endüstri İlişkileri,İstanbul,EA,491.32,503.15,30,30,162
Mimar Sinan Güzel Sanatlar Üniversitesi,Uluslararası Ticaret ve Lojistik,İstanbul,EA,498.97,514.33,60,60,144
Mimar Sinan Güzel Sanatlar Üniversitesi,Bankacılık ve Finans,İstanbul,EA,506.1,519.98,50,50,153
Mimar Sinan Güzel Sanatlar Üniversitesi,Muhasebe ve Finansal Yönetim,İstanbul,EA,491.4,506.44,50,50,195
Mimar Sinan Güzel Sanatlar Üniversitesi,Turizm İşletmeciliği,İstanbul,EA,477.75,489.04,50,50,266
Mimar Sinan Güzel Sanatlar Üniversitesi,Gastronomi ve Mutfak Sanatları,İstanbul,EA,468.81,479.31,30,30,330
Mimar Sinan Güzel Sanatlar Üniversitesi,Sosyoloji,İstanbul,EA,485.1,498.29,50,50,189
Mimar Sinan Güzel Sanatlar Üniversitesi,Psikoloji,İstanbul,EA,521.68,537.46,50,50,116
Mimar Sinan Güzel Sanatlar Üniversitesi,Tarih,İstanbul,EA,477.75,491.1,50,50,212
Mimar Sinan Güzel Sanatlar Üniversitesi,Coğrafya,İstanbul,EA,464.1,478.13,40,40,285
Mimar Sinan Güzel Sanatlar Üniversitesi,Felsefe,İstanbul,EA,482.64,493.45,30,30,237
Mimar Sinan Güzel Sanatlar Üniversitesi,Arkeoloji,İstanbul,EA,474.6,486.72,40,40,267
Mimar Sinan Güzel Sanatlar Üniversitesi,Sanat Tarihi,İstanbul,EA,469.9,480.09,40,40,296
Mimar Sinan Güzel Sanatlar Üniversitesi,Sosyal Hizmet,İstanbul,EA,482.72,494.68,60,60,192
Mimar Sinan Güzel Sanatlar Üniversitesi,Türk Dili ve Edebiyatı,İstanbul,SÖZ,485.1,500.28,50,50,199
Mimar Sinan Güzel Sanatlar Üniversitesi,Türk Dili ve Edebiyatı Öğretmenliği,İstanbul,SÖZ,491.4,500.47,40,40,194
Mimar Sinan Güzel Sanatlar Üniversitesi,İngilizce Öğretmenliği,İstanbul,SÖZ,498.75,511.74,40,40,154
Mimar Sinan Güzel Sanatlar Üniversitesi,Almanca Öğretmenliği,İstanbul,SÖZ,477.06,485.67,30,30,268
Mimar Sinan Güzel Sanatlar Üniversitesi,Fransızca Öğretmenliği,İstanbul,SÖZ,471.76,481.36,30,30,263
Mimar Sinan Güzel Sanatlar Üniversitesi,Rehberlik ve Psikolojik Danışmanlık,İstanbul,SÖZ,502.09,514.71,30,30,166
Mimar Sinan Güzel Sanatlar Üniversitesi,Okul Öncesi Öğretmenliği,İstanbul,SÖZ,485.1,495.03,50,50,193
Mimar Sinan Güzel Sanatlar Üniversitesi,Sınıf Öğretmenliği,İstanbul,SÖZ,491.4,506.89,50,50,172
Mimar Sinan Güzel Sanatlar Üniversitesi,İlahiyat,İstanbul,SÖZ,468.41,479.19,70,70,274
Mimar Sinan Güzel Sanatlar Üniversitesi,Arap Dili ve Edebiyatı,İstanbul,SÖZ,462.0,470.74,40,40,309
Mimar Sinan Güzel Sanatlar Üniversitesi,İngiliz Dili ve Edebiyatı,İstanbul,SÖZ,493.5,503.03,40,40,179
Mimar Sinan Güzel Sanatlar Üniversitesi,Fransız Dili ve Edebiyatı,İstanbul,SÖZ,472.5,486.77,20,20,252
Mimar Sinan Güzel Sanatlar Üniversitesi,Alman Dili ve Edebiyatı,İstanbul,SÖZ,470.4,479.59,20,20,240
Mimar Sinan Güzel Sanatlar Üniversitesi,Japon Dili ve Edebiyatı,İstanbul,SÖZ,478.97,492.93,20,20,214
Mimar Sinan Güzel Sanatlar Üniversitesi,Çin Dili ve Edebiyatı,İstanbul,SÖZ,477.75,491.15,20,20,239
Mimar Sinan Güzel Sanatlar Üniversitesi,Gazetecilik,İstanbul,SÖZ,486.68,496.35,70,70,186
Mimar Sinan Güzel Sanatlar Üniversitesi,Radyo Televizyon ve Sinema,İstanbul,SÖZ,485.1,496.15,50,50,225
Mimar Sinan Güzel Sanatlar Üniversitesi,Halkla İlişkiler ve Tanıtım,İstanbul,SÖZ,478.12,489.6,60,60,256
Mimar Sinan Güzel Sanatlar Üniversitesi,İletişim Tasarımı,İstanbul,SÖZ,481.05,491.04,30,30,223
Galatasaray Üniversitesi,Bilgisayar Mühendisliği,İstanbul,SAY,551.25,560.32,60,60,100
Galatasaray Üniversitesi,Elektrik-Elektronik Mühendisliği,İstanbul,SAY,543.9,554.62,80,80,100
Galatasaray Üniversitesi,Makine Mühendisliği,İstanbul,SAY,537.6,553.39,80,80,100
Galatasaray Üniversitesi,İnşaat Mühendisliği,İstanbul,SAY,530.25,544.71,80,80,106
Galatasaray Üniversitesi,Endüstri Mühendisliği,İstanbul,SAY,535.5,550.87,60,60,100
Galatasaray Üniversitesi,Kimya Mühendisliği,İstanbul,SAY,525.0,536.42,60,60,112
Galatasaray Üniversitesi,Mekatronik Mühendisliği,İstanbul,SAY,519.75,530.36,50,50,102
Galatasaray Üniversitesi,Yazılım Mühendisliği,İstanbul,SAY,522.9,534.14,50,50,100
Galatasaray Üniversitesi,Biyomedikal Mühendisliği,İstanbul,SAY,514.5,526.68,40,40,100
Galatasaray Üniversitesi,Çevre Mühendisliği,İstanbul,SAY,504.0,514.72,60,60,124
Galatasaray Üniversitesi,Gıda Mühendisliği,İstanbul,SAY,495.6,511.08,60,60,186
Galatasaray Üniversitesi,Jeoloji Mühendisliği,İstanbul,SAY,485.1,496.32,40,40,193
Galatasaray Üniversitesi,Maden Mühendisliği,İstanbul,SAY,477.75,490.46,30,30,244
Galatasaray Üniversitesi,Metalurji ve Malzeme Mühendisliği,İstanbul,SAY,480.9,494.51,40,40,217
Galatasaray Üniversitesi,Tekstil Mühendisliği,İstanbul,SAY,472.5,487.48,30,30,297
Galatasaray Üniversitesi,Fizik,İstanbul,SAY,493.5,508.27,60,60,176
Galatasaray Üniversitesi,Kimya,İstanbul,SAY,488.25,503.96,60,60,171
Galatasaray Üniversitesi,Matematik,İstanbul,SAY,498.75,514.36,50,50,173
Galatasaray Üniversitesi,İstatistik,İstanbul,SAY,495.6,507.44,50,50,156
Galatasaray Üniversitesi,Biyoloji,İstanbul,SAY,483.0,496.22,60,60,183
Galatasaray Üniversitesi,Moleküler Biyoloji ve Genetik,İstanbul,SAY,512.4,520.56,30,30,107
Galatasaray Üniversitesi,Veteriner,İstanbul,SAY,519.75,532.25,30,30,115
Galatasaray Üniversitesi,Hemşirelik,İstanbul,SAY,491.4,501.06,80,80,201
Galatasaray Üniversitesi,Ebelik,İstanbul,SAY,474.6,486.08,30,30,256
Galatasaray Üniversitesi,Fizyoterapi ve Rehabilitasyon,İstanbul,SAY,501.9,517.31,40,40,137
Galatasaray Üniversitesi,Beslenme ve Diyetetik,İstanbul,SAY,495.6,509.85,40,40,158
Galatasaray Üniversitesi,Şehir ve Bölge Planlama,İstanbul,SAY,501.9,511.73,30,30,138
Galatasaray Üniversitesi,Peyzaj Mimarlığı,İstanbul,SAY,485.1,499.1,30,30,186
Galatasaray Üniversitesi,Orman Mühendisliği,İstanbul,SAY,474.6,483.18,40,40,280
Galatasaray Üniversitesi,Ziraat Mühendisliği,İstanbul,SAY,470.4,481.05,50,50,278
Galatasaray Üniversitesi,Tarım Ekonomisi,İstanbul,SAY,462.0,471.04,40,40,308
Galatasaray Üniversitesi,İşletme,İstanbul,EA,519.75,532.06,90,90,120
Galatasaray Üniversitesi,İktisat,İstanbul,EA,514.5,523.88,90,90,113
Galatasaray Üniversitesi,Maliye,İstanbul,EA,504.0,518.32,60,60,145
Galatasaray Üniversitesi,Kamu Yönetimi,İstanbul,EA,498.75,511.92,60,60,157
Galatasaray Üniversitesi,Uluslararası İlişkiler,İstanbul,EA,522.9,535.37,50,50,100
Galatasaray Üniversitesi,Hukuk,İstanbul,EA,535.5,546.31,90,90,100
Galatasaray Üniversitesi,Siyaset Bilimi ve Kamu Yönetimi,İstanbul,EA,512.4,521.04,50,50,131
Galatasaray Üniversitesi,Çalışma Ekonomisi ve Endüstri İlişkileri,İstanbul,EA,493.5,506.31,40,40,148
Galatasaray Üniversitesi,Uluslararası Ticaret ve Lojistik,İstanbul,EA,501.9,509.91,70,70,136
Galatasaray Üniversitesi,Bankacılık ve Finans,İstanbul,EA,506.1,515.28,60,60,149
Galatasaray Üniversitesi,Muhasebe ve Finansal Yönetim,İstanbul,EA,491.4,503.59,40,40,190
Galatasaray Üniversitesi,Turizm İşletmeciliği,İstanbul,EA,477.75,488.37,70,70,211
Galatasaray Üniversitesi,Gastronomi ve Mutfak Sanatları,İstanbul,EA,470.4,480.13,30,30,266
Galatasaray Üniversitesi,Sosyoloji,İstanbul,EA,485.1,495.17,60,60,201
Galatasaray Üniversitesi,Psikoloji,İstanbul,EA,522.9,536.65,60,60,100
Galatasaray Üniversitesi,Tarih,İstanbul,EA,477.75,486.95,50,50,217
Galatasaray Üniversitesi,Coğrafya,İstanbul,EA,464.1,475.91,40,40,369
Galatasaray Üniversitesi,Felsefe,İstanbul,EA,483.0,492.76,30,30,186
Galatasaray Üniversitesi,Arkeoloji,İstanbul,EA,474.6,485.46,30,30,252
Galatasaray Üniversitesi,Sanat Tarihi,İstanbul,EA,470.4,485.52,40,40,273
Galatasaray Üniversitesi,Sosyal Hizmet,İstanbul,EA,485.1,495.61,60,60,173
Galatasaray Üniversitesi,Türk Dili ve Edebiyatı,İstanbul,SÖZ,485.1,500.42,60,60,207
Galatasaray Üniversitesi,Türk Dili ve Edebiyatı Öğretmenliği,İstanbul,SÖZ,491.4,503.37,30,30,191
Galatasaray Üniversitesi,İngilizce Öğretmenliği,İstanbul,SÖZ,498.75,509.04,30,30,141
Galatasaray Üniversitesi,Almanca Öğretmenliği,İstanbul,SÖZ,477.75,488.42,30,30,243
Galatasaray Üniversitesi,Fransızca Öğretmenliği,İstanbul,SÖZ,474.6,486.28,30,30,236
Galatasaray Üniversitesi,Rehberlik ve Psikolojik Danışmanlık,İstanbul,SÖZ,504.0,518.03,30,30,129
Galatasaray Üniversitesi,Okul Öncesi Öğretmenliği,İstanbul,SÖZ,485.1,496.9,60,60,172
Galatasaray Üniversitesi,Sınıf Öğretmenliği,İstanbul,SÖZ,491.4,506.33,50,50,172
Galatasaray Üniversitesi,İlahiyat,İstanbul,SÖZ,470.4,481.96,60,60,257
Galatasaray Üniversitesi,Arap Dili ve Edebiyatı,İstanbul,SÖZ,462.0,473.77,40,40,324
Galatasaray Üniversitesi,İngiliz Dili ve Edebiyatı,İstanbul,SÖZ,493.5,506.21,40,40,184
Galatasaray Üniversitesi,Fransız Dili ve Edebiyatı,İstanbul,SÖZ,472.5,487.31,30,30,287
Galatasaray Üniversitesi,Alman Dili ve Edebiyatı,İstanbul,SÖZ,470.4,481.26,20,20,283
Galatasaray Üniversitesi,Japon Dili ve Edebiyatı,İstanbul,SÖZ,480.9,491.01,30,30,203
Galatasaray Üniversitesi,Çin Dili ve Edebiyatı,İstanbul,SÖZ,477.75,490.99,20,20,231
Galatasaray Üniversitesi,Gazetecilik,İstanbul,SÖZ,488.25,503.56,50,50,208
Galatasaray Üniversitesi,Radyo Televizyon ve Sinema,İstanbul,SÖZ,485.1,500.97,60,60,208
Galatasaray Üniversitesi,Halkla İlişkiler ve Tanıtım,İstanbul,SÖZ,480.9,489.01,50,50,250
Galatasaray Üniversitesi,İletişim Tasarımı,İstanbul,SÖZ,483.0,499.0,30,30,224
